feedback_text,is_PRODUCT,is_PRICE,is_SHIPPING,is_SERVICE,is_PLATFORM
giá cả tuyệt vời dể dàng mua sắm,0,1,0,0,0
sản phẩm cắt cổ người ta à đắt như j á tải shopbe được hơn,0,1,0,0,0
100 lừa đảo nhất là ham rẻ free ship,0,1,1,0,0
rất là hài lòng với cửa hàng,0,0,0,1,0
quá oke,1,0,0,0,0
đồ câu đẹp,1,0,0,0,0
liên quan tiền nong mà không mượt mà là không thích rồi,0,1,0,0,1
giao hàng quá tệ quá hạn giao đến 5 ngày mà chả thấy đã động gì dám lấy lý do khách hẹn giao ngày khác để không giao hàng thật là bố láo tiki giờ chỉ giỏi dụ khách hàng cờ bạc tiền ảo,0,0,1,0,1
dạo này có đặt mấy đơn 1 tháng rồi chưa giao mà không hủy đơn được đã trả tiền rồi nữa chứ nhắn tin thì không ai trả lời toàn bắt nói chuyện với ai thôi không khiếu nại được lazada làm ăn không uy tín gì cả sao dám mua hàng nữa,0,0,1,0,0
nhanh tiện lợi,0,0,1,0,0
giá mắc hơn sàn s thấy nhiều hàng gc ít mã voucher nói chung là tệ,0,1,0,0,0
app hay lắm nhá mn nên tải về,0,0,0,0,1
shipper giao hàng vào lúc mà khách không nhận được rồi tự ý hủy giao hàng,0,0,1,0,0
tôi đã đặt mua đơn hàng từ 28 1 2026 đến những 6 2 2026 đơn hàng cứ đến báo sẽ nhận trong 24h sau đó lại delay suốt những 9 ngày nt hỗ trợ thì toàn al trả lời trong vô thức khi tìm đến được nv hỗ trợ thì báo do gọi mình không nghe mình xác nhận không có ai gọi lỗi thuộc về hết bên giao hàng thì nói câu thông cảm bảo đặt lại đơn khác để hết phần thiệt thòi cho khách hàng và cửa hàng bán hàng rival stor thái độ cũng i chang kêu tự đặt lại chứ cũng không hỗ trợ gì chắc nguồn khách các bạn đã quán hiều,0,0,1,0,0
quảng cáo nhiều như bán đắt hơn các sàn khác nhiều quá ít khuyến mãi,0,1,0,0,0
hàng đúng chất lượng và xài tốt,1,0,0,0,0
quá tệ còn lừa đảo lần đầu deal cho người mới giảm 100k mà không cho đặt đặt xong khoá tài khoản,1,1,0,0,0
muốn đặt hàng mà chat với cửa hàng mấy ngày không ai hồi âm cả vậy sao mà biết để đặt hàng tiếp tục đây,0,0,1,1,0
chắc tao điên mất thôi muốn gặp trực tiếp nhân viên hỗ trợ để trao đổi 1 số vấn đề mà cái trợ lý ai tép thám tử nó hỏi tao tận cả chục câu vẫn không cho tao gặp nhân viên hỗ trợ chúng mày bị điên à tắt mịa giúp tao cái tép rác rưởi đó dùm tao cái nha lần nào muốn tư vẫn cũng vì cái ai này làm tao nổi khùng cả,1,0,0,1,0
nhanh,0,0,1,0,0
tiki chuẩn bị hàng rất lâu rất kỳ cục nha,0,0,1,0,1
bán đắt thí mẹ luôn má mua có cái động cơ đồ chơi bên lazada có 10k mà bên đây nó bán mấy trăm ngàn luôn,1,1,0,0,1
wow you can play or tiki,0,0,0,0,1
đặt hàng từ 2 11 dự kiến 7 11 có tới ngày 10 11 không thấy vào kiểm trà thì thời gian dự kiến thành 11 11 qua ngày 11 11 nó hủy đơn hàng méo giao là sao nữa bấm vào hỗn hợp trợ thì chat lazada nó bị ngu không giải quyết được cái gì cái app như qq nên qua các nền tảng khác mua đồ cho đỡ tức nhé,1,0,1,1,1
nhiều quảng cáo trên ứng dụng,0,0,0,0,1
cũng ngon,1,0,0,0,0
giao hàng nhanh ghê 2h sau là có rồi khuyến mãi nhiều đáng tin cậy,0,1,1,0,0
app lỗi không vô được,0,0,0,0,1
cho voucher mà sử dụng toàn bị hủy,0,1,0,0,0
cứ thích là cr01 không cho khách hàng mua đồ à làm ăn kiểu gì thế,1,0,0,0,0
mua hàng bình thường mà bảo là bất thường không cho đặc hàng mình thấy app bất ổn hổ trợ khách hàng cũng không giúp được gì chán thật,1,0,0,0,1
làm ăn bố láo không tôn trọng khách hàng bảo sao làm ăn thua lỗ đáng lắm,0,0,0,0,0
tốt và thuận tiện,0,0,0,0,0
ok phết mỗi tội là tuyển ship bên đây không được tận tâm ô nào cũng vô duyên ak,1,0,1,0,0
má cho vch người mới còn còn bị lỗi này lỗi kia nhất quyết không cho đặt mặc dù t tạo đúng 2 acc 2 sdt khác nhau,1,0,0,0,1
ok nên thử vì toàn đồ rẻ và ngon mà không có lừa đảo hay các chiêu chò gì hết 5,1,1,0,0,0
mua hàng trên lazada rất tốt khởi lo bị nhà bán hang gạt đổi trả thói may cảm ơn lazada,0,0,0,0,1
cũng ổn nhưng mà mình thấy nếu đơn hàng bị hủy mà do bên cửa hàng á thì nên bắt cửa hàng bồi thường cho người mua kiểu như bên tik tok cửa hàng á với lại khi giao hàng trễ thì nên tặng voucher giảm giá tối thiểu 0đ chứ giao trễ mà đưa cái voucher giảm 15k cho đơn 100k,1,1,1,1,0
tệ vô cùng cm ạ đẩy toàn hàng nhái hàng dỏm kém chất lượng làm quà cho người mới quà tặng cho người mới nó hủy hết cm không có nhận được đâu mà quà toàn là mấy hãng nhái kém chất lượng chịu app thật,1,0,1,0,1
có những khách hàng mới vào thủ tục đăng ký quá rườm rà,1,0,0,0,0
không mua được,0,0,0,0,0
acc mới mua mỗi cái sdp xong cũng bị cr01 thì chịu hẳn r,1,0,0,0,0
ủa rồi mắc gì cái app qua nay cứ nâng cấp vầy riết vậy đơn hàng báo giao từ 31 12 mà tới nay không thấy gọi nhưng lại ghi nhận giao không thành công lần 2,0,1,1,1,1
mua hàng nhắn tin không trả lời đặt size này giao size kia mua màu này giao màu nọ vải này giao vải nọ chán,0,0,0,0,0
cái nền tảng gì không biết hàng ra gì không mà giá cao hơn nền tảng khác rất nhiều thì chúng mày đưa về nhà mà xài,1,1,0,0,0
ae tốt,0,0,0,0,0
hoàn hàng nhưng 2 tháng rồi không hoàn tiền cho khách,0,1,0,0,0
chấm hỏi thiệt chứ lần đầu tải về đăng kí tk hệ thống báo là tk bị khóa ngộ v,0,0,0,0,0
rẻ mà hay,0,1,0,0,0
khá là ok,0,0,0,0,0
mấy app khác quảng cáo nhiều quá ghét nên cho 1 sao,0,0,0,0,1
giúp tôi mua được nhiều đồ,1,0,0,0,0
lag quay vòg vòg bắt người ta xác nhận gửi mã về nhập vào i hệt thì không được mất sđt nên mới đổi số khác mà cứ bắt xác nhận gửi mã về số đó ma coi hả cái app lờ này sập sớm dùm cái,1,0,1,0,1
đã từng cho 5 sao nhưng giờ cảm thấy rất thất vọng giao sai hàng là lỗi của tiki mà kiếu nại giải quyết mãi không xong đến khi thông báo có ng đến thu hồi thì chờ mòn cổ không ai đến rồi đùng cái nhận được cái email báo là hủy thu hồi do thu hồi 3 lần không thành công ủa không ai gọi không ai đến xong bảo không thành công tiki làm việc thiếu trách nhiệm không tôn trọng khách hàng chẳng qua 1 sao là thấp nhất chứ nếu có âm sao thì chắc chắc t sẽ cho âm,0,0,1,1,1
app siêu lag siêu chậm mua sắm online kiểu này thua thua xa shopee lazada,0,0,1,1,1
mới tạo tk xog bị khóa là sao xin 1 lời giải thích,1,0,0,0,0
rất phiền,0,0,0,0,0
đơn vị vận chuyện tiki giao hàng quá lâu gần 1 tuần mới giao hàng đến nhà quá tệ cực kì quá tệ,1,0,1,0,1
có shiper đọa sẽ mua hàng rẻ tiền thì sẽ không ship cho,0,1,1,0,0
giao hàng đúng hẹn hàng chất lượng giá hấp dẫn,1,1,1,0,0
làm ăn như,0,0,0,0,0
dạo này lazada mất dạy lắm đơn hàng được giảm tiền vào thanh toán thì không được bắt trả giá gốc nt với cửa hàng thì kêu mình đổi nick khác xem có bị không đổi thì hiện lỗi tiếp báo trùng địa chỉ hoặc mua nhiều đơn trong khi t chỉ mua 1 món thanh toán trước để app mã cũng không cho bộ bị khùng ha gì,1,1,1,1,1
không cho hoàn hàng,0,0,0,0,0
sản phâ m nhìn cu ng ok nhưng hơi mong manh nha cửa hàng,0,0,0,1,0
hàng mua quà shopee chuẩn,0,0,0,1,1
shopee săn sale rất tốt và nhiều mã ngon,1,1,0,1,1
app càng ngày càng tệ load chậm thanh toán onl thì cứ báo khoing có mạng trong khi 4g full app nào cũng load nhanh,1,0,1,0,1
ok tốt uy tín,0,0,0,0,0
toàn giao đơn đi lung tung,0,0,0,0,0
ôi giời ơi lazada tôi còn chưa có thẻ đen có chưa hả hả,0,0,0,0,1
chả biết mọi người trải nghiệm ra sao riêng tui thấy thứ 1 giá vận chuyển so với lazada va shoppe ổn hơn nhiu thứ 2 được kiểm tra hàng trong khi 2 cửa hàng kia không cho kiểm hàng bảo là được phép đổi trả mà liên hệ 8 năm chả thấy đổi nên mua gi cũng mua bên tiki giá hàng bên này cũng ổn,1,1,1,1,1
sử lý hàng rất lâu kém không nên dùng,1,0,1,0,0
sài tốt hơn,0,0,0,0,0
cũng ổn nhưng quảng cáo hơi nhiều,1,0,0,0,0
thật sự rất tệ,0,0,0,0,0
nhiều món đồ ngon bổ rẻ,1,1,0,0,0
cho nhiều voucher,0,1,0,0,0
shopee bây giờ rất uy tín mọi người ủng hộ cho shopee nhé,0,0,0,1,1
vẫn lựa chọn chân ái,0,0,0,0,0
tệ đơn vị vận chuyển làm ăn như gì v cầm nhầm đơn t sáng kq khác trong khi mấy lần trước giao rất bth giờ thì cầm nhầm xong còn bảo t ghi địa chỉ sai nữa,0,0,1,0,0
giao diện hơi khó dùng,1,0,0,0,1
đăng nhập lỗi,0,0,0,0,1
mình thấy bình luận phản ánh nhiều quá mình mong app hỗ trợ nhiệt tình,0,0,0,1,1
mẹ thề phải tuyệt vọng lắm mới tìm đến tiki tốt với nhanh chả thấy đâu voucher cho người mới mò hoài không thấy giảm giá thì ít nói chung shoppe với laz ngon hơn nhiều tìm quả sách bên shoppe với laz bán hết r mới sang tiki trời má bán đắt gấp đôi nói chung là tiki tệ,1,1,1,1,1
đặt hoả tốc và đơn bth cùng 1 lúc đều ở tphcm chx kể đơn giao bth thì đặt sau đơn hoả tốc 1 ngày đơn hoả tốc giao chậm hơn đơn bth mà đắt hơn mấy trăm chả hiểu,0,1,1,0,0
không hề có một vuocher nào để mà aap vô sản phẩm tìm được voucher thì lại phải mua thêm sản phẩm nói chung khắc phục vấn đề này đi,1,1,0,0,0
tài khoản dễ bị khóa không rõ lý do gửi mã xác minh muộn tôi cảm thấy phiền gỡ ngay ứng dụng khi không sử dụng được bye,0,0,0,0,1
đúng hẹn cảm ơn,0,0,0,0,0
trang hỗ trợ thì đưa ra con ai ngu chả được tích sự gì,0,0,0,1,0
mã cho kh mới giờ lên đơn 99k quá tệ,1,0,0,0,0
tiki giao đồ tốt đúng thời hẹn nhưng có một số shipper đặt giao tới nhà mà không giao tới bắt phải đi xa để lấy,1,0,1,0,1
nhanh tốt,0,0,1,0,0
rất hay những mặt hàng cần thiết giao hàng nhanh,0,0,1,0,0
nhanh gọn lẹ,0,0,1,0,0
shipper chỉ rình trả hàng của khách chứ không thèm ship,0,0,1,0,0
ae không nên tải phí thời gian hàng giao về không dùng được,1,1,0,0,0
cho lazada 5 sao luôn mong lazada cho nhiều mã free ship nha lazada cute phô mai phee yêu yêu quý,0,0,1,0,1
rất tệ nha không nên xài,1,0,0,0,0
khoá tài khoản không lí do,0,0,0,0,0
cái sàn thương mại xem thường khách hàng nhất trên các sàn luôn nha giao hàng hư mà trả hàng còn cực hơn gặp tổng thống nữa giải quyết hẹn hết ngày này qua ngày nọ xem thường thời gian của khách hàng,0,0,1,1,0
rất uy tín nhé,0,0,0,0,0
ứng dụng rất phiền thông báo rất nhiều,0,0,0,0,1
đăng kí shopee vip được nhận mã miễn phí 3 tháng chat gpt go vậy tại sao đk chat gpt go lại bị trừ tiền,0,1,1,1,1
mua hàng nhanh tin cậy hơn,0,0,1,0,0
mong ti ki đem lại trải nghiệm cho khách hàng nhiều hơn về vấn đề bảo hành sản phẩm được nhanh hơn đe sử dụng,1,0,1,0,1
rất ghe,0,0,0,0,0
app không đăng nhập vào được nữa còn rất nhiều astra chưa dùng,1,0,0,0,1
chưa mua lần nào,0,0,0,0,0
sóp bi ăn bả cho,0,0,0,0,0
sau nhiều năm trải nghiệm mua sắm trên nhiều sàn khác nhau tôi thấy shopee rất biết cách chiều lòng khách hàng,0,0,0,1,1
như đb suốt ngày cập nhật,0,0,1,0,0
quảng cáo lắm phiền,0,0,0,0,0
cập nhật khó nhưng vẫn tốt,0,0,0,0,0
đặt 4 5 đơn shippher gọi alo mà shipper không tl r tự ý hủy đơn hàng không giao ns chung là tệ,0,0,1,1,0
100 điểm không có nhưng nha,0,0,0,0,0
app dễ chs đăng nhập nhanh thấy rất là tốt,0,0,1,0,1
xác minh danh tính thì xác minh mãi không được mà cứ bắt xác minh hoài riết không đặt được một đơn,0,0,0,0,0
quá mệt mỏi với việc 5 phút tự động đăng xuất một lần,0,1,0,0,0
sản phẩm này được giới thiệu tới tôi bởi hội cuồng tai nghe true wireless dưới sự lãnh đạo của huy bt 5 0 người được mệnh danh là chiến thần đu đỉnh cũng giống như kingsman một tổ chức tình báo tư nhân được thành lập để bảo vệ thế giới hoạt động dưới vỏ bọc một tiệm may thì cuồng tai nghe true wireless hoạt động dưới vỏ bọc các tín đồ tai nghe nhưng thực chất giúp mọi người cùng đu đỉnh săn sale các đặc vụ của tổ chức này liên lạc với nhau dưới bí danh ct,1,1,0,0,0
tam ok,0,0,0,0,0
app khó dùng mua đơn không áp được mã nào chỉ được free ship,1,0,1,0,1
làm ơn hãy thêm giao diện tối,0,0,0,0,1
ghim hàng của người ta cả tuần không chịu giao mà thấy kích sale quài kích sale mà sao không giao hàng,0,1,1,0,0
dùng rất ổn thỉnh thoảng lag nhma load lại thì vẫn dùng okla tổng thể 9 5 10,1,0,0,0,1
rất hài lòng với lazada,0,0,0,0,1
khuyên mn không nên thanh toán online trước sàn cũng gọi là to nhất nhì việt nam đấy nhưng đến lúc thanh toán thì xoay ngư chong chóng mạng mobile 5g,1,0,0,1,0
mua sắm thuận tiện,0,0,0,0,0
lazada dạo này thật sự quá là vô lý đăng nhập tài khoản kêu là tài khoản của bạn bị khóa vì lý do bảo mật ull cc gì đấy không rõ nữa lấy sdt để tạo tài khoản mới cũng kêu là tài khoản bị khóa vì lý do bảo mật lấy sdt khác tạo cũng vẫn bị nãy giờ tao bị khóa 6 cái tài khoản rồi đó nha lazada ạ tôi khuyên những anh em nào đang có ý định tải app về sử dụng mua hàng thì tốt nhất đừng tải tải về cũng không đăng ký đăng nhập được tài khoản đâu chỉ tốn dung lượng tốn thời gian của anh em mà thôi,1,0,0,0,1
chính sách hoàn tiền trả hàng không đúng như mong đợi khi nhập thông tin tài khoản để hoàn trả thì không cho nhập đầy đủ họ tên mà chỉ cho nhập tên lót ảnh hưởng đến việc hoàn tiền thay vì hỗ trợ và khắc phục thì lazada quyết định sẽ hoàn tiền mặt nhưng chỉ thông báo chứ không hoàn tiền tôi thấy thất vọng khi đã tin tưởng vào ứng dụng này,0,1,0,1,1
hàng hóa không đa dạng phí giao hàng ngày càng đắt,0,1,1,0,0
app ok,0,0,0,0,1
không đặt hàng 2 tháng không mở app 1 tháng tới 12 12 mở app săn sale tự nhiên hiện lỗi cr01 hỏi cskh thì trở lời vòng vo kêu lỗi hệ thống không biết chi tiết lỗi gì cũng không chỉ cách khắc phục không biết khi nào hết lỗi luôn,1,1,0,0,1
đắt không dùng được điểm thưởng lazadareward,1,1,0,0,1
rat tốt,0,0,0,0,0
mua hàng bên shopee sử lý đơn hàng rất ok và luôn bảo vệ người tiêu dùng nhưng đôi khi vẫn chưa quản lý được chất lượng sản phẩm của các cửa hàng nên vẫn còn nhiều sản phẩm kém chất hàng giả hàng nhái,1,0,1,1,1
làm ăn lằng nhằng,0,0,0,0,0
4 84 1 tạm ổn vì ít voucher,0,1,0,0,0
quảng cáo đâu ra lắm thế không biết có ai mặn mà gì ứng dụng rác kiểu này đâu không lo phát triển app suốt ngày chỉ quảng cáo,0,0,1,0,1
tại sao khi đặc hàng thông tin đầy đủ mà lazada chưa giao rồi tự hủy đơn là sao vậy,0,0,0,0,1
oke nha,0,0,0,0,0
rất tốt rẻ,0,1,0,0,0
máy của mình tải hơi lâu nên cũng mong nhà phát hành nén dung lượng lại,1,0,1,0,0
bảo hành sản phẩm rất tệ,1,0,0,0,0
love tiki,0,0,0,0,1
không tải shoppe được,0,0,0,1,0
giao hàng nhanh sản phẩm tốt giá còn hơi cao và chưa có sự đa dạng trong nhiều sản phẩm,1,1,1,0,0
tốt quá,0,0,0,0,0
tải quá lâu,0,0,1,0,0
giao hàng thì lâu nhưng hàng thì vẫn không sao nha,0,0,1,0,0
anh em ship ở kho ở đông anh không làm được thì nghỉ việc đi giao cách có 2km mà 15 ngày không giao được cho ngta chịu đấy,0,0,1,0,0
tốt ngưng vận chuyển hơi vỡ nhé,0,0,1,0,0
trientchieurluongs thanks very good,0,0,0,0,0
trải nghiệm rất khó chịu,0,0,0,0,1
không cho mua hàng với voucher giảm giá nói chung như c,0,1,0,0,0
hàng rất xinh,0,0,0,0,0
làm ơn đừng quảng cáo nữa nha shopee t lạy m nhiều,0,0,0,1,1
tôi trả bít nói gì,0,0,0,0,0
thay đổi địa chỉ mặc định không được đơn hàng đặt rồi muốn đổi địa chỉ không có tùy chọn như trước kia,0,0,1,0,0
đặt hàng không thấy điện thoại lấy hàng máy thần giao hàng nhằm khi không giao luôn rồi tự chả về rồi lazada cho gần bơm hàng rồi không cho nhận hàng rồi thanh toán oc chó giao hàng cũng làm biến cmn,1,0,1,0,1
t bị vô ứng dụng hoài phiền chết,0,0,0,0,1
có nhiều ưu đãi,0,0,0,0,0
lúc đầu vào thì cho miễn phí mua 3 món đồ sau 1 ngày thì hủy luôn 3 đơn đó bốc phét màu là giỏi,1,1,1,0,0
rất hài lòng với dịch vụ,0,0,0,0,0
càng ngày làm ăn càng chán mua hàng thì không cho áp mã áp được mã mua thì tự hủy lên kim cương xong mua hàng còn đắt hơn nick không hạng food thì ấn đặt mà không cho hủy ngt lỡ tay ấn vào nút đặt trước khi quán xác nhận thì phải cho ngt hủy chứ xong còn trò flash sale món ăn mà địa chỉ không giao được vẫn cho ngt mua xong kêu không giao được coi như mất tiền không trả lại ngày càng láo lếu,0,1,1,0,0
tiki từng là trang mua sắm hàng đầu việt nam nhưng bây giờ thì không nữa mình thích tiki của năm 2018 và 2019 lúc đó shoppe và lazada vẫn không thịnh hành tiki vào khoảng thời gian đó uy tín và tốt cực kì nếu so sánh thì tiki và các sàn thương mại bây giờ không bằng tiki của 2 năm đó bây giờ mình vào 1 là lỗi hệ thống 2 là phí ship rất rất là cao lun cao đến mức mình không thể tin được đây là tiki hay là trang web đen nữa mình thật sự rất thất vọng tiki vì đã đánh mất đi giá trị,0,1,1,1,1
tạo tk với sdt cũng bị khóa chịu,1,0,0,0,0
ủng hộ tầm nhìn của người việt,0,0,0,0,0
giao hàng nhanh,0,0,1,0,0
nhanh gọn,0,0,1,0,0
cho 5 sao với nhiều cải tiến về đa dạng sản phẩm các chương trình khuyến mại gần đây có nhiều cải tiến phù hợp với nhu cầu của khách hàng,1,0,0,0,0
sao app giờ không thấy chổ xóa hàng trong giỏ thế nhỉ,0,0,0,0,1
app dùng thích mua hàng rẻ và chất lượng nên dùng app này,1,1,0,0,1
tiki mua j cũng có đây các bạn ơi các bạn tải tiki về đi hay lắm đó nha,1,0,0,0,1
ai đời gộp chung sản phẩm của cửa hàng khác vô chung 1 chỗ mua không để ý là mua trúng cửa hàng hãm liền ch kể cửa hàng ngta đang tạm nghỉ bán mà vẫn mua được tới khúc tiện ch ạ,1,0,0,1,0
nếu bật được chế độ nền tối nữa là ok nền sáng chói mắt quá,0,0,0,0,0
bán đồ để 1 giá bấm mua 1 giá khác 82 mà để với giá góc giảm được 1k làm ăn nhôn lừ,1,1,0,0,0
1 hủy đơn không hỏi ý khách hàng quên mất khách hàng là người đã trả tiền 2 hệ thống tổng đài viên trên phần tiki hỗ trợ trả lời cực lâu 3 đơn đặt từ ngày 10 10 đến 30 10 chưa giao lazada shopee giao mấy lượt đơn hàng nhưng tiki vẫn chưa giao 4 không kiểm soát được người bán hàng nên để đăng sản phẩm bán cho khách xong báo nhà bán hàng tạm khoá hoặc không hoạt động 5 hứa hẹn khắc phục thay đổi nhưng không làm được mất tên tuổi thương hiệu vì những việc không đáng,1,1,1,1,1
ứng dụng mua j củng đắt,0,1,0,0,1
chất liệu túi đẹp y như mô tả,1,0,0,0,0
app sv giao hàng lâu vc,0,0,1,0,1
giao nhanh chóng,0,0,1,0,0
rất tốt tuyệt vời 100 điểm cho tiki,0,0,0,0,1
hay nha vừa tiện lợi,0,0,0,0,0
đăng kí đăng ngập loằng ngoằng chê nạnh,0,0,0,0,0
rất ổn,0,0,0,0,0
đăng nhập bảo khoá,0,0,0,0,1
mỗi tội tải hơi lâu,0,0,1,0,0
app cập nhật tình trạng đơn hàng cực chậm giao hàng lâu tìm mục phản ánh lâu toàn phải gọi tổng đài,0,0,1,1,1
hihi đe hay,0,0,0,0,0
hay lắm nha nhanh tay lên để mua hàng rẻ truy cập vào timmagiamgia vn đầy ưu đãi nhất hiện nay,0,1,1,0,0
app rác à tải về đki tk xong khoá tài khoản của ngta luôn,0,0,0,0,1
làm sao để kiếm mã giảm giá trên app vậy,0,1,0,0,1
nick mới vào không có voucher nào còn bị đánh vi phạm cr01 chẳng hiểu kiểu gì,1,1,0,0,0
đặt hàng 22 ngày vẫn chưa thấy giao gọi điện tổng đài cũng không biết hàng đang ở đâu luôn,1,0,1,1,0
lâu rồi mới quay lại laz bảo mua đơn trên 200 được tặng voucher 200 oki mua xong được tặng một đống mua 50 tặng 20 mua 300 tặng 50 cộng lại đủ 200 đi mà m chọn tiếp mấy đơn không đơn nào được add mã kiểu nói một đường làm một nẻo muốn bỏ ghê còn trong choice chọn nó toàn báo sản phẩm không chọn được không biết là lỗi hay do hết hàng nữa mà nếu hết hàng thì đừng có hiển thị chứ nè,1,1,1,0,1
giao diện đẹp,1,0,0,0,1
càng nâng cấp càng phiền phức,0,0,0,0,0
rất tuyệt vời lazada,0,0,0,0,1
lâu lắm mới mua 1 đơn mua xong bị dính cr01 mất hết voucher sàn tmall,1,1,1,0,0
ship tự động hủy đơn hàng của tôi liên hệ laz thì không giải quyết nói rằng ship đã gọi và đã tới nhà tôi tôi hỏi tới thời gian nào thì không trả lời thật sự thất vọng tôi tưởng chỉ ship không trung thực nhưng tôi đã lầm cả công ty không trung thực bao che cho sự dối trá tôi đã xóa app laz,0,0,1,1,1
tôi tin tưởng rất nhiều khi mua sắm hàng tại shoppee đổi trả hàng nhanh chóng và dễ dàng rất uy tín chúc có nhiều khách hàng quan tâm đến shoppe này tôi tin tưởng và chỉ đặt hàng ở shoppe này,0,0,1,1,0
nó có bán nhiều đồ lên múc lun,1,0,0,0,0
shopee rất tốt giá bình ổn được miễn phí ship thường xuyên shipper lại rất nhiệt tình là nơi đáng để mọi người mua sắm,0,1,1,1,1
không tốt chưa hài lòng,0,0,0,0,0
bắt đảm bảo chi chi ná,0,0,0,0,0
tự ý khóa voucher và đánh lỗi cr1,0,1,0,0,1
mình thích sopi,0,0,0,0,0
máy đẹp y hình,1,0,0,0,0
hàng chính hãng rất tốt,1,0,0,0,0
mua có 2 quyển sách shipper kiểu gì đổi thời gian giao cái trả hàng về cho nhà bán luôn khách chưa nói xog tắt cấy rộp,0,0,1,0,0
tự hủy đơn hàng của người khác,0,0,1,0,0
damn quảng cáo giật mình,0,0,0,0,0
bán đồ rẻ,1,1,0,0,0
app nhưng qq,0,0,0,0,1
tốt lắm nha mua sách giao rất nhanh nè,0,0,1,0,0
giá rẻ hơn sàn tk nha còn hay live,0,1,0,0,0
bây giờ toàn chuyển qua mua hàng bên shopee bên shopee có nhiều chính sách miễn phí vận chuyển còn được kiểm hàng trước khi thanh toán nữa thoải mái hơn lazada nhiều,0,1,1,1,1
không free ship giao hàng chậm không có phần đánh giá dịch vụ giao hàng,0,1,1,0,0
đặt giao nhanh 48h 3 ngày vẫn chưa thấy giao,0,0,1,0,0
nhắn tin cho cửa hàng mà không thấy trả lời tự ý hủy đơn hàng không có lý do xong ghi là mình tự hủy 1 lần trải nghiệm tồi tệ,0,0,1,1,1
thích trải nghiệm và thử thách,0,0,0,0,1
app rẻ rách khoá tài khoản người dùng,1,1,0,0,1
tôi mua hàng trên tiki nhưng nhà bán giao thiếu tôi liên hệ tiki xử lý thì tiki treo hơn 14 ngày chưa xử lý ps tiki thông đồng nhà bán tiếp tay lừa đảo,1,0,1,1,1
khó tải áp này quá,0,0,0,0,0
sao vào không được,0,0,0,0,0
61 741 mình muốn mua 3 giàn pháo quả cửa hàng nào bán tư vấn mình lấymình muốn mua 3 giàn pháo 25 quả cửa hàng nào bán tư vấn mình4r x v y y vv gv 7 vv v g 18i8ịịi j854 mình muốn mua 3 giàn pháo 25quả v v v vv f c f vc vc v5v v d3 c v cửa hàng nào bán tư vấn mình lấymình muun m a 3 giàn pháo 25 quả cửa hàng 4 nào bán tư vấn mình lấyv,0,0,0,1,0
giao hàng siêu lâu cập nhật đơn hàng cực kì cẩu thả bộ phận chăm sóc khách hàng làm việc cho có hả trả lời qua loa theo văn mẫu đây chắc lần cuối đặt hàng trên tiki quá,0,0,1,0,1
trải nghiệm ok đổi trả sản phẩm chính hãng ổn gần đây vô app thấy giao diện app bị tiền đình luôn không biết tìm các mục khuyến mãi ở đâu luôn,1,1,0,0,1
đăng nhập và ruong ra,0,0,0,0,1
giao hàng lâu vl từ sg giao tây ninh mà gần 10 ngày chưa nhận được hàng,0,0,1,0,0
đặc hàng mà super không gọi giao hàng 2 lần rồi,0,0,1,1,0
mua hàng trên tiki lần đầu thì bị hủy mà không bt lí do tại sao r sau đó không cho thanh toán khi nhận hàng vậy là nghỉ sài tiki qua shopee vẫn tốt hơn,0,0,1,1,1
mọi thứ đều ok khá hoàn tất nhưng còn vài lỗi nhỏ nói chung ngon,1,0,0,0,1
chính sách chèn ép khách hàng giải quyết vấn đề thì đổ cho khách hàng như này như kia shipper giao hàng thì không ra gì,0,0,1,1,0
đăng nhập rồi tự nhiên bị khóa tài khoản là sao vậy,0,0,0,0,1
tiki làm ăn quá dở mới tải về đã lỗi mua đồ không được quá tệ,1,0,0,0,1
như lôn,0,0,0,0,0
nói chung là ok một số đơn hàng giao quá chậm,0,0,1,0,0
như bùồi,0,0,0,0,0
giá giẻ quá cho năm sao luôn,0,1,0,0,0
chuẩn hàng nhưng giá hơi cao so vs cửa hàng khác,0,1,0,1,0
tự ý hủy đơn vì đặt hàng nhanh,0,0,1,0,0
đm có tải dsc đau chó đe đu mẹ đm,0,0,0,0,0
rất phiền luôn ấy qc app xuất hiện mọi nền tảng lỡ trượt tay là lại chuyển qua trang shopee muốn chơi 1 tựa game hay xem 1 bộ phim trên web cứ phải qua lại qua lại giữ 2 trang đến mức đt giật lag đã vậy còn để dấu x giả để lừa người dùng ấn vào sau đó đưa qua trang shopee thật sự nếu nsx không phải người dùng thì sẽ đ biết nó khó chịu đến mức nào đâu,1,1,0,1,1
oke nha có sự cố là xử lý được liền khiếu nại hàng hóa gì cũng oke,1,0,0,0,0
tôi là nạn nhân kiểu sale 2 2 kiểu kích cầu giả tạo tôi mua 2 đơn hàng chờ hoài vì vận chuyển bị trễ đến khi có người gọi điện đúng lúc tôi vắng nhà họ hằng học và tự nói hủy đơn cũng không cho tôi hẹn lại thời gian cũng không một lời hẹn lại thời gian giao hàng tôi có liên hệ với tổng đàu shopee và nhắn tin cho người bán thế nhưng vẫn không giải quyết tôi nói điều này để khẳng định tôi cần đơn hàng và tôi là người dùng thật,1,1,1,1,1
đầu năm tôi mua món hàng bộ đồ nghề 85 món khi giao hàng chỉ 25 món tiền thì tính xong xíp bơ thì đi mất làm ăn sống nhăn,1,1,1,0,0
giao hàng nhanh an toàn quá tuyệt vời,0,0,1,0,0
ung nhu lol tao ten gi cung eo được can 2 tu cut mẹ đi,0,0,0,0,0
tệ phí vận chuyển cao hơn với đơn hàng giao hàng thì lâu,0,1,1,0,0
mới tải đăng nhập nhưng không được voucher giảm giá cho người mới,1,1,0,0,1
thông báo tk yêu cầu xác thực trong khi t xóa 8 đời r lm ăn j để nó hack được v lazzada,0,0,0,0,0
bắt buộc phải xem live khi vừa bật app cực kì phiền phức bực mình,0,0,0,0,1
công ty shoppe định biến app thành nơi mua sắm rẻ tiền à mặc để phụ huynh tin tưởng cái giá rẻ và hình ảnh quảng cáo vậy tại sao có nhìu vụ nhái hàng ăn cắp hình ảnh chính hãng vào hình ảnh nơi bán vậy hệ thống kia rốt cuộc kiểm duyệt yếu thế không biết không sánh ngang gì hệ thống amazon,1,1,0,1,1
tiện lơi tiết kiệm thời gian,0,0,0,0,0
hu y ha ng thi nhiê u nhă n thi la i không the m tra lơ i,0,0,0,0,0
chăm sóc khách hàng tệ cực kỳ muốn chat với nhân viên khó khăn hơn shopee nhiều,0,0,0,1,1
cũng rất ổn,1,0,0,0,0
chưa hài lòng với cách giải quyết của bên này,0,0,0,1,0
dung cham chuc luon vui ve,0,0,0,0,0
làm ăn chán không buồn nói chat với lazada thì toàn dùng botchat không sử lý được cho khách hàng,1,0,0,1,1
mong tiki nhập về bộ diamond quest của smartgame để em có thể mua chứ em chưa muốn mua các bộ khác của smartgame,0,0,0,0,1
đăng ký vip mua hàng quá rẻ,0,1,0,0,0
săn sale được mã giảm giá đặt được đơn xong cửa hàng để hoài không gửi hối shoppe cũng như không cuối cùng đơn bị hủy,1,1,0,1,0
không rút tiền từ số dư tk shoppe được thông tin ngân hàng đã điền đúng mà vẫn báo lỗi do sai thông tin ngân hàng chì vì không có chi nhánh cần thơ nên tôi chọn chi nhánh khác vậy mà không thông qua,0,1,0,1,1
giá tốt,0,1,0,0,0
hoàn trả hàng nhưng không có ng đến lấy phải tự trao đổi với shippe để lấy cuối cùng lại cập nhật trạng thái đơn hàng vận chuyển lấy hàng không thành công muốn nuốt luôn tiền ngta à cskh còn không thèm trả lời phiếu báo cáo ng dùng đệ lên chx bao h tệ như nàu,1,1,1,0,0
tuyệt vời,0,0,0,0,0
tiki mua bán hàng chất lượng nhưng hạn chế là vẫn chưa được trợ giá sản phẩm và phí ship,1,1,1,0,1
tự động trừ tiền khách hàng gia hạn sản phẩm vip cho nguyên một năm mà không có bất kỳ thông báo nào shopee có thể trừ tiền của khách hàng mà không cần xác nhận của khách hàng,1,1,1,1,1
rất uy tín tận tình,0,0,0,0,0
mau lẹ là tôi thấy ok rồi tôi đánh giá cao 5 sao nhé,0,1,0,0,0
đặt đơn mất tiền không nhận được hàng nhân viên hổ trợ cũng không giải quyết được mọi người nên qua shopee hoặc tiktok đặt cho chắc ăn nhé kẻo mất tiền đó,1,1,1,1,1
đăng nhập không được,0,0,0,0,1
lagg như lô n,0,0,0,0,1
không đăng nhập được cứ báo lỗi,0,0,0,0,1
an toàn nhiều lựa chọn hủy đơn hoàn tiền nhanh chóng hàng hóa đa dạng mua sắm an toàn,0,1,1,0,0
em rất thích nha anh miễn phí vận chuyển nha,0,1,1,0,0
hảo hán,0,0,0,0,0
quá ok luôn,0,0,0,0,0
quảng cáo nhiều xóa app,0,0,0,0,1
ok nha,0,0,0,0,0
sale khủng quá,0,1,0,0,0
sản phẩm tốt shipper thân thiện giao hàng nhanh,1,0,1,0,0
tôi lần đầu dùng lazada nên tôi thấy nó cũng khá là tốt,1,0,0,0,1
r tốt,0,0,0,0,0
sắp có sách đọc,0,0,0,0,0
có những gói hàng nhỏ gọn cần phải miễn phí vận chuyển,0,1,1,0,0
mắc quá đi,0,1,0,0,0
khó chịu cái quảng cáo,0,0,0,0,0
dùng tốt,1,0,0,0,0
tiki tuyệt vời giao nhanh phục vụ tốt,0,0,1,0,1
gói hàng sách mà chỉ có 1 cái hộp rồi thôi không bao chống sốc không túi khí gì cả giao hàng thì chậm hơn các trang thương mại điện tử khác app thì lag không chịu được quá tệ,0,0,1,0,1
theo mình dvkh ok nhưng giá cao lại không đi đôi vs chất lượng 10 món thì 9 món lừa có những thứ mua ở ngoài tiệm hay app khác giả mấy chục qua tiki không có mà có thì nó đắt gấp chục lần sản phẩm thì ít mà toàn đánh giá ảo thế nên có mua thì phải chịu giá cao vs cửa hàng uy tín còn không thì 60 là phải hoàn,1,1,0,1,1
chỗ tôi shipper quá tệ toàn giao hàng cách nhà ngần 1 km trong khi đặt bên khác toàn giao tới nhà,0,0,1,0,0
nói là ngày 17 mà ngày 20 mới có điêu điêu không uy tín,1,0,1,0,0
goodd chop,0,0,0,0,0
không tốt lắm,0,0,0,0,0
giao hàng nhanh,0,0,1,0,0
hơi thất vọng 1 xíu nh mà cũng tốt giao hàng lẹ nên cho 5,1,0,1,0,0
nó hay và tốt nhưng khá lâu nhưng nó rất tốt,0,0,1,0,0
được miễn phí vận chuyển quá tốt,0,1,1,0,0
nhanh gọn,0,0,1,0,0
sieuu rẻ và chất lượng tôi thích lắm luôn nha,1,1,0,0,0
mua hàng đã giao lâu rồi hàng lỗi giải quyết lâu không hoàn tiền mà đi trả bằng số điểm xu ảo xu ảo có mua gạo đổ xăng được không tiki phục vụ tệ quá thấy lazada và shoppe phục vụ tốt hơn 1 sao cho tiki,0,1,1,1,1
quá ít voucher 1,0,1,0,0,0
ulatr nói quá kh à nhưng mà tôi chỉ đánh giá 4sao bởi vì không có mã giảm giá nhưng bù lại thì cửa hàng giao nhanh chỉ 3 hôm trừ ngày đặt hàng tiki kh đến nỗi phải đánh giá 1 sao đâu,0,1,1,1,1
đăng ký mãi không được,0,0,0,0,0
ứng dụng kém thao tác khó,0,0,0,0,1
qc ít thôi dcm,0,0,0,0,0
có nhiều mặt hàng treo đầu dê bán thịt cày quá giày điện thoại cần loại bớt,0,0,0,0,0
nhu cc,0,0,0,0,0
tải về trễ quá nhiều,0,0,0,0,0
được tốt,0,0,0,0,0
việc xóa tài khoản tôi đã làm hết những việc mà shopee yêu cầu nhưng tôi lại không được xóa tài khoản là sao hả shopee,0,0,0,1,1
cửa hàng hay quá giảm giá cho mình đi,0,1,0,1,0
cháu thiếu 1 mảnh là có tivi rồi ạ nhà cháu không có tivi,0,0,0,0,0
rất tiện lợi và tiết kiệm thời gian,0,0,0,0,0
shopee lừa tiền nhé vô shopee thì thấy quá trời hàng 0đ mà vừa mua xong lại thấy giá cũ bớt lừa tiền nha tao kiện đó,1,1,0,1,1
tải cái nói free tải cái về đi cái tiki có điện thoại iphone tải cái nài về điện thoại,0,0,0,0,1
không hiểu app làm kiểu gì mà mình đổi mật khẩu thành công xong đăng nhập lại báo sai mật khẩu app công nghệ mà cái đơn giản cũng không làm được hoàn chỉnh có vẻ không cần user,1,0,0,0,1
0,0,0,0,0,0
cảm nhận sự tiến bộ trong cách quản lý là 5 sao cũ giờ là 1 sao thay đổi kiểu gì mà lượt bán ảo khó nhận ra đánh giá ảo tùm lum hết mua phải hàng giả lại rườm rà đổi trả tìm hàng uy tín cũng khó hơn,1,1,1,0,0
tuyệt vời,0,0,0,0,0
lừa đảo tốt nhất không nên mua ở đây,0,0,0,0,0
mua hàng thì rẻ mà phí ship quá cao hàng đặt thì cả đống giao đơn lẻ đã vậy voucher không nhiều không free ship cho khách hàng,0,1,1,0,0
thôi chịu tự nhiên cr 01 mặc dù chẳng lạm dụng voucher gì cả,0,1,0,0,0
đã báo nhiều lần hoàn tiền về tài khoản vib rồi tự ý hoàn tiền về sacombank mà tài khoản sacombank đã bị khoá làm việc thiếu trách nhiệm coi thường khách hàng giờ coi như tôi bị mất mấy trăm ngàn,0,1,0,0,0
tiền ship rất cao một số cửa hàng trốn tránh việc vấn đề hủy đơn thái độ rất tệ,0,1,1,1,0
rất tốt cho 6 luôn chỉ tiếc là không có 6 sao,0,0,0,0,0
ứng dụng khó hiểu không muốn nó là kém nhập cái muốn mua mà kết quả toàn ra cái khác,0,0,0,0,1
vì mình chỉ mua sách trên tiki nên những sản phẩm khác mình không biết còn riêng về sách thì bảo quản tốt cẩn thận sách đẹp v v nói chung không có chỗ nào chê giao hàng nhanh có khi nay trưa nay đặt sáng mai giao về rồi 33,1,0,1,0,1
giao hàng chất lượng như cc,1,0,1,0,0
dịch vụ quản lý nhà bán hàng quá lỏng lẻo khách hàng phản hồi cũng im lặng rất tệ,1,0,0,1,0
tải về quá chậm,0,0,1,0,0
acc bỏ lâu không sử dụng mặc dù không mua gì nhưng đăng nhập vô lại bị cr01 log tk khác vô thì bị cr01 tiếp qua sàn cam đi ae lazada quá tệ,0,0,1,0,1
chỗ điểm danh nhận thưởg mỗi ngày bị lỗi cả tháng nay làm nhiệm vụ xong cuối cùg chằg được j,0,0,1,0,1
nên lược bỏ những chủ cửa hàng làm ăn gian dối,0,0,0,1,0
app rác mọi người đừng tải mua hàng mà t tưởng ăn xin không đó bây nó mở mới mua được nha qua shopee hoặc tiktok mua cho dễ bán hàng mà muốn làm bố chịu nhá,1,0,0,1,1
quảng cáo cc tự đổi app,0,0,0,0,1
thật tuyệt khi mua những sản phẩm cồng kềnh khó vận chuyển ở shoppe rất nhanh rất chuyên nghiệp,1,0,1,1,0
riêng mình rất thích mua sắm trên shopee mọi thắc mắc đơn trả hàng rất nhanh chóng tiền hoàn về rất đúng rất uy tính,0,1,1,1,1
hình thức đẹp ship nhanh chất lượng chờ thời gian,1,0,1,0,0
quảng cáo nhiều,0,0,0,0,0
đối tác với home paylater mà muốn mua trước trả góp sao thì không cho bắt xác thực tài khoản mà bấm dô xác thực tài khoản thì không tuy cập vào camera được thì làm sao xác thực xử lí thì chậm trễ hẹn hoài mà không thấy khắc phục lỗi cả tuần rồi chưa có câu trả lời thoã đán chỉ gởi mail xin lỗi 1 từ chán,0,0,1,0,1
yêu thích ứng dụng này,0,0,0,0,1
lâu ngày dùng thấy app cải thiện nên từ 4 lên 5,1,0,1,0,1
em bị nghiện game này luôn ace ạ rank kim cương rồi có rank thách đấu chắc e cũng lên luôn quá,1,0,0,0,0
không đúng với quảng cáo về mặt hàng và gã cả như quảng cáo trên youtube với facebook cả,0,0,0,0,0
má ơi tui thấy rất hiệu quả nhưng ối dồi ơi nếu xóa thì nó sẽ không gửi hu hu nhưng nó rất tiện lợi hi hi,0,0,0,0,0
cửa hàng như c tìm hoài éo thấy thứ mình cần,0,0,0,1,0
hàng không hỗ trợ hủy không thông báo cho khách hàng biết trước nếu lỡ không ưng ý với sản phẩm muốn đổi trả lại phải chờ tới khi shiper ship hàng thì báo không nhận hàng à chưa kể t đã lỡ thanh toán trước tới khi muốn hủy đơn thì được thông báo là sản phẩm không hỗ trợ hủy đơn hàng vậy chả khác j bắt buộc khách phải nhận hàng không hoàn tiền được quá tệ,1,1,1,1,0
shipper rất thô lổ mất dạy và hay tìm cách hủy đơn của khách,0,0,1,0,0
cho một sao là vì không tạo tài khoản được đã gửi mã xác thực sao không nhận được thông báo,0,0,1,0,0
hàng hết rồi vẫn để còn làm mất việc khách mua hàng,0,0,0,0,0
app hữu ích nên dùng hiện muốn vay thì vô trang 𝐕𝐚𝐲𝐓𝐨𝐭𝐍𝐡𝐚𝐭 này đảm bảo vay tốt nhất luôn nhận 9tr900 dễ phí cực tốt do em đang thiếu số tháng này về app này thật là tệ khi mua hàng ở đây dính 2 lần bán đồ lỗi cay cạch mặt tiki,1,1,1,0,1
mình bị lỗi cr01 chả làm gì cũng bị khóa,1,0,0,0,1
đây là một nền tảng mua hàng mà ai cũng nên tải,1,0,0,0,0
mã giảm gì toàn cho đơn hàng trên 20 triệu không vậy đại gia mua onl à app cần ra nhiều mã giảm thì mọi người mới sử dụng nhiều,1,0,1,0,1
đcm dell tin tưởng được,0,0,0,0,0
shoppe chính sách rất tốt bảo vệ quyền lợi khách ok chăm sóc khách hàng nhiệt tình và miễn phí tốt,0,1,0,1,0
rất mất dạy vô trách nhiệm vs khách hàng giờ tự ý ra quy định hoàn trả hàng sau 1 tuần mới hoàn tiền không mua hàng shopee nữa qua lazada mua,1,1,0,1,1
mua hàng ở tin áp cũng được,1,0,0,0,0
lazada tuyệt vời,0,0,0,0,1
chưa sài bao giờ nhưng nghe đứa em nói tiki rất uy tín nên cho 5 sao,0,0,0,0,1
tôi rất thích và rất hài lòng,0,0,0,0,0
tiki có thiên hướng bênh người bán và bỏ rơi khách hàng,0,0,0,0,1
mọi thứ thì khá ok nhưng lúc giao hàng báo rất láo lúc nào cũng báo giao trong 12 giờ tiếp theo mà toàn phải đợi mấy ngày nữa hàng mới được giao đền bù giao hàng không đúng hạn được cái voucher rồi vứt đó có làm được cái gì đâu,1,1,1,0,0
khá ổn vì là sản phẩm việt uy tín và bài bản,1,0,0,0,0
không mua được đồ 0đ,1,0,0,0,0
sủi link otome,0,0,0,0,0
tiki tải lâu gke luôn á mình ngồi đợi gần 10p mới tải xong xài thì cũng bth thôi đặt shipper giao hàng lâu quá đơn hàng ghi 2 ngày nữa và mà 4 5 ngày luôn,1,0,1,0,1
ừm okela lắm,0,0,0,0,0
cskh xử lý kém rất nhiều lần sử lý đơn hàng thất bại shipper không gọi đã tự ý hủy đơn nhắn cskh giục giao đơn 3 lần cskh kêu sẽ thúc giục giao cuối cùng là đơn thất lạc của khách luôn tệ rất chán,0,0,1,1,0
mình rất hay lòng may là mình có thể nhận nhanh thật chỉ 2ngay thôi 5sao,0,0,1,0,0
quảng cáo trên nền tảng khác quá vớ vẩn,0,0,0,0,0
lazada à m không còn giống như thời xưa đâu rồi giờ đây cái mã lỗi voucher thì lại luôn luôn khó chịu với t rồi đ cho t đặt hàng luôn m đúng mất dạy thiệt và 1 điều hơn nữa là t đặt bộ kính bơi lặn lẫn ống thở gần 500k mà shipper giao hàng cho t mà thứ mà t nhận được chỉ 1 cái ống thở mà đ có kính bơi lặn đi đâu m đúng là quá bố láo với t luôn rồi mất dạy thiệt,0,1,1,0,1
hoàn tiền mà nbh không đủ số dư là không hoàn tiền được cho khách cho khách tự sinh tự diệt nói đợi mà đợi mà gần 1 tháng vẫn chưa có tiền hoàn thay đổi như vậy thì xứng đáng 1 sao mọi người đánh giá 1 sao đi,0,1,0,0,0
toàn tiếng anh,0,0,0,0,0
tang người theo dõi fb yt ig tiktok lên website subnhanh68 club hệ thống tăng fl uy tín chất lượng,1,0,1,0,0
sao ngta không cho tải,0,0,0,0,0
1 sao mã giảm giá cùi bắp chưa xài mà bị lỗi khiếu nại thì kiu đợi 4 5 tuần làm ăn như qq,1,1,0,0,1
lừa đảo chiếm đoạt tiền ng khác,0,1,0,0,0
hàng chuẩn tốt nhưng giao hơi lâu mình thấy trên tik tok người ta đặt hàng có 2h à mà mình đặt đến 3 4 ngày hàng mới về hài lòng nha,1,0,1,0,0
chúc mừng sinh nhật tiki nha mong tiki năm nay thành đạt hơn năm ngoái nha,0,0,0,0,1
ok thank you,0,0,0,0,0
khoá vô tội vạ,0,0,0,0,0
phí quá cao,0,1,0,0,0
tải về bị khóa tài khoản gọi cho lazada mà không được nói là không giải quyết được tùm lum ai biết thì chỉ tôi áp thôi kỳ nha,0,0,0,1,1
quá nhiều quản cáo về nó,0,0,0,0,0
ngon quá ok,1,0,0,0,0
app j đâu mà đăng nhập không cho,0,0,0,0,1
khách hàng mới mã 100k sai không được cứ m02 không đủ điều kiện đổi acc khác cũng vậy vậy khi nào mới đủ điều kiện,1,0,0,0,0
chừng nào lazada sửa được cơ chế tìm kiếm thì tôi sẽ quay trở lại ví dụ tôi tìm flycam mini chỉ để bay trong nhà kín thì hết 50 mặt hàng xuất hiện là camera gián điệp camera ẩn vv người dùng nhập nội dung vào để tìm kiếm thì sản phẩm phải đủ các từ flycam và mini mà người dùng nhập chứ chúng tôi không cần các thứ liên quan chỉ tới chữ mini,1,1,0,0,1
lazada không có mã giảm giá toàn đồ đắt tiền không,1,1,0,0,1
siêu rẻ,0,1,0,0,0
nên sửa đổi lại một chút môi trường giao tiếp của người sử dụng ý là hình ảnh ui để trông dễ nhìn và sử dụng hơn,0,0,0,0,0
cửa hàng giao hàng đúng chất lượng ok cửa hàng cho cửa hàng 5 sao,1,0,1,1,0
oki ngon,1,0,0,0,0
hàng rẻ giao nhanh mua choice 3 sản phẩm được miễn ship siêng tưới cây còn được tặng quà gạo miễn phí mới tải app về trải nghiệm mua thử thấy okela lắm mình tranh thủ đặt mua cho mọi người luôn trước mình hay mua trên shopee với tiktok nay lại có thêm sự lựa chọn nữa,1,1,1,1,1
thiết bị rất tốt,0,0,0,0,0
giao hàng nhanh và bảo vệ hàng thích chu đáo,0,0,1,0,0
tao nói thật cho chúng mày biết làm được thì làm không làm được thì cut dm đặt hàng xong bắt trờ đọi cả tháng cuối cùng báo hàng không lấy được,0,0,0,0,0
shopee rất tuyệt vời,0,0,0,1,1
đừng tải uổng phí dung lượng khách hàng lần đầu được giảm 20k chưa mua gì thoát ra là mất ưu đãi,0,1,0,0,0
giao hàng tết 2026 vô trách nhiệm cẩu thả không tôn trọng khách hàng,0,0,1,0,0
ờ không biết nên phải làm sao khi bài đánh giá trước được ladaza phản hồi nhưng tui cố tìm cách như ladaza đã nói nhưng nó vẫn vậy và đã trôi qua 74 ngày và tui không tìm được cách giải quyết nhắn tin thì chỉ hiển thị mấy cái chat 10 như 1 và sau tui không hiểu sao khi đánh giá thì việc mua sắm của tui không còn được hổ trợ nữa tui không được sử dụng voucher giảm giá lẫn xu để giảm và buộc phải mua mắc hơn app khác có hơi khiến tui lo lắng và có phần hơi e ngại không đáng với số tiền bỏ ra và nhận dịch vụ như này,0,1,1,1,1
app như card t mới lập tài khoản chưa kịp mua gì đã bị khoá rồi,1,0,0,0,1
một lỗ p lớp plo pp là một p,0,0,0,0,0
tr đất ơi app như qq z đó má giao hàng tiết kiệm mà 33kar mỗi món hỏi có điên không bấm vô đổi thì đơ luôn máy đã ít đồ r thì ok xíu đi 1 giùm cái,1,0,1,0,1
bán đồ rất tốt,1,0,0,0,0
mê lắm nha đặt hàng thì không in tên sản phẩm lại che sđt bảo mật,1,0,0,0,0
đỡ hơn shoppe rất nhiều shopper toàn bị khoá tài khoản không lý do ship pơ thì vô duyên,0,0,1,1,0
toi đa muahang olazada lau roi nay xin tiep tuc mua sam nua,0,0,0,0,1
có rất nhìu mã sài ok,0,0,0,0,0
mất khuyến mãi người mới,1,1,0,0,0
rất tiện lợi oke,0,0,0,0,0
tự ý hủy đơn hàng mất luôn voucher xong không bù lại đj hiểu kiểu j,0,1,1,0,0
nice app shopping,0,0,0,1,1
có cái đơn đặt từ hơn 1 tuần trước hôm qua đến ngày dự kiến nhận báo đơn hàng bị chặn tôi xem lý do là giao hàng chưa thành công giao hàng hồi nào hả điện thoại không có cuộc gọi nào mà kêu chưa giao thành công làm ăn vậy đó cái đêm hôm qua tra đơn trên lex thì báo là hàng hoàn về trung tâm phân loại rồi hỏi bộ phận cskh thì kêu là địa chỉ không chính xác ô hay cái địa chỉ này của tôi đặt mấy lần r mà không bị sao giờ lại kêu không chính xác còn cái lý do gì mà hàng tôi bị chặn bye lazada,0,0,1,1,1
cần cải thiện về thay đối số điện thoại như các nền tảng khác như zl,0,0,0,0,0
phần mềm càng ngày càng chậm,0,0,1,0,0
mỗi đăng nhập thì khó khăn quảng thì cả đống xài làm gì loại này,1,0,0,0,1
không thay đổi được phương thức vận chuyển bắt thanh toán qua áp ngân hàng,0,0,1,0,0
tôi không dùng được voucher người mới,1,1,0,0,0
săn sale mua mới 2 đơn thấy không hợp với giá chưa tốt hủy đơn dính cr01 chã hiểu kiểu gì cuối năm muốn mua hàng cũng bị làn khó dễ,1,1,0,0,0
sao đặt hàng không được vậy đặt hàng là nó cứ hủy đơn hàng của tui vậy,0,0,1,0,0
treo app kinh,0,0,0,0,1
good app nhiều tính năng hay hiện muốn vay thì vô trang 𝐕𝐚𝐲𝐓𝐨𝐭𝐍𝐡𝐚𝐭 này đảm bảo vay tốt nhất luôn nhận 9tr900 dễ phí cực tốt do em đang thiếu số tháng này về app này phí giao hàng quá cao hai nơi cách nhau vài cây số mà phí cao hơn cả từ trung quốc về món hàng vài ngàn hay món hàng nhỏ xíu mà phí giao hàng không khác mấy món hàng nhiều tiền yêu cầu cao hay to lớn cồng kềnh chán thế đấy và xin hãy hiển thị địa chỉ cửa hàng làm ơn xin đấy,0,1,1,1,1
sài như cc đăng nhập còn đ được thua xa shoppee,0,0,0,1,1
chất lượng dịch vụ quá kém,1,0,0,0,0
lazada quá hay,0,0,0,0,1
tôi không thể trò churtfuhbjisử dụng biểu tượng chỉnh sửa để ghim thêm hoặc xóa đoạn uugymhmyện bây giờ tôi sẽ gọi lại cho bạn sớm có mặt và không ubtnhất có thể,0,0,0,1,0
tô t lă m mơ i vô cơ chu c ngay ui,0,0,0,0,0
đặt hàng và đã thanh toán nhưng 2 tháng hàng chưa có đơn cũng không hủy được và tiền cũng không hoàn về đây là dịch vụ tệ nhất mà tôi từng sử dụng,1,1,0,0,0
sắp cút khỏi vn rồi giờ đặt hàng không giao nữa càng ngày càng tệ hại thảm bại thua shopee app dùng bao lâu giờ gặp hiện tuọeng không thèm giao thì chịu thua luôn đúng ra nên cho vote 0 star,1,0,1,1,1
tiền ship quá mắc không bằng 1 nửa của shoppe quá thất vọng đừng tải app này về,0,1,1,1,1
tốt nhanh và rẻ,0,1,1,0,0
tiki sập mẹ rồi vô ap không được web cũng thế,1,0,0,0,1
cskh trên app cho con bot nó làm không giải quyết được gì hết mong thêm phần nv cskh trên app,0,0,0,1,1
thất vọng vì tự ý hủy đơn hàng không phải 1 mà rất nhiều lần trong khi chẳng có giao dịch bất thường,0,0,1,0,0
mua hàng không được,0,0,0,0,0
app lừa đảo khách hàng tổ chức game để mọi người chơi lấy lazreward nhưng chơi xong thì báo hết để không ai đổi thưởng được lazreward hết,0,0,0,0,1
đơn hành thanh toán tiền rồi nhà bán hàng không đóng hàng sàn không cho hủy hàng đi giao không gọi cho người nhận giám phản hồi là không liên lạc được ảnh up lên thì đang ngồi tại bưu cục thất vọng với cái sàn này càng ngày càng tệ,0,1,1,1,0
không có 1 cuộc gọi nào mà đã tự động hủy đơn hàng chán,0,0,1,1,0
hàng rất uy tín,0,0,0,0,0
lúc trước tiki rất tốt luôn mà h không hiểu nổi giá ship cao voucher thì mua nhiều mà giảm có tí,0,1,1,0,1
bán đắt quá nên giảm giá lại chút xíu,0,1,0,0,0
tôi thích mua đồ,1,0,0,0,0
cảm ơn vì đã cho tôi trải nghiệm dịch vụ mua sắm online cực kỳ nhanh chống và tiện lợi giá cả cũng là ưu thế của app,1,1,1,0,1
trước đây tôi đăng ký tài khoản lzd bằng tài khoản google mà vẫn có thể đặt mua hàng quốc tế bình thường vậy mà hiện tại khi tôi đặt mua hàng quốc tế lzd bắt phải đăng ký cd hộ chiếu và địa chỉ mới vấn đề này quá phức tạp và gây ra lo ngại sâu sắc về an toàn thông tin cá nhân của người dùng lzd vậy nên tôi sẽ dừng mua hàng trên lzd cho đến khi lzd điều chỉnh lại chính sách về như trước đây nếu thấy dùng lzd mà có nguy cơ không an toàn với thông tin cá nhân thì tôi sẽ xóa và rip lzd,1,0,0,0,0
mua đồ rất rẻ,1,1,0,0,0
trong tháng cần 6tr nhận ở trang vaytotnhat hình thức góp 9 tháng thấy những đánh giá 1 sao đều là đúng phổ biến tình trạng chung shoppe đang lừa dối khách hàng và chèn ép khách hàng,0,1,1,1,0
cho thẳng 1 nhân viên giao hàng báo khống 2 lần liên tiếp không giao được hàng do khách hẹn lại trong khi không có nhân viên nào tới nhà giao hay gọi thông báo mỗi khi áp dụng xu hay free ship là có chuyện xoá app nghỉ sài,0,1,1,1,1
tốt mua hàng rẻ,0,1,0,0,0
ứng dụng tệ dể mất lòng nhau vì tồi tàn chuyên môn kĩ thuật thông báo kém nhịn chịu mất tiền vì tốn xe quay đầu,0,1,0,0,1
không còn chế độ giảm phí vận chuyển khi mua hàng vượt mốc giá không còn muốn đặt nữa,0,1,1,0,0
không có cái cần mua,0,0,0,0,0
nguy cơ sập bẫy lừa đảo rất cao khiếu nạy thì giải quyết quá lâu nản quá thì bỏ thôi,0,0,1,1,0
nhiều cửa hàng bán hàng kém chất lượng nhưng tiki không có chế độ bảo vệ khách hàng trả lạiq sản phẩm khi khách hàng gặp các cửa hàng bán hàng thiếu uy tín,1,0,0,1,1
tiki vừa nhẹ vừa xịn ăn đứt shopee,0,0,0,1,1
khóa tài khoản người dùng vô lý do,1,0,0,0,0
hiện cần vốn khoảng 5tr thì vào 𝐕𝐚𝐲𝐓𝐨𝐭𝐍𝐡𝐚𝐭 nhé do mình đang thiếu số đúng nghĩa là vay tốt nhất thời điểm app hữu ích xin phép hiện ai cần vay vào 𝐕𝐚𝐲𝐓𝐨𝐭𝐍𝐡𝐚𝐭 đảm bảo vay tốt nhất nhận tới 9tr990 chỉ tốn 110k phí do mình đang thiếu số mà app này app hữu ích chúc ngày càng phát triển hiện muốn vay thì vô trang 𝐕𝐚𝐲𝐓𝐨𝐭𝐍𝐡𝐚𝐭 này đảm bảo vay tốt nhất luôn nhận 9tr900 dễ phí cực tốt do em đang thiếu chỉ tiêu sắp bị cho nghỉ việc hay bị đơ trên android 16,0,1,1,0,1
cũng tám tàm tam tam,1,0,0,0,0
tốt nhưng lâu lâu nó bảo không cho liên kết tài khoản gg,0,0,1,0,0
phí ship hơi khét,0,1,1,0,0
ưu đãi rất nhiều và tốt,0,0,0,0,0
tui mua được đơn hàng 1k free sip nè,0,0,1,0,0
tiki càng ngày càng chán như ngày xưa freeship có nhiều giờ chả khác gì không có freeship tiki now là cái mà mình thích nhất ở tiki mà bây giờ cũng không hỗ trợ nhiều như trước cảm thấy từ khi có cái asa tiki chất lượng xuống hẳn nhìn chung rất buồn với tiki bây giờ,1,1,1,1,1
tôi có trải nghiệm thật tệ khi mua bán và sử dụng shopee mọi sự cố xảy ra shopee không bao giờ giải quyết thỏa đáng,0,0,0,1,1
tuyệt vời,0,0,0,0,0
quá lag trải nghiệm mua sắm sẽ tệ đi cần sự tối giản và mượt mà hơn nâng cao trải nghiệm mua sắm app tự mở lên quá bất tiện,0,0,0,0,1
tự nhiên đánh mã cr01 dù không làm gì bất thường chán,0,0,0,0,0
10 điểm không có nhưng,0,0,0,0,0
tự nhiên đi đâu lazada cũng ám t vô game tự ý mở lazafa lên google cũng v h ik đau cũng hiện lên quài đg viết đánh giá cũng hiện gớm quãi,1,1,0,0,1
chưa thấy app nào giao hàng lâu như app này đặt đơn hàng 5 ngày rồi chưa giao tới,0,0,1,0,1
bán gì cũng mất,1,0,0,0,0
trước đây app dùng tốt lắm từ tháng 10 vô giỏ hàng tự động thoát ra bị treo đt xóa app tải lại cũng vô giỏ hàng tự động thoát ra chán quá,1,0,0,0,1
rất yêu,0,0,0,0,0
tôi rất hài lòng với shopee,0,0,0,1,1
mua đồ được giá rẻ,1,1,0,0,0
xứng đáng,0,0,0,0,0
mua hang rất tiện lợi,0,0,0,0,0
rất tiện dụng rễ kiếm tìm sản phẩm giá cả hợp lý nói chung rất hài lòng khi trải nghiệm,1,1,0,0,1
toàn cửa hàng ảo bán hàng giả mà cũng được nên top quá rác không bằng shopee,1,0,0,1,1
rất có tiện lợi,0,0,0,0,0
app như cc nhé đừng tải,0,0,0,0,1
khoá tài khoản lý do vô cớ,0,0,0,0,0
e đặt chung mà sao nó giao lẻ tốn tiền ship kinh,0,1,1,0,0
sản phẩm tuyệt đẹp rẻ chất lương nhé,1,1,0,0,0
mình là khách hàng tiki chắc đã 4 5 năm rồi ngoài ưu điểm thì xin nói về khuyết điểm như sau hàng giá khá cao hơn so với nơi khác nhiều cửa hàng hàng hóa kém chất lượng mô tả 1 đằng hàng giao 1 kiểu quy trình phản hồi đổi trả của tiki chưa bao giờ mình dùng được vì quá phức tạp hay giao hàng trễ phí ship không hề rẻ khối lượng hàng hóa thậm chí kê khống ra nặng hơn chắc 10x 15x lần khối lượng thật đánh giá hàng hóa trên tiki chỉ được edit 1 lần duy nhất mail rác cực nhiều,1,1,1,1,1
tệ không có miễn ship giao hàng,0,0,1,0,0
app cực tệ,0,0,0,0,1
tôi đánh giá 5 sau,0,1,0,0,0
hàng đa dạng đẹp sd tiện lợi,1,0,0,0,0
cài gói 1 năm xong đ thấy mxa 25 35 đâu giỡn mặt t hả,0,0,0,0,0
dùng mấy năm rồi nhưng giờ mới đánh giá app dễ sử dụng nhiều chương trình giảm giá tiki giao hàng rất nhanh mục vận chuyển tikinow thì pẻfect,1,1,1,0,1
riết app việt mà dưới 4 là cũng sắp dẹp được rùi,1,0,0,0,1
không biết,0,0,0,0,0
được màaa,0,0,0,0,0
đơn đặt hàng lại bị hoàn trả không lý do không báo trước và lần nào cũng vậy,1,0,0,0,0
lỗi m04 hoài,0,0,0,0,1
rất tiện lợi và nhất hay,0,0,0,0,0
nhu củt,0,0,0,0,0
trang bán hàng điện tử uy tín và tin cậy,0,0,0,0,0
trai qua đôi lá quá hay,0,0,0,0,0
tốt dùng ổn nhiều vorcho,1,0,0,0,0
đã tự hủy đơn hàng rồi tại sao không hoàn tiền lại cho tôi đơn hàng muốn hủy thì cũng phải thông báo cho tôi biết chứ xem tôi có đồng ý không đằng này không vi phạm bất cứ điều gì từ tiki từ cửa hàng khi không lại hủy đơn hàng của tôi tiki nào giờ uy tín lắm mà sao hôm nay lại làm việc thiếu trách nhiệm thiếu tôn trọng khách hàng quá vậy lẽ ra là 0 có 1 sao luôn do google bắt buộc nên phải cắn răng cho 1 sao vậy,1,1,1,1,1
ứng dụng thì ok nhưng được cái khó chịu là lướt fb hay chorm bằng điện thoại rất hay bị link shopee,0,0,0,1,1
giá 1k tiền ship 50 đã v còn kh có mã giảm giá nữa mua bằng shopper còn ngon hơn gấp mấy lần thật sự quá thất vọng,1,1,1,1,0
rất xứng đáng,0,0,0,0,0
ngon bổ rẻ,1,1,0,0,0
thân thiện nhiệt tình chu đáo nhưng quảng cáo ứng dụng sai do tôi đã đang sử dụng ứng dụng shopee rồi mà còn quảng cáo ứng dụng shopee hoài quảng cáo liên tục rất bực bội,0,0,0,1,1
mua thoải mái vì sản phẩm được hoàn trả dễ dàng khi không đúng yêu cầu,1,0,0,0,0
mắc mớ gì trả hàng lại cho cửa hàng cứ ép người khác phải tạo shopeepay hoặc liên kết tài khoản ngân hàng mà không cho sử dụng số dư tk shopee vậy app ngu như gì ấy kể cả rút về shopeepay tiền vẫn chạy vào số dư tk shopee mà chọn shopeepay thì bắt buộc phải liên kết tk ngân hàng rồi học sinh chưa có tk ngân hàng thì sao mua hàng đểu rồi không hoàn hàng lại được shopeepay là cái phế nhất t từng thấy còn quảng cáo freeship dù là đơn dưới 10k bất cứ mặt hàng nào cũng chỉ toàn bịp ship đắt vl,1,1,1,1,1
nhân viên giao hàng thân thiện giao hàng đúng thời gian nhiều ưu đãi 5 rất ok,0,0,1,1,0
app chuyển sang máy khác mất hết xu,0,1,0,0,1
dung ok lai giao hang nhanh shipper vui ve rat chat luong,0,0,1,1,0
khá là tốt rẻ đẹp nx,1,1,0,0,0
toi muốn mua hàng ở tiki sao không được,0,0,0,0,1
đăng kí toàn khoá tài khoản dùng không được,1,0,0,0,0
nó rất tốt,0,0,0,0,0
hàng chưa giao mà để đã giao rồi báo cáo thì app không giải quyết,0,0,0,1,1
đặt hàng được cửa hàng và tép giải lí rất hay và yên tâm,0,0,0,1,0
lỗi không xem được giỏ hàng,0,0,0,0,1
khó sử dụng load lâu có lúc không load được nhiều khi vào để xem mình đặt gì với xem tgian ship mà không vào được cái tới lúc shipper gọi thì không chuẩn bị kịp tiền,0,1,1,1,0
uy tin chất lượng đó bên thi de thôi gian mới biết được,1,0,0,0,0
app rách vừa lag vừa đểu,0,0,0,0,1
giá của nó rất rẻ và xịn nữa,0,1,0,0,0
quảng cáo mọi nơi lỡ bấm vào là cứ chuyển thẳng vào ứng dụng phiền vaiz,0,0,0,0,1
shoppe không bảo mật thông tin khách hàng các bạn nhà bán và mua hàng phải cẩn thận đánh giá 3 sao trở xuống sẽ bị khủng bố điện thoại cho đến khi các bạn chịu nói các bạn đánh giá nhầm,0,1,0,1,0
đúng là cái app mua sắm tệ nhất anh em vào tải shopee ngon hơn vừa tải app mua đơn đầu tiên mà nó bảo lỗi vc xóa luôn,1,0,0,1,1
cần đưa nhiều sản phẩm chất lượng hơn nữa và có quá trình bảo vệ khách hàng trong quá trình tiêu dùng như bảo hành update,1,0,0,0,0
app lỏ bên kho vận chuyển không giao hàng có gọi hủy hàng lazada bảo nhiều lần hủy hàng đúng phế không biết xác mình từ khách hàng hay nv vận chuyển,0,0,1,1,1
uy tín chất lượng,1,0,0,0,0
rất rẻ tiện lợi,0,1,0,0,0
tiki có lego không vậy bạn,0,0,0,0,1
tự nhiên khoá acc t trong khi mua hàng chì áp mã free ship,0,0,1,0,0
rồi riết không có mã gì hết khách hàng thân thiết lúc lazada cho xem hàng tới giờ mà gio mua shopee luôn không chịu canh tranh thì chịu không có đồ gì hết,1,0,0,1,1
ở trên shopee được cái xem được rõ đánh giá của người khác mua hàng cũng ok hơn,1,1,0,1,1
ok thích hhi,0,0,0,0,0
rất ưng ý về sản phẩm,1,0,0,0,0
chó lazada,0,0,0,0,1
tại khoản bị từ chối là sao,0,0,0,0,0
hang dung nhu qc giao hang nhanh hau mai tot,0,0,1,0,0
tiki thương hiệu việt hãy giữ vững là của thương hiệu việt,0,0,0,0,1
đơn vị vận chuyển đối tác cụ thể là j t tệ hơn chữ tệ dự kiến 7 ngày thì hàng đến bưu cục cách nhà vài km rồi vẫn giam 3 4 ngày đợi đủ 7 mới chịu giao làm ăn kiểu quan liêu cứ thích đúng quy trình chứ không đề cao việc phục vụ khách hàng gửi ý kiến thì cũng như không gửi xoá app chuyển qua xài cái app mua sắm khác còn hơn,1,0,1,0,1
tyệt zời,0,0,0,0,0
tiki tốt rẻ mà đơn giản không phải giành giật voucher mà giá vẫn rẻ hơn shopee,0,1,0,1,1
tạm ổn,0,0,0,0,0
quá ok,0,0,0,0,0
trả hàng 2 tuần không ai lấy,0,0,0,0,0
gữi mã thì chục cái không nhập vào được chả hiểu lazada làm ân cái kiểu gì thôi xoá mẹ qua shope cho dễ,0,0,0,1,1
không vào tài khoản được,0,0,0,0,0
hay và nhanh nữa,0,0,1,0,0
di ch vu râ t tô t thật tuyệt vời,0,0,0,0,0
lúc trước trả hàng rất nhanh hôm sau là shipper đến lấy bây giờ đợi hơn 2 ngày mới xác nhận rồi 8 ngày sau mới lấy hàng mất hơn 10 ngày cho việc đổi trả,1,0,1,0,0
không thể thanh toán online qua app được lần thứ nhất thanh toán báo thanh toán thất bại vào thanh toán lại thì cứ bắt chọn phương thức thanh toán trong khi đã chọn rồi phải vào web tiki mới thanh toán online được,1,0,0,0,1
support được ai trả lời rất nhiệt tình và kêu xóa tài khoản ok xóa thôi và tắt cái dyanamic island chạy ngầm trên ios đi phiền toái,0,0,0,0,0
không đăng nhập được nhue c,0,0,0,0,1
hàng j mà đắt dữ rứa một cái mũ bình thường gần mấy trăm nhìn tiki để nghị xem lại giá sản phẩm cho một sao vì thắc mắc này,1,1,0,0,1
mạng căng đét chọn giao hoả tốc không được,0,0,0,0,0
không giáo hàng đúng với sản phẩm nhưng phục vụ thì ok lắm luôn suất sắc,1,1,0,0,0
trải nghiệm trước tính sau,0,0,0,0,1
đg chs game cứ quảng cáo lazata phiền vcl bán đồ thì kém chất lượng cứ quảng cáo,1,0,0,0,0
dễ sập load lâu như quỉ,0,0,1,0,0
rất vui mua được nhiều lắm quà tặng,0,0,0,0,0
cho kiểm tra hàng là tốt rồi mấy sàn kia bị lừa treo đầu dê bán thịt chó nó không cho xem,0,0,0,0,0
tệ hàng đã về tới chạm giao hàng mà hàng không thấy giao đợi 3 4 ngày mà không thấy làm ăn kiểu gì vậy hồi đó giao hàng rất nhanh còn bây giờ thì chậm bây giờ không thấy supper lại giao hàng,0,0,1,0,0
haha hay và chất lượng,1,0,0,0,0
vô ktien vn vay 0 nha,0,0,0,0,0
app mua hàng khó hơn shopee và tiktok mong app sửa lại cho đỡ mất thời gian,0,0,0,1,1
chấp nhận giá cao hơn một chút để được hàng chính hãng mua tiki có vẻ yên tâm hơn tuy nhiên vẫn còn nhiều hạn chế ảnh hưởng trải nghiệm cskh các cửa hàng trả lời tin nhắn chậm đến lúc trả lời thì mình cũng mua chỗ khác rồi thời gian ship 5 7 ngày cho đơn trong nước là khá lâu khó cạnh tranh với sàn khác thường 2 3 ngày các mẫu chưa đa dạng đặc biệt các mặt hàng quần áo giày dép việc thanh toán trước phức tạp chưa linh hoạt ủng hộ sàn người việt mong cải thiện,1,1,1,1,1
hay chất lượng tốt,1,0,0,0,0
mua sắm online rất nhiều tiện ích và nhiều sản phẩm,1,0,0,0,0
mấy năm có tiki now bữa nay không có phí vc quá mắc mà giao hàng thì lại quá lâu thôi mình chia tay,0,1,1,0,1
một lie,0,0,0,0,0
app như cc xem 5 giây thì nó hiện quảng cáo hết 10 giây,0,0,0,0,1
ứng dụng rất tệ mở app ra không ấn được gì không phản hồi,0,0,0,1,1
yêu cầu xử lí không tốt không giải quyết được vấn đề và cũng không tôn trọng khách hàng,1,0,0,1,0
tại sao không có tiếng việt,0,0,0,0,0
đặt hàng mãi không được cứ thông báo là đơn hàng có vấn đề giao dịch,0,0,1,0,0
ứng dụng này rất hay,0,0,0,0,1
hàng đểu hổ trợ khách hàng kém kém xa shoppe nhé mn,0,0,0,1,0
hàng chocie thật sự không biết mở ra đề làm cái gì mua 100 lần đúng 100 lần báo lỗi không hề mua được hàng,0,0,0,0,1
dẽ mua,0,0,0,0,0
qua tê trên ap ghi đa hu y tha nh công va vâ n chuyê n ha ng đê n tay ngươ i tiêu du ng vâ n đê không đươ c đô ng kiê m nên toa n nhâ n không pha i ha ng vâ n đê la ap không co nhân viên đê kha c phu c vâ n đê ba o cho ngươ i ba n la đơn đa hu y chư hoa t đô ng bă ng robot thi hu y đơn vâ n bi nhâ n ha ng mâ y ap kha c hu y la không chuyê n ha ng đi nư a cho ha ng quay vê co n ap chuyê n rô i hu y vâ n pha i nhâ n ha ng tơ i tay,0,0,0,1,0
vì gặp nhiều hàng không đúng mong muốn,0,0,0,0,0
khi mở app tôi không hài lòng với cái tính năng tự động giảm âm lượng của điện thoại xuống mức 30 tôi cảm thấy rất bực mình và khó chịu,0,1,0,0,1
giao hàng bị thiếu cửa hàng nhắn kg trả lời báo tổng đài tiki thì gửi mail và cũng đợi chờ nản,1,0,1,1,1
lỗi bị thoát đăng nhập đăng nhập hoài không được,0,0,0,0,1
giao hàng nhanh đóng gói chu đáo vote 5 sao,0,0,1,0,0
lazada nên có cái định vị chỗ nhận hàng ấy rất tiện và nên có thêm nhiều chương trình khuyến mãi hấp dẫn để thu hút được nhiều người dùng,1,1,1,0,1
áo đẹp,1,0,0,0,0
khóa tài khoản người dùng không nói lý do gọi hỗ trợ cũng không giải thích nghỉ bán ở vn luôn đi,1,0,0,1,0
giao lộn hàng,0,0,0,0,0
trải nghiệm không tốt dùng hơn 10 năm đùng cái pan nick với 1 lý do mập mờ,1,0,0,0,1
tao rất ghét chơi trò rrlm t thua 40k xu tao rất ghét,0,1,0,0,0
sách giá rẻ có chương trình sale cho mọt sách nhưng tiki thường xuyên đóng gói hàng không cẩn thận dẫn đến sách bị móp méo,0,1,1,0,1
liên tục thì thoát tài khoản phải đăng nhập lại rất bực mình lỗi mấy năm rồi không khắc phục cứ động tý là phải đăng nhập lại,0,0,0,0,1
không tôn trọng người mua hàng thích là khóa tài khoản,0,0,0,0,0
vào còn được cho bà món miễn phí nữa,0,1,0,0,0
quảng cáo kho chịu v,0,0,0,0,0
mua hàng nhưng không về đợi 10 hôm lại báo quay đầu về đơn vị bán khiếu nại thì trả lời quanh co cho xong,0,0,0,0,0
hữu ích,0,0,0,0,0
ý thức của nhân viên giao hàng rất kém,0,0,1,1,0
mua 2 cuốn sách tiền ship 50k dẹp luôn đi giờ shopee bán còn rẻ hơn nữa,0,1,1,1,1
sắp đến giờ săn sale r mà còn load mạng thì đầy cọc khó chịu vl ra í,0,1,0,0,0
tốt lên dùng,1,0,0,0,0
quá hạn mà vẫn chx thấy giao hàng là sao,0,0,1,0,0
tiki ngày càng xuống cấp tư lúc nào mà mua hàng trên tiki mở hộp phải quay video lại đúng hài cho sàn thương mại điện tử giao hàng bể nứt nói qua nói lại qua email cả tháng rồi im luôn mọi ng qua shopee có 3 ngày hòab tiền chư mua tiki g đổi trả bằng niề tin làm ăn vô trách nhiệm,0,1,1,1,1
không bt làm gì,0,0,0,0,0
ghét nhất,0,0,0,0,0
ê nên cài đặt nhà mọi người nhiều mã giảm giá lám thú vị lám tôi thik nha,0,1,0,0,0
shipper tự ý hủy đơn của khách không gọi nhưng bảo gọi không bắt máy lấy lí do để hủy,0,0,1,1,0
nhiều cửa hàng quảng cáo một kiểu bán đồ kiểu khác nên 90 hay bị mua nhầm,1,0,0,1,0
đặt hàng chờ mấy ngày mà không đến còn hoàn cả đơn,0,0,1,0,0
quảng cáo không,0,0,0,0,0
đã hủy đơn mà kh hoàn đủ số tiền,0,1,0,0,0
rất thích lazada luôn,0,0,0,0,1
quá tệ choice đag bình thường tự nhiên cập nhật cái lỗi oc01 oc02 gì đó cái méo đặt hàng được cho mẹ nữa không biết laz có còn muốn bán hàng nữa hay không đã thua shopee rồi còn làm ba cái trò lỗi kia rồi không cho ngta đặt hàng thì làm qq gì nữa,0,0,0,1,1
xác nhận căn cước công dân thì nó ghi bị lỗi là sao cửa hàng làm ăn gì kì vậy trời app lỗi quá nhiều,0,0,1,1,1
không hài lòng vs app này hàng đắt quá,0,1,0,0,1
cửa hàng không địa chỉ hàng mua lỗi xong im luôn đã được trả học phí,0,1,0,1,1
ứng dụng tuyệt vời,0,0,0,0,1
tôi yêu shopee,0,0,0,1,1
qc thấy ghét,0,0,0,0,0
sàn giao dịch điện tử ngu nhất mà t từng thấy nuôi 1 đám chó giao hàng nhưng vòn nào cũng mất nết,1,0,1,0,0
rất ok,0,0,0,0,0
ứng dụng số 1 trong lòng tôi,0,0,0,0,1
không cho thêm tài khoản ngân hàng hoàn tiền lại r bây giờ rút lm sao,0,1,0,0,0
tự nhiên dính cr1 trong khi chưa làm gì sai với chính sách cả thất vọng vl,0,0,0,0,0
ứng dụng bán ít hàng quá và thiết kế app khó sử dụng khó tìm tin nhắn,0,0,0,0,1
ít vé giảm giá,0,1,0,0,0
yêu cầu kiểm tra lại hàng tôi đã bị lừa,0,0,0,0,0
ngày cận tết là lúc t khó chịu nhất với lại không riêng j ngày đấy không có cuộc gọi nào từ shipper xong đơn tự hủy luôn hoàn trả về ng gửi mình rất buồn và chán không muốn đặt hàng mình mong shopee sẽ sửa và không còn như thế đây không phải là lần đầu tiên mình bị nhưng sẽ là lần cuối mình lên tiếng,0,0,1,1,1
vi phạm đời sống con người,0,0,0,0,0
tặng voucher đơn hàng đầu tiên thì không dùng được đổi acc mãi dùng được thì vì săn được đơn hàng giá rẻ mà bị hệ thống tự ý hủy hủy cái moẹ j tải app nặng máy tốn dung lượng thì cũng thôi đi lại còn bị hủy đơn với lí do hệ thống thấy bất thường vãi thật,1,1,1,0,1
good shopee,0,0,0,1,1
có thẻ trong săn thưởng mà cào cứ phầm mềm không hợp lệ là sao,0,0,0,0,0
cửa hàng bán đồ lừa đảo nhiều làm tôi rất thất vọng với lazada,1,0,0,1,1
đồ thì rẻ nhưng mà ship thì đắt,1,1,1,0,0
làm ăn 2 lời giao hàng 1 tháng,0,0,1,0,0
bắt thanh toán qua ứng dụng không đặt được sảm phẩm,0,0,0,0,1
giảm giá rẻ ik đắt lắm,0,1,0,0,0
shopee còn thua,0,0,0,1,1
biết làm sao cứ rót vốn vô mà vẫn không chiếm thị phần lại shopee không là do cách làm ăn bố láo coi thường khách hàng quá thể tự ý hủy bỏ đơn hàng cũng như nuốt tiền thanh toán một cách phi lí làm ăn như vậy khác gì lừa đảo,1,1,1,1,1
là khách hàng hơn 6 năm nay đổi điện thoại mới đăng nhập bắt gửi mã về thiết bị cũ nhưng thiết bị cũ làm gì còn mà gửi gửi qua mail thì không nhận được mã gọi tổng đài hỗ trợ 2 ngày liên tục nào quay phim lại là chưa nhận được mail nọ kia đã làm theo nhưng vẫn không hỗ trợ thị phần đã nhỏ bị shope chiếm hết rồi còn làm khó khách hàng,1,0,1,1,1
cửa hàng không giao hàng để cả tháng đơn hàng bị hệ thống tự hủy mua hàng thanh toán hết rồi mà hàng đâu không giao cứ để treo đơn vậy gần 1 tháng rồi nhắn tin gặp tổng đài viên cũng không được ai ngu quá bực cả mình,1,0,1,1,0
dễ mua sắm tiện lợi,0,0,0,0,0
mỗi lần mở ứng dụng là bắt xác minh danh tính bắt nhập 1 đống mã capcha đăng nhập bằng chính máy đang sử dụng bắt phải vào tài khoản để xác minh dev laz chết hết à,0,0,0,0,1
tiki cho người ta bán hàng lừa đảo,0,0,0,0,1
mỗi lần mở shoppe là app tự động chuyển sang shoppe video và tự động giảm âm lượng điện thoại rất ức chế với chức năng này,0,0,0,1,1
giao nhnh miễn ship nữa hàng đẹp cực _,1,0,1,0,0
ok very good,0,0,0,0,0
quảng cáo nhiều chỗ tào lao phiền,0,0,0,0,0
gần đây liên tục bị treo vào được 5s là treo đơ luôn xoá đi cài lại vẫn thế,0,0,0,0,0
ứng dụng như cái bùi đặt đơn hàng địa chỉ gần mà giao 5 ngày không biết làm kiểu gi shopyy nay đặt mai là có tẩy chay tiki là vừa,0,0,1,1,1
đang yên lành đổi chính sách làm giá tăng lên còn voucher thì không có nên giá cao hơn shoppee nên qua đó mua hàng ok hơn lại thêm đòi cd khi đặt hàng nên bay bay lazada,0,1,0,1,1
trải nghiệm quá tệ shopee sử dụng đơn 0đ để lừa dối khách hàng đăng ký tài khoản sau khi đăng ký mua 1 đơn 0đ trị giá 25 không cũng bị shopee coi là vi phạm chính sách của shopee và bị khóa tài khoản vậy cho hỏi tại sao lại xuất hiện đơn 0đ nhưng bấm mua thì lại bị khóa tài khoản như vậy có phải là lừa dối khách hàng không là lừa dối hay coi thường khách hàng dỗ ngon ngọt để khách hàng đăng ký tài khoản để lấy thông tin hay mục đích gì,1,1,0,1,1
đáp ứng mua người tiêu dùng thuận tiên,1,0,0,0,0
trước khi sử dụng nên cân nhắc sàn này cấp phát huy hiệu mall một cách bừa bãi mua hàng thanh toán tiền xong thì không giao hàng hủy không hủy được thông tin khiếu nại lên thì laz đổ cho cửa hàng và cửa hàng thì đổ cho vận chuyển thế là xong người tiêu dùng mất tiền rồi cứ ngồi mà chờ thôi đúng là làm ăn quá vớ vẩn và có thể có dấu hiệu tiếp tay cho các gian hàng lừa đảo người tiêu dùng mọi người hãy cân nhắc thật kỹ nhé,1,1,1,1,0
không áp đựic mã giảm giá,0,1,0,0,0
tôi đã từng trải nghiệm dịch vụ này rất ok,0,0,0,0,1
chính xác,0,0,0,0,0
sao tiền ship cái nào cũng giá chát hết ta lúc trc đâu bị thấy mã miễn ship mà vẫn không dùng được zậy để chi z lk cảnh à,1,1,1,0,0
không đăng mập được,0,0,0,0,0
tiki lừa đảo quá dụ nhưng người học sinh đang thíu tiền cần việc làm online lúc đầu nó xẽ đưa nhưng món đồ giá trị thấp cho mik chốt xong món đồ cao mik phải nạp tiền vào để chốt đơn hàng đủ số lượng mới rút được,1,1,1,0,1
vip,0,0,0,0,0
tự nhiên bị dụ mua 3 đơn hàng đầu tiên 0d xong nó tự hủy do không thanh toán thôi thì lại shoppe vậy chứ chơi mà chơi lừa vầy thì sợ quá ai dám xài,1,0,1,1,0
hy vọng,0,0,0,0,0
lazada điệu hàng không chính hãng,1,0,0,0,1
đăng nhập vô để mua mà không được gắt tuắt,0,0,0,0,1
mua j cu ng đắt,0,1,0,0,0
te khoa tai khoan nguoi dung vo ly,0,0,0,0,0
tẹ lắm không thích ứng dụng này,0,0,0,0,1
shipper đell thân thiện đề nghị đổi sang hãng vận chuyển ghn ạ,0,0,1,0,0
plz phiếu giảm giá,0,1,0,0,0
nhiều cửa hàng lừa đảo trong shopee thế hàng kém chất lượng,1,0,0,1,1
cho 0 sao với vừa tải app rồi đặt hàng mua hàng mãi không được có mã giảm giá rồi không cho sử dụng à làm mất thời gian,0,1,0,0,1
lazada tự í đánh acc cr01 của mình dù mình không hề lợi dụng gì cả mình cũng chỉ mua như bao nhiêu người thôi,1,0,0,0,1
hoàn 50k xu đơn đầu tiên khi đặt xong không hoàn tiền là s,0,1,0,0,0
mua hàng tiki là 1 tội ác đơn nào nhanh thì 6 ngày còn đâu toàn 10ngày trở lên,0,0,1,0,1
tự ý đánh lỗi oc01 mặc dù chưa mua được cái gì,0,0,0,0,1
muối 10,0,0,0,0,0
quá tuyệt vời,0,0,0,0,0
app quá chán giao hàng tận 15 ngày tiền ship bằng tiền hàng,0,1,1,0,1
bán toàn hàng dỏm dầu gội dỏm rụng tóc sữa tắm ngứa laza,0,0,0,0,0
dep va su dung cung ok,0,0,0,0,0
như lz đặt hàng lúc nào cũng lỗi chuyển sang mua tik tok cửa hàng cho nhanh,1,0,1,1,1
oke ạ,0,0,0,0,0
những món hàng nào không bán thì gở xuống cho khách hàng khỏi đặt đặt xong rồi kêu hủy đơn vì hàng này hết vài năm trước,0,1,0,0,0
tiện ích giá cả hợp lý,0,1,0,0,0
ứng dụng súcvật đéok có dịch vụ mong muốn như nạp thẻ áp dụng tiki xu,0,1,0,0,1
mua sắm rất tốt mọi người nên tải,0,0,0,0,0
giá quá đắt so với lazada thua xa,0,1,0,0,1
tự nhiên không lm j trang mua đồ tự nhiên nhảy vô khó chịu vô cùng mặc dù không ấn j,1,0,0,0,0
rõ là tiền ship 0k mà ấn vào thấy tiền ship 29k,0,1,1,0,0
tốt bổ ích,0,0,0,0,0
tôi thấy shopee thuận tiện cái gì cũng có cảm ơn shopee nhé,1,0,0,1,1
ít voucher 0đ,0,1,0,0,0
mua món hàng 50k mà phí giao hàng tiết kiệm 147k không hiểu nổi thôi xóa nhanh lập tức,0,1,1,0,0
rất singma cửa hàng,0,0,0,1,0
mới vào thì có phần like xem video nhânh thưởng out ra mất luôn mà app không có nhân viên hỗ trợ,1,0,0,1,1
ok mình thích nhất là dịch vụ đổi trả,0,0,0,0,0
đừng có mà quảng cáo trong đt t nủa con mẹ m,0,0,0,0,0
trả hàng hoàn tiền đã thành công mà không nhận được tiền,0,1,1,0,0
tự hoàn đơn của khách trong khi không gọi điện giao hàng,0,0,1,1,0
mới tạo tài khoản kêu xác thực số điện thoại xác thực để không đăng nhập xong khoá tài khoản,1,0,0,0,1
nên tải về,0,0,0,0,0
giá cả phù hợp rẻ nữa lại còn mua 3 món được free sip rất hài lòng,0,1,0,0,0
cửa hàng phứng tạp không hiểu yêu cầu cửa hàng nên cho nhiều tính năng hơn tóm lại cửa hàng không đáp ứng được yêu cầu của tôi,0,0,0,1,0
giao đơn nào cũng nhầm hết không đơn nào giao đến tay,1,0,0,0,0
kém thua xa shoppe không đáng 1 sao,0,0,0,1,0
ủng hộ người việt khởi nghiệp,0,0,0,0,0
chất lượng phục vụ khách hàng kém,1,0,0,0,0
lúc thanh toán cứ bị trắng màn hình khó chịu thật,0,0,0,0,0
không bt có phải không nx để tôi sài thử,0,0,0,0,0
u hư,0,0,0,0,0
hoàn tiền hàng bằng voucher hạn sử dụng trong vòng 1 ngày không sử dụng coi như bỏ hình thức hoàn tiền vô cùng bất tiện và gây ức chế đã không mua được hàng mình muốn còn phải tốn sức xử lý rắc rối,0,1,1,0,0
nhanh tốt,0,0,1,0,0
bị cr01 không mua hàng được,0,0,0,0,0
tuyệt hay,0,0,0,0,0
ok rất hài lòng,0,0,0,0,0
rất tuyệt vời tiện lợi thuận tiện và khoa học cảm ơn các bạn rất nhiều,0,0,0,0,0
rất tiện lợi,0,0,0,0,0
tôi đã phải xoá ngay ứng dụng này khi định mua món hàng đầu tiên trên đây phí ship quá đắt haizz vậy mà quảng cáo miễn phí giao hàng,0,1,1,0,1
app rất hay cho 5 sao,0,0,0,0,1
tôi thích những thứ tôi cần,0,0,0,0,0
giao hàng siêu lâu mà còn không thể hối giao hàng chat vs cskh thì toàn bot không giải quyết được gì hết lazada nên cầm giấy bút qua shopee hay tiktok cửa hàng học 1 khóa đi chứ cứ như này ngày sập tiệm không xa đâu,0,0,1,1,1
cho đặt đi còn mã này mã kia,0,0,0,0,0
phục vụ rất tinh tế và tử tế mà hàng đẹp nữa 5 sao không nói nhiều,1,0,0,0,0
tiki này không có giao nhanh tôi đợi mất 2 tháng,0,0,1,0,1
tốt rất tốt,0,0,0,0,0
rất tốt vì đơn đầu tiên được giảm 60k,0,0,0,0,0
ok tot,0,0,0,0,0
có rất nhiều sản phẩm mua thỏa thích,1,0,0,0,0
toàn báo lỗi,0,0,0,0,1
làm ăn thất trách không giao hàng r báo giao không thành công liên hệ thì kêu xl vì vấn đề mình gặp phải chứ không hề đưa ra hướng giải quyết rõ ràng,0,0,1,1,0
giao hàng nhanh hàng chất lượng,1,0,1,0,0
hoàn tiền về ví bảo sau 24h sẽ hoàn đợi miết không thấy bh yêu cầu nâng cấp ví mà nâng cáp thì mình đồi sđt rồi cứ lấy sđt cũ tháy đổi không được,1,1,0,0,0
trải nghiệm bán hàng trên tiki tệ quá tệ sellercenter quá khó dùng và ngu học,1,0,0,0,1
hầu như 24 tiếng là ở trên này hết 18 tiếng gòi á,0,0,0,0,0
lazada dạo này mình đặt hàng tự hủy đơn hoài nản rồi mua bên shopi thôi,0,0,0,1,1
app như cl đăng ký để lập tài khoản cũng không được mà đăng nhập vào cũng không xong vẫn sdt chính chủ mà cứ lỗi xong khoá linh tinh,1,0,0,0,1
tôi xem kely về ứng dụng này rất tốt,0,0,0,0,1
rất tiện lợi mình rất thích mua đồ trên đây thì,1,0,0,0,0
mua đô cu ng giô ng tiê n lơ i,0,0,0,0,0
bị khoá tài khoản không vì lí do gì trong khi chưa từng đặt bất kì hàng gì từ app ghi là bị khoá để bảo mật,0,0,0,0,1
lừa đảo bảo hoàn tiền rồi vẫn chưa thấy tiền đâu,0,1,0,0,0
mua đồ rẻ hơn giao hàng nhanh chất lượng tốt,1,1,1,0,0
bên nhân viên giao hàng giống như cha thiên hạ gọi kg bao giờ nghe máy,0,0,1,1,0
đợt trước cho 5 sao nhưng giờ thì không hàng kém chất lượng,1,0,0,0,0
phương thức thanh toán tại sao lại chỉ có 1,0,0,0,0,0
ứng dụng kiểu gì dùng toàn đơ load chậm,1,0,1,0,1
app dùng tốt,1,0,0,0,1
nhanh lẹ,0,0,1,0,0
ok,0,0,0,0,0
thiệt hok đó mn tui thấy là giảm giá hay lắm mà sạo quá à _,0,1,0,0,0
giao hang nhanh ma con re ung ho đi moi nguoi,0,0,1,0,0
lazada giờ chán quá không còn như ngày xưa nếu cứ như tình trạng mình sẽ khó lòng mà mua đồ cho lazada nữa quá,1,0,1,0,1
4 sao vì không thể đánh giá 6 sao,0,1,0,0,0
mình thực sự bức xúc luôn á mỗi lần mua hàng thì nhân viên giao hàng gọi không đúng sđt của mình mà mình đã khiếu nại với tiki tiki đã xin lỗi rồi nhưng mà đã mấy lần bên giao hàng gọi sai số mình vẫn khiếu nại nhưng tiki vẫn chưa khắc phục sự cố cho mình làm mình quá thất vọng về tiki,0,0,1,1,1
giáo hàng đúng thời điểm tôi cần,0,1,0,0,0
đố mắt quá,0,0,0,0,0
hàng tối dụng hen,0,0,0,0,0
tôi không thể đăng nhập vào tài khoản của mình nó cứ hiện bị khoá tài khoản trong khi đây là lần đầu tôi tải và đăng kí,0,0,0,0,1
hàng đắt,0,1,0,0,0
được nha mình hay đặt sách tại tiki tại vừa rẻ mà vừa chất lượng hầu như không có fake luôn mà còn giao nhanh đúng hẹn nữa à mà ngoài ra mỹ phẩm mua cũng rẻ lắm nhé canh sale là ngon,1,1,1,0,1
đánh giá tạm 5 sao ủng hộ trước vậy,0,1,0,0,0
giá rẻ hơn ticktoc nhiều hàng hóa đa dạng giao hàng nhanh nhiêu voucher giảm giá có cả shopeepay later,0,1,1,1,1
không hay,0,0,0,0,0
đơn hàng 60 ngày rồi chưa tới,0,0,1,0,0
trả hàng không được,0,0,0,0,0
tìm sản phẩm không có ra toàn thứ vớ vẩn,1,0,0,0,0
shopee mua sắm rất dễ tôi mua hàng nhieu,0,0,0,1,1
những góp ý cho app đã được khắc phục chạy nhanh và ổn định đáng tin cậy,0,0,1,0,1
app như lol,0,0,0,0,1
đó giờ xài ổn giờ bắt ra tủ đồ lấy hoặc chịu ship cao dù hỏa tốc vẫn mất 2 ngày chả hiểu,1,0,1,0,0
không có nhiều mã giảm dù đặt đơn giá trị lớn shipper giao hỏa tốc nhưng không nhắn tin hay gọi điện báo trước khi giao hàng làm khách hàng không sắp xếp kịp để nhận hàng giao hàng cho khách mà như chạy giặc,0,1,1,1,0
giá sản phẩm hơi chát tiền ship đắt nhưng chất lượng tốt,1,1,1,0,0
cái app này bây giờ chặn tính năng trả hàng người mua hàng hư hoặc thiếu là không thể trả hàng là mất tiền luôn app ăn cướp ăn giật chứ mua hàng cái gì,0,1,0,0,1
chưa mấy gì hiểu về các shoppy,0,0,0,1,0
sàn doanh nghiệp shopee cổ đông lớn nhất là trung quốc phí càng ngày càng hút máu người việt nam mình tỉnh táo lên thôi bà con ai lỗ quá thì nghỉ không phải cố làm bnh mồ hôi công sức mà tiền vẫn không thấy đâu mik làm việc khác nghề khác,0,1,1,1,1
đã giải thích với nhân viên tư vấn là mình chỉ dùng 1 sdt và tk ngân hàng rồi mà vẫn khoá mua hàng h muốn dùng thì phải thay sdt kèm rất nhiều công việc 1 sao ngay và luôn,1,0,0,1,0
kẹo ngô của cửa hàng tiệm bánh quê miền tây tôi đã nhận hàng và thấy trên bao bì không có ngày sản xuất không có hạn sử dụng khi mở miệng túi thì có mùi rượu,0,1,1,1,0
rất ưng ý,0,0,0,0,0
rất hoài lòng,0,0,0,0,0
lag vx,0,0,0,0,1
đề nghị bỏ bên giao hàng viettel post không muốn mua hàng mua online cần giao nhanh đây nghỉ cả thứ 7 chủ nhật không giao tiki lên xem lại bỏ bonu viettel post ra bao giờ bỏ thì mua hàng tiếp,0,0,1,0,1
shopee với tiktok hoài cũng chán tính qua lazada đổi gió thử xem sao ai dè vừa đăng ký tk xong đăng nhập vào lướt 1 hồi lâu tự nhiên nó báo phát hiện hoạt động bất thường không hiểu gì luôn không lẽ bằng cách nào đó nó biết mình là khach quen của shopee và tiktok nên hiểu nhầm mình là tay trong của bên đó qua thám thính chăng sao nó biết mình có cài 2 cái app kia được ta nếu thật vậy thì app lzd này khá nguy hiểm tốt nhất đừng cài vào máy vì nó theo dõi mình mọi người không nên cài,1,0,1,1,1
sử lý hoàn trả cho khách không có trách nhiệm rõ ràng cửa hàng lừa đảo khách hàng phản ánh mà vẫn để cửa hàng hoạt động không sử lý hoàn tiền cho khách từ đó không bao giờ mua hàng trên lazada nữa và qua ủng hộ shoppe shoppe bảo vệ quyền lợi khách hàng không như lazada,0,1,0,1,1
nhất định bảo sản phẩm không hỗ trợ giao đến địa chỉ đang chọn chả lẽ chuyển nhà,1,0,0,1,0
ok hop ly,0,0,0,0,0
như b,0,0,0,0,0
âu thiên kim,0,0,0,0,0
không hiểu việc quản lý bên tiki như thế nào mà để 1 số cửa hàng làm ăn rất mất uy tín khi giao sản phẩm được thông qua,1,0,0,1,1
ok nhó,0,0,0,0,0
quá hữu ích,0,0,0,0,0
ok mua đồ có trả hàng được có nhiều đợt sale giảm giá nhìu vãi như sale 50 giá tiền hàng lun còn có free ship 0đ nxx,1,1,1,0,0
ứng dụng quá tệ giao diện khó xem chậm như rùa xem 1 lúc cảm thấy nhức mắt vì sắp xếp khó nhìn khó tìm thông tin và chậm lắm,0,0,1,0,1
dùng tiki để ủng hộ shark dũng và app việt hi vọng app có thể quản lý các cửa hàng và có biện pháp bảo vệ người tiêu dùng trước các cửa hàng bán hàng không uy tín để nâng cao sự tin tưởng của khách hàng,1,0,0,1,1
lừa đảo nhiều,0,0,0,0,0
shipper tự hủy đơn hàng của khách,0,0,1,0,0
đặt 1 đằng giao 1 nẻo thái độ shipper thiếu thân thiện cửa hàng không trả lời tin nhắn của khách làm ăn vớ vẩn không nên tải,0,0,1,1,0
giao hàng không đúng lịch trên app bị chậm thời gian,0,0,1,0,1
không giao hàng ôm đơn hàng,0,0,1,0,0
khôi phục cài đặt gốc điện thoại dù đã đăng xuất trước đó nhưng khi cài lại đăng nhập bắt xác minh trên thiết bị cũ không đăng nhập được dẹp luôn,1,1,0,0,1
quảng cáo lâu không ấn cũng vô m như cak,1,0,1,0,0
cần shoppe cho nhiều quà hơn,0,0,0,1,0
tốt đáng sử dụng nhưng có nhiều cửa hàng làm ăn bất chính mong shoppee coi lại và dẹp những cửa hàng đó,0,0,0,1,0
tôi rất thích mua sắm trên shopee,0,0,0,1,1
ok hoàn hảo,0,0,0,0,0
trên ưng dụng giá 0 đồng rất nhiều mà không mua được còn nhấn vào để xem bạn là người hay là người máy nhấn xong để lại sdt thanh toán à để thanh toán thế là bị gì vậy ạ trong khi mua là có địa chỉ số điện thoại có rồi à,1,1,0,0,0
khỏi phải bàn,0,0,0,0,0
mua hàng mà tiki không cho chỉnh số lượng làm sao mà mua,0,0,0,0,1
cái này còn báo hai điện thoại tôi,0,0,0,0,0
quảng cáo quá nhiểu rất mất thời gian app không xứng đáng được dù chỉ 1 sao,0,0,0,0,1
lazada nên có kênh mua trước trả sao giống shoppe,0,0,0,1,1
xóa ứng dụng lại hiện thông báo bắt tải lại,0,0,0,0,1
cũng được nma tôi muốn nhiều voucher hơn,1,1,0,0,0
ứng dụng rất ok,0,0,0,0,1
không có bất kì một mã nào giá ship cao ngất ngưởng chát thì tự động không hỏi được j luôn,0,1,1,0,0
ng ta nói giao hàng mấy tiếng đợi mấy ngày chx thấy,0,0,1,0,0
cái gì cũng ngon hết,1,0,0,0,0
app tốt giao hàng nhanh,0,0,1,0,1
hàg thì chưa thấy đâu mà thấy giao hàg thành công,0,0,0,0,0
được đấy,0,0,0,0,0
giáo hàng đúng hẹn thái độ shipper niềm nở tận tình,0,1,1,1,0
đơn hàng đã trả tiền từ 4 1 2026 đến nay người bán không giao cho khách hàng cũng không hủy đơn và hoàn tiền cho khách hàng chăm sóc khách hàng vô cùng kém,1,1,1,0,0
nick mới có voucher thì đặt hàng áp mã mà cứ bị hủy,1,1,0,0,0
giá rẻ hàng tốt,0,1,0,0,0
tệ nha mn mình không vào được app,0,0,0,0,1
cho nhiều voucher vaii yêu shoppe,0,1,0,1,0
xu astra làm bị rối mắt giao diện cực kém,0,1,0,0,1
hàng đẹp giá rẻ,1,1,0,0,0
có nhiều loại slime _ _,0,0,0,0,0
hưvnv,0,0,0,0,0
đặt 3 đơn hàng vừa đặt xong lại hoàn trả đặt được đơn nào tức,0,0,1,0,0
tiki giao hàng rất nhanh nha mộ người mọi người nên thử ứng dụng tiki,0,0,1,0,1
như l giá tốt rất rẻ,0,1,0,0,0
quảng cáo nhiều thế,0,0,0,0,0
đồ rẻ chất lượng tốt,1,1,0,0,0
giáo đúng sảm phẩm tốt,0,1,0,0,0
nhân viên giao hàng làm việc không có tâm,0,0,1,1,0
ông owiy h hy lộ đến,0,0,0,0,0
tiki bán hàng chính hãng nên người dùng mua yên tâm hơn,1,0,0,0,1
chính sách trả hàng hoàn tiền khá rắc rối có cũng như không,1,1,0,0,0
làm ăn bát nháo treo đầu dê bán thịt chó đã vậy không hoàn tiền,0,1,0,0,0
giờ thấy toàn cửa hàng mới mang tính chất lừa đảo không là sao quá tệ rồi,1,0,0,1,0
làm việc như cut í lỗi suốt nhân viên thì trả lời cho có lệ không chịu xử lí cho khách hàng nói nhẹ thì không trả lời tn nói nặng thì kêu bất lịch sự,0,0,0,1,1
sản phẩm đa dạng hình ảnh phong phú,1,0,0,0,0
quảng cáo ít thôi khó chịu,0,0,0,0,0
cửa hàng uy tín giao hành nhanh,0,0,1,1,0
giao nhanh,0,0,1,0,0
30 ngôi sao,0,0,0,0,0
áp cc,0,0,0,0,0
đắt hàng ít tìm kiếm ra toàn mấy cái linh tinh nói chung là rất tệ à tiki còn lừa gạt một cách trắng trợn xem đánh giá tôi thấy 2 cái viết giống y chang nhau không thể trùng hợp đến như vậy được chắc chắn là đã có gì đó lừa đảo gian dối,0,1,0,0,1
gọi điện thì ừ ờ rồi không thấy giải quyết vấn đề,0,0,0,1,0
gọi điện thoại rồi hẹn cho khách chờ hoài không thấy kì quá,0,0,0,1,0
mua hàng bình thường ngày hôm sau bị oc01 không áp được voucher,0,1,1,0,0
ứng dụng khá tốt với tôi và gia đình sẽ mua nhiều hơn trên này hơn nữa nhanh chóng tiện lợi,0,0,1,0,1
tài khoản bị khoá không mua hàng được,0,0,0,0,0
nhận hàng nhanh,0,0,1,0,0
giao hàng tận nhà là ưu điểm của sàn shopee đó nghen tặng 5 nghen,0,0,1,1,1
không đặt được hàng làm kiểu gì vậy,0,0,0,0,0
good tốt,0,0,0,0,0
quảng cáo khắp nơi thực sự rất phiền,0,0,0,0,0
hoàn tiền của shoppe rất chậm trễ đợi 10 mấy ngày chưa thấy hoàn tiền về,0,1,1,1,0
ô kê tuyệt vời,0,0,0,0,0
hong biết dùng,1,0,0,0,0
tệ vô cùng,0,0,0,0,0
lazada tự ý đánh lỗi cr01 mình mặc dù mình không làm gì đã liên hệ nhân viên hỗ trợ nhưng không được và nhận được phản hồi không hợp lý,0,0,1,1,1
giá siêu rẻ mà hàng ok lắm,0,1,0,0,0
giao hàng uy tín chất lượng,1,0,1,0,0
có thể là số tôi xui nhưng mà đặt 10 đơn thì bị hủy hết 5_6 đơn r đm ý là buồn ấy,0,1,0,0,0
quảng cáo quá nhiều,0,0,0,0,0
quá chán cho 1 cty lớn như vậy,0,0,0,0,0
oki nha giá rẻ,0,1,0,0,0
hàng chính hãng giá tốt có nhiều voucher mua hàng ở đây tôi rất yên tâm,1,1,0,0,0
5 sao rồi mà cứ bắt đánh giá cho 1 sao giờ,0,1,0,0,0
hàng chưa nhận được nhưng đánh giá 5 sao,0,1,1,0,0
tiki rất dễ dùng và đầy đủ thông tin tôi rất tin tưởng trang thương mại điện tử này giông như trang tmall bên trung quốc,1,0,0,0,1
rất là bực xóa xong quảng cáo cứ hiện ra dù méo ai hỏi chơi game gank quảng cáo hiện ra bực hết cả mình,0,0,0,0,0
không bằng shoppee dịch vụ tê không bảo ve khách hàng,0,0,0,1,0
app tốt mượt thông minh giao diện đẹp mắt dễ nhìn và theo dõi đơn hàng chăm sóc khách hàng cực kỳ tốt luôn bảo vệ khách hàng hết lòng mình đổi trả hàng nhiều lần nhưng đều được đổi trả xử lý ngay nhanh gọn lẹ chuyên nghiệp cực kỳ trung thành với tiki do tiki chăm sóc khách hàng rất đỉnh nếu bạn từng trải nghiệm những nơi khác bạn sẽ hiểu mình đang nói gì,1,0,1,0,1
ăn rồi ỉa rồi tối ngày qc cho t quài,0,0,1,0,0
vl ok chào ahi hi,0,0,0,0,0
lần đầu đặt bị khóa f02 hủy đơn không hoàn tiền là sao,0,1,0,0,0
tôi đã phải xóa app khi các quảng cáo cứ điều hướng tôi tới đây,0,0,0,0,1
ứng dụng rất hữu ích,0,0,0,0,1
đầu năm tết nhất mik không muốn phàn nàn hay j đâu cơ mà vấn đề này nó bị lâu quá rồi mik tưởng nhà phát triển sẽ fix mà đến tận bây giờ thì vẫn chưa thấy có j thay đổi cả cụ thể là lần nào cũng vậy hết mỗi lần mik đăng nhập tk vào app rất khó mặc dù nhập đúng mk và nếu mik thoát app lâu r vào lại thì tk của mik tự động đăng xuất và lại như vậy mik không đăng nhập vào được mong nhà phát triển thấy comment của mik và fix lỗi vì mik đang cần mua khá nhiều sách mik cảm ơn,1,1,1,0,1
tiki nhận tiền gần 3 tháng rồi mà không giao hàng,0,1,1,0,1
trải nghiệm quá tệ đặt hàng mà cả tuần không giao mặc dù ở sát bên liên hệ thì không trả lời,0,0,0,1,1
app đặt hàng nổi tiếng ok,0,0,0,0,1
giao thiếu cục sạc hoco,0,0,0,0,0
rất rất tốt,0,0,0,0,0
cái lon má nó đặt hàng môt đường giao môt nẻo đổi thi kêu gữi hàng ra cho nó,0,0,0,0,0
trò chơi này hay quá,0,0,0,0,0
các ban lazada có biết các bạn rất kém trong xử lý sự cố khi khách hàng phàn nàn về hệ thống tự khóa tk cr01 gửi email hỏi còn đổ thừa hệ thống các bạn nên ngừng kinh doanh càng sớm càng tốt,0,0,0,0,1
giải trúng thưởng gế bố của lazada trong quảng cáo là rất sàm và bố cục qc quá dài dòng lòn thoàng đang chơi game ngon lành gặp quảng cáo lazada là quê lon dẹp nghỉ chơi lun,1,0,0,0,1
nđb xem giỏ hàng đặt hàng mà cứ lỗi,0,0,0,0,1
xài 2 năm chưa có vấn đề gì tự dưng nói lỗi oc01 đơn hàng của bạn đang có vấn đề bạn thử thanh toán không dùng voucher nhé chat trực tiếp thì bọn cskh nói lan man nói như không nói đang dịp sale 8 8 tính mua đồ mà bực quá bỏ thời gian ra lựa 1 đống trong giỏ hàng tính đuổi khách hàng hay gì thế,1,1,1,1,1
tự hoàn đơn và hủy đơn với lý do giao hàng không thành công,0,0,1,0,0
ứng dụng người bán và người giao hàng không liên kết gì nhau giao hàng cực kì chậm và không cập nhật thông tin đơn hàng gì hết hỏi cửa hàng thì cửa hàng cứ đúng 1 câu ai soạn sẵn mà trả lời hỏi lazada thì nhân viên trả lời quá chậm trễ nhắn nhiều lần mới trả lời con ai của lazada còn tệ hơn không thèm nói luôn nv cskh kiểu gì mà hỏi rồi vẫn không giải quyết được vấn đề không có nút khiếu nại hay đốc thúc giao hàng gì hết cứ đẩy trách nhiệm cho nhau làm ăn thua shopee chúc lazada sớm rút khỏi thị trường vn,1,0,1,1,1
đăng nhập vs fb thì nói bị khóa trong khi đó mấy app khác t đăng nhập vẫn bình thường,0,0,0,0,1
trèn quảng cáo quá nhiều ở bất kỳ trang mạng xã hội nào cũng có link quảng cáo khi tải app về nên tôi xoá app luôn,1,0,0,0,1
ok rất tốt,0,0,0,0,0
đặt hàng giao hàng sai rồi bảo giao lại đổi mới cho mình mà cuối cùng bảo hết sản phẩm dòi không giao được mình nhắn tin hỏi nhà cung cấp thì bảo còn rất nhiều sản phẩm hóa ra tiki lừa đảo cmnr,1,0,1,0,1
hơi ít vốt chơ mà chủ yếu dùng để mua sách,1,0,0,0,0
rất uy tín và làm ăn nhanh nhẹn giao hàng nhanh,0,0,1,0,0
tôi thích lazada,0,0,0,0,1
giao lâu còn bị hủy đơn hàng,0,0,1,0,0
đặt rất nhanh nói chung là tôi rất thích tiki tiki là tuyệt nhất,0,0,1,0,1
tốt rất nhiều hữu ích với tôi,0,0,0,0,0
tốt d,0,0,0,0,0
làm quảng cáo mất dạy,0,0,0,0,0
app khá ổn giao hàng nhanh nữa đồ siêu xinh luôn á,1,0,1,0,1
rất tốt áp vn ủng hộ,0,0,0,0,0
happy happy,0,0,0,0,1
có tốt,0,0,0,0,0
nhân viên giao hàng ý thức kém tự ý chụp ảnh giao thành công lấy đồ của khách,1,0,1,1,0
chuyển trang chậm kiểu ấn vào sản phẩm bị delay 4 5s mới chuyển được lâu lâu thanh toán thẻ visa không được,1,0,1,0,0
toàn bị bên vận chuyển tự ý hoàn đơn rất là chán,0,0,1,0,0
thời gian giao hàng quá lâu cần phải cải thiện,0,0,1,0,0
ít mã giảm giá từ 0 đến 50k quớ,0,1,0,0,0
đột nhiên khoá tài khoản của tôi khiến tôi phải tạo rất nhiều tài khoản khác vẫn liên tục bị khoá,0,0,0,0,0
tại sao tôi đăng nhập vào rồi mà nó bảo sô điê n thoại đã được sử dụng mong ad trả lời,0,0,0,0,1
1 sao cho a,0,0,0,0,0
quá là hay cho 5 sao,0,0,0,0,0
mua hàng tiện lợi,0,0,0,0,0
di me có bị j không v đang chs game cứ qc shoppe hoài duma,0,0,0,1,0
tiki làm vô trách nhiệm vãi hàng tôi đặt hai tuần nay rồi đợi mãi mà chả thấy shiper đâu,0,0,1,0,1
sàn thương mại kiểm định chất lượng cửa hàng và hàng hóa quá tệ mua trên tiktok 100 đơn mới gặp sự cố phải trả hàng hoàn tiền mà shoppe mới mua 5 đơn đã phải trả hàng hoàn tiền,1,1,0,1,0
đặt hàng nhưng không hiện đơn xong vẫn giao hàng,0,0,1,0,0
không có tính năng xóa lịch sử mua hàng cần thêm vào phòng tránh trường hợp bị kiểm tra điện thoại hoặc những nhu cầu khác,0,0,0,0,0
hay bị lỗi không đặt được hàng còn hay bị đơn nữa cả kjaau chuẩn bị và giao hàng đều lâu kêu ngta chờ sau đó hủy đơn của người ta,0,0,1,0,1
ứng dụng ít voucher tốt đa số các voucher đều có điều kiện đơn hàng cao tiền chỉ đổi xu ở 1 số sản phẩm người dùng cần đổi xu trực tiếp trên đơn hàng ở mọi loại sản phẩm nhưng cũng có cơ hội giảm tiền cũng không tệ nên 4 sao,1,1,1,0,1
đang tìm mua vape ở tiki có may quá,0,0,0,0,1
lazada hàng đả khó chọn được gan hàng tốt cước vận chuyển còn cao shipped thiếu chuyên nghiệp thường bom hàng khi khách cần hàng,0,0,1,0,1
shoppe như cái cồn lặc,0,0,0,1,0
verry nice,0,0,0,0,0
phục vụ khách hàng tận tình vui vẻ một khi cần trả lại hàng do những nguyên nhân khách quan shopee sẵ n sàng nhận lại và hoàn tiền nhanh chóng xin cảm ơn shopee nhé,0,1,1,1,1
chú ý đến khách hàng voucher nhiều tiện lợi good,0,1,0,0,0
hàng đúng chuẩn,0,0,0,0,0
mới tải về đăng kí xong bắt đăng nhập lại thì khóa nick app bị điên à làm ăn như cặc,1,0,0,0,1
app rất hay và hữu ích,0,0,0,0,1
chờ rất lâu và không cập nhật tình trạng đơn hàng đến tay khách hàng thì shipper nói chuyện không tôn trọng khách hàng thực sự rất bực tức,0,0,1,0,0
app tự đăng xuất mất thời gian đăng nhập lại,0,1,0,0,1
ok quá tuyệt vời,0,0,0,0,0
khóa không cho dùng xu hỏi thì bảo vi phạm chính sách mà hỏi chính sách gì thì không trả lời mới đặt áp xu có 1 đơn mà mắc gì khóa,1,1,0,0,0
một ứng dụng hoạt động khá tốt dịch vụ giao đồ ăn giao rất nhanh chóng và ngon sản phẩm thì rất phong phú và đa dạng sau một thời gian sử dụng nhiều hơn mình rất hài lòng với app shopee này hàng hóa nhiều đa dạng chủng loại nhiều loại giá cả cho các yêu cầu khác nhau chất lượng dịch vụ cũng rất tốt,1,1,1,1,1
giao hàng tận tình,0,0,1,0,0
khá ổn nha đặt sách ở đây rất thích,0,0,0,0,0
tôi không nhận được hàng tôi cũng không liên hệ được với nhân viên giao hàng bị chặn và không tìm được cách nào liên hệ hỗ trợ quá kém và quá thất vọng,1,0,1,1,0
đồ siêu đep,1,0,0,0,0
giao hàng không đúng mà không cho trả app tuyệt quá,0,0,1,0,1
bị giới hạn giỏ hàng,0,0,0,0,0
giao hàng chậm vcll,0,0,1,0,0
tiê n phí vâ n chuyê n râ t đă t chê,0,1,0,0,0
giao nhanh,0,0,1,0,0
số điện thoại không sd được khi mới vừa tạo acc,1,0,0,0,0
mã toàn bị dính m02 d02 nói chung là như loll,0,0,0,0,0
ứng dung bị khùng ha tạo tại khoản rồi mà vô mua hang bác tạo tai khoan nữa dẹp cho rồi,0,0,0,0,0
giao hàng cũng nhanh nhưng đồ không i trên mạng,1,0,1,0,0
trưa nhận trưa đến tay tạm cho cửa hàng 4 sao,0,0,1,1,0
t chưa dùng nhưng nghĩ là sẽ tốt,1,0,0,0,0
đặt hàng thanh toán trước xong rồi không thấy giao,0,0,0,0,0
ứng dụng giao hàng chất lượng nhưng hơi lâu mong lần sau rút kinh nhiệm,1,0,1,0,1
mọi người ơi tải ứng dụng timo về nhập mã khang để nhận 20k tiền sẽ cộng sau 3 5ngày,0,1,1,0,1
ổn nha,0,0,0,0,0
thích tiki nhất,0,0,0,0,1
cập nhật mới lỗi không vào được giỏ hàng app luôn báo tài khoản đáng ngờ dù nhân viên tiki check báo tk vẫn bình thường,1,0,0,1,1
5 sao,0,0,0,0,0
được nha nhưng mua nhiều thì dần dần có nhiều đồ đắt,1,1,0,0,0
mẹ bây làm chi làm thì bớt quản cáo đang chơi game mà cứ quảng cáo không có í tứ à nhột vừa thôi mẹ ăn quảng cáo,0,0,0,0,0
quảng cáo nhiễu vãi mèo,0,0,0,0,0
mong tiki thu hút được nhiều khách hàng hơn nữa,0,0,0,0,1
giao hàng và xử lý vấn đề cực chậm quá thất vọng cho một đơn vị thương mại điện tử lớn có tiếng tại vn,0,0,1,0,0
đặt hàng mà lúc chọn đặt thì từ 6k lên 42 45k tiền ship dù có mã giảm còn lúc mua có mã thì giảm nhiều lại không mua được,0,1,1,0,0
lần cuối mua hàng tiki,0,0,0,0,1
hàng đa dạng,0,0,0,0,0
chen vô tất cả các trang khó xóa ảnh hưởng đến hưởng thụ cá nhân,0,0,0,0,0
khá đấy,0,0,0,0,0
không biết tiki có bán sách về sherlock home không ạ với lại dịch vụ giao hàng có tốt không đó tui đánh giá đại thôi nhé,0,1,1,0,1
ủng hộ hàng việt,0,0,0,0,0
thị phần thấp tỉ trọng ngày càng sụt giảm mà chính sách với nhà bán hàng lại tệ đăng kí mở cửa hàng chưa kịp làm gì thì đã bị đánh vi phạm mà không có nguyên nhân cụ thể thất bại là đáng đời,0,0,1,1,0
cũng tạm,1,0,0,0,0
muốn kiểm tra đơn hàng mà cái bước xác minh là người không phải máy nó phiền thì thôi rồi bấm cỡ nào cũng kêu xác minh lại đề nghị bỏ qua bước này vì quá phiền phức,1,0,1,0,0
tài khoản bị lỗi cr01 từ bao lâu mà không biết vì lý do gì đến tận bây giờ vẫn chưa được mở rất thất vọng cách làm việc của lazada,0,0,1,0,1
1 cảm giác tồi tệ khi sử dụng shoppee và bị giới hạn tài khoản vĩnh viễn 1 cách vô lí,0,1,0,1,0
đặt hàng 2 tháng chưa giao mail thì nói do dịch nên vận chuyển chậm mình hay mua onl nên hiểu và cũng đã đợi nhưng giờ dịch ổn vẫn chưa giao trong khi mấy sàn tmdt khác ng ta giao từ lâu rồi đã vậy cũng không cập nhật tiếp đơn hàng hồi xưa tiki rất oke mình rất hay mua giờ phải gọi là quá tệ liên hệ nv cskh trên app cũg không có hủy đơn thì rắc rối mình mà nhận hàng được thì sẽ rate tiếp 1 sao và say bye với tiki,1,0,1,1,1
giao hàng dong gói cẩn thận ok,0,0,1,0,0
chưa dùng những cho,1,0,0,0,0
sản phẩm tốt chuẩn như mong đợi,1,0,0,0,0
chưa vô nhưng 5,0,0,0,0,0
shipper giao hàng không giao đến nhà bắt đến chỗ khác lấy vào buổi tối không ra được thì hoàn luôn hàng về không giao nữa,0,0,1,0,0
ok quá tuyệt vời,0,0,0,0,0
mua cuốn sách gần nữa củ không chống sốc gãy đôi bìa sách mà là bìa cứng nữa nhá t chỉ mang tâm lý dập mép thôi nhưng ai có ngờ t mua của cửa hàng khác không phải tiki trading vì t biết ẩu lắm nhưng cửa hàng lại giao cho tiki đóng gói và vận chuyển cầm quyển sách nước mắt ra trong sự uất và tức,0,0,1,1,1
đây là app đặt hàng hay nhất mà tôi biết nhân viên vui vẻ giao hàng nhanh và hàng không bị vấn đề gì 5 nha,0,0,1,1,1
lúc đầu còn được được xíu càng về sau càng tệ đơn hang giao gần 2 tháng vẫn chưa tới đến lúc tới là gần 3 tháng quá lâu kg nhận thì khóa tk kg cho mua hàng nữa làm ăn như cức,0,0,1,0,0
dính quản cáo quá nhiều,0,0,0,0,0
giao chậm,0,0,1,0,0
app nay dung tot lam nha,0,0,0,0,1
10 sao nha tiki,0,0,0,0,1
tôi mua thẻ 500k nhập số đt nhưng không nhập gmail nên không nhận được thẻ thì phải làm sao,0,0,1,0,0
nên tạo thêm danh sách thôn xóm hoặc ấp làng cho từng xã để chọn hoặc thêm định vị bản đồ khi lập địa chỉ để thu hẹp địa chỉ nhận hàng tăng cường lọc cửa hàng theo địa chỉ huyện tỉnh,1,0,1,1,0
app như c sài shopee ngon hơn,1,0,0,1,1
nó để lại cái app j ý không xoá được,0,0,0,0,1
tôi là người rất thích mua hàng trên lazada nhưng mấy lần gần đây tôi mua hàng thì tôi gặp thái độ của shipper không được như ý muốn gọi đúng 2 lần duy nhất tôi gọi lại thì chẳng nghe nói gì mà còn tắt máy luôn của khách hàng,0,0,1,1,1
dạo này tải lại thấy mấy mac khuyến mãi hay freeship gì chán thật sự,0,1,1,0,0
buôn bán cửa hàng giao nhâm hàng mấy lần nhắn tin lazada không hỗ trợ quá tệ hơn chữ tệ,0,0,0,1,1
giao hàng nhanh giá cả hợp không lí,0,1,1,0,0
quá làm phiền,0,0,0,0,0
tôi đánh giá 4 sao vì chục chặc quá,0,1,0,0,0
mua hàng giá rẻ giao hàng nhanh chóng,0,1,1,0,0
shoppe nếu có số cặp nhật tài xế giao hàng như lazada thì ok hơn còn đằng này kg có số toàn gọi tổng dài phiền muốn chết,0,0,1,1,1
tui chỉ cho 5 sao thôi tại vì app mua đồ mà vô là mua đồ,1,0,0,0,1
không đăng nhập được cái j cũng đắt hơn shopee,1,1,0,1,1
mình tạo tk mới có voucher người mới mua đơn 0đ thì hủy luôn của mình với lý do hàng chưa thanh toán khiếu nại 2 hôm cũng mặc kệ không ai nhắn lại từ hỗ trợ lazada đến cửa hàng choice trải nghiệm tệ,1,1,0,1,1
giao nhận gần đến ngày nhận hối đơn hàng làm ăn không có chữ tín,0,0,1,0,0
đơn đặt 6 7 cửa hàng đóng gói 7 7 đến nay 10 7 vẫn chưa lấy hàng đi giao lazada cho shopee xách dép cũng không xứng,1,0,1,1,1
đổi hàng thì cả tháng vẫn chưa được nhắn tin hỏi thì cứ bảo chờ mãi xog vẫn không được bảo hoàn tiền thì cứ bảo chờ,0,1,0,0,0
thú vị đồ đẹp,1,0,0,0,0
rất tốt uy tín trả hàng hoàn tiền nếu sản phẩm lỗi không ưng trả hàng hoàn tiền rất tốt,1,1,0,0,1
mua hàng trên shopee an toàn và hợp lý,0,0,0,1,1
tải về máy rất lâu khoảng 1 tiếng vẫn chx xog chê luôn,0,0,1,0,0
mình vẫn còn giữ app và mình phát hiện ra h mua sách qua fahasa or shopee vẫn ok mấy sách hiếm hồi xưa ở tiki nhiều lắm h tìm kiếm không ra mà còn cứ ra mấy cuốn giới thiệu hoài chán quá,0,0,0,1,1
không pé ơi,0,0,0,0,0
hoạt động chậm và không tiện như ứng dụng khác ấn vào xem cửa hàng mãi không đổi giao diện và thường thông báo lỗi không có đơn vị giao hàng nhanh chỉ có giao hàng tiết kiệm nói chung là bằng nhữnh ứnh dụng khác,0,0,1,1,1
rất tiện tôi rất hài lòng,0,0,0,0,0
quá ok luôn,0,0,0,0,0
đặt hàng mà suốt ngày bắt đăng nhập mệt chết đi được đăng nhập thì lâu lắc lâu ơ không nên tải,0,0,1,0,1
bắt đăng nhập lằng nhà lằng nhằng nói chung app như khấc,0,0,0,0,1
yêu cầu sản phẩm thêm tính năng xóa lịch sử mua hàng trong tg tới càng sớm càng tốt ít nhất là khoảng 1 tuần tới sản phẩm cập nhật thêm tính năng xóa lịch sử mua hàng hủy hàng và vân vân nên đánh giá 3,1,1,0,0,0
tôi gặp lỗi cr01 mong lazada mở khoá hiện tại tôi không mua được gì ạ,0,0,0,0,1
tôi rất thất vọng đặt hàng hơn 2 tuần rồi vẫn chưa có hỏi thì cứ xin lỗi rồi bảo chờ chờ cho tới bao giờ chăm sóc khách hàng cho có chứ làm được gì đâu ứng dụng này mất uy tín như thế thì toang,0,0,0,0,1
quá tệ không tin tưởng được ứng dụng này tôi gỡ đây toàn bán hàng giả thôi,0,0,0,0,1
kém chất lượng,1,0,0,0,0
app rất mượt,0,0,0,0,1
shopee 10 điểm mua hàng với trả hàng đều ổn,0,0,0,1,1
xem thường người sử dụng lý do lý trấu bảo mật,0,0,0,0,0
tốt lắm na,0,0,0,0,0
rất tệ luôn,0,0,0,0,0
bạn đứng rồi mình nữa bạn cho mình tải về đ đi mà bạn,0,0,0,0,0
quảng cáo láo làm giả nút tắt quảng cáo,0,0,0,0,0
áp này rất là tốt tôi rất thích áp này,0,0,0,0,0
dv tốt hàng hóa đa dạng shiper nhiệt tình giải quyết đổi trả nhanh,0,0,1,1,0
hàng bán đắt không có mã,0,1,0,0,0
hàng rất tốt,0,0,0,0,0
nhiều món đồ siôu rẻ,1,1,0,0,0
không mua được hàng đặt xong shoppee tự hủy,0,0,0,1,0
đăng nhập mà như đi tù,0,0,0,0,1
thật sự không muốn đánh giá đâu ạ nhưng hệ thống rất khôn lõi đơn hàng hủy nhưng vẫn bị trừ tiền xong rồi kím cớ này kia kéo dài thời gian hoàn tiền bắt cung cấp số tài khoản mới chịu hoàn tiền cung cấp rồi cũng không hoàn tiền không biết có phải lừa đảo giả danh ứng dụng không hay là lừa đảo ở 1 trình chuyên nghiệp thật sự rất chê nha,1,1,1,0,1
giao hàng nhanh đúng mẫu lựa chọn,0,0,1,0,0
ok rất ok,0,0,0,0,0
giải quyết vấn đề rất tệ hệ thống quét ngu gọi cskh có cũng như không,1,0,0,1,0
thấy rất ok,0,0,0,0,0
quảng cáo qua trời ghét quá gở app luôn,0,0,0,0,1
chưa nhận được hàng nhưng thấy giá tốt,0,1,1,0,0
chờ 5 ngày để nhận 1 đơn từ thành phố nhưng nhận lại được chữ hoàn hàng trong khi chx có cuộc gọi nào đến thua xa bên app kia đặt đơn từ hà nội là 3 4 ngày sau về tay,0,0,1,1,1
đã xem quá ít sản phẩm nghèo nàn ngoài hàng điện tử thì chả còn gì thú vị sách cũng quá mắc,1,1,0,0,0
rất tiện ích,0,0,0,0,0
mua hang ăn lỗi hoai tha dung khuyen mãi cho ma giam gia app vao loi qua shopee mua cho khoe,0,0,0,1,1
đã không bằng mấy trang khác còn cơ chế voucher tào lao nghỉ khỏe luôn đi chứ ai mà mua,0,1,0,0,0
lazada bán de phết,0,0,0,0,1
bán hàng mà không muốn bán không muốn giao hàng chất lượng dịch vụ quá kém vận chuyển giao hàng quá chậm,1,0,1,0,0
1 các đầu sách và sản phẩm khác chưa thật sự đa dạng giá còn cao khó cạnh tranh với sàn khác ít mã khuyến mãi có thể áp dụng 2 giao diện kết quả tìm kiếm trải dài 1 cột như vậy hơi khó nhìn được tổng quan 3 rất hi vọng các sàn thương mại điện tử của việt nam như tiki sendo sẽ phát triển hơn nữa,1,1,0,0,1
toàn dao cái tùm lum tà la không đúng hàng,0,0,0,0,0
sản phẩm mua về sử dụng ok,1,0,0,0,0
nhanh chống,0,0,1,0,0
app không cho thanh toán khi nhận hàng vì nhiều đơn giao không thành công trong khi chưa hủy 1 đơn nào cả tr ơi t ức chế lắm r mã giảm giá thì không cho dùng lúc dùng được thì lỗi không cho đặt hàng chịu hết nổi,1,1,1,0,1
ok tiện lợi cho việc mua bán,0,0,0,0,0
để 5 sao cho vui thôi cho ace đọc chứ ứng dụng gì mà xem hàng kéo xuống xong tự nhảy lên m a s nóng,0,1,0,0,1
tôi bị cr01 dù không có làm gì bất thường gửi mail thì nội dung mail phản hồi như bot chat đều giống nhau hết tất cả,0,0,0,1,0
rat hiu ich,0,0,0,0,0
hủy thì hủy đi còn bắt tk ngân hàng đồ đồ,1,0,0,0,0
lazada có mục trả hàng với lý do không còn nhu cầu không nhỉ,0,0,0,0,1
cái choice hồi trước dùng tốt bây giờ tệ thật sự giao lâu hơn cả shopee cửa hàng nước ngoài mà còn tự ý hủy đơn chất lượng chat và liên hệ rất tệ luôn không giải quyết được vấn đề,1,0,1,1,1
giao hàng chậm trễ cho 1,0,0,1,0,0
qc thì hay hết chỗ nói đặt hàng thì phải 2 3 lần chưa nhận được hàng trả hàng và đối hàng thì rất khó chuyển qua tiktok cho khỏe,0,0,1,0,0
mua sách vài lần thì thấy khá thích giao hàng cũng nhanh,1,0,1,0,0
lôi kéo người mới cho mã 80k áp mã liền bị khóa tài khoản thế chúng mày đừng cho,1,0,0,0,0
có nhiều voucher mink đã đặt thứ đắt tiền nhưng khi thanh toán lại được giảm,0,1,0,0,0
quỵt tiền của khách khuyên mọi người mua thì đừng sử dụng các phương thức thanh toán như qua thẻ ngân hàng hay gì tốt nhất chỉ nên chọn cod mình bị lazada hủy 2 đơn xong không hoàn lại tiền cho mình,0,1,0,0,1
mình thấy tiki giao hàng quá chậm so với ứng dụng mua hàng online khác,0,0,1,0,1
mẹ đăng nhập tk thì tk bị khóa đăng kí thì cũng bị khóa app như con c c,1,0,0,0,1
bán thông tin khách hàng thông đồng với best express tạo đơn ảo đơn 0đ sau khi nhắn thì không giải quyết dù tôi đã ngưng sd lazada từ rất nhiều năm rồi nhưng sdt của tôi lại bị lazada bán thông tin,1,0,0,1,1
that su minh hai long voi nhung gi lazada mang lai,0,0,0,0,1
đang chơi game mà quảng cáo quài cho 1 sao luôn,0,0,0,0,0
phí ship quá cao,0,1,1,0,0
không co vocher giảm giá người mới,1,1,0,0,0
quá vui chơi được món đồ 1k,1,0,0,0,0
tự ý khóa tk khách hàng mua nhiều thì khóa sợ tiki thật bọn đểu cáng,0,0,0,0,1
cửa hàng tốt dk xem hàng trước khi nhận,0,0,1,1,0
cập nhật 11 11 2025 click xem sản phẩm báo xác nhận bạn có phải là robot xác nhận hình ảnh xong rồi mới dùng bình thường lúc trước có vậy đâu,1,0,1,0,0
tài khoản mình dùng rất lâu rồi mà bị cr01 rất tệ,1,0,1,0,0
mẹ chs mà tự hủy đơn của người ta đợi lâu bỏ mẹ được,0,0,1,0,0
úng sụng nhu cc,0,0,0,0,0
cho tí lộc,0,0,0,0,0
ok nhiều mã giảm lúm,0,0,0,0,0
mã voucher bị lỗi không khắc phục được,0,1,0,0,1
tiki giao hàng nhanh trong 2h hàng chính hảng luôn nha,0,0,1,0,1
nhanh gọn tiện dùng đáp ứng mọi nhu cầu của người tiêu dùng,1,0,1,0,0
nên để thông tin shipper giao hàng trên app để cho khách hàng biết,0,0,1,0,1
giá siêu siêu hời nên tải app nha mn,0,1,0,0,1
cũng cũng,1,0,0,0,0
ứng dụng rất tốt,0,0,0,0,1
tệ lừa dối khách hàng lừa dối người dùng coi lại cách vận hành coi nguoeif dùng như kẻ ngốc để dắt mũi từ bỏ không bao giờ dùng lazada thêm 1 lần nào nữa,1,0,0,0,1
mua sắm rất tiện lợi giao nhanh trong 2 giờ,0,0,1,0,0
lỗi cr01 chả mua gì được bị hơn 2 tháng nhờ hỗ trợ mà chả giúp gì được,0,0,0,1,1
mẹ thời gian quảng cáo quá lâu,0,0,1,0,0
như cdb đi l đâu cũng quảng cáo,1,0,0,0,0
tôi đã từng mua hàng của lazada và vừa ý với hàng hoá đã mua,0,0,0,0,1
coi thường khách hàng nhắn tin cần hỗ trợ không thèm trả lời,0,0,0,1,0
vui cho những đại gia,0,0,0,0,0
rất tốt nên dùng hay,1,0,0,0,0
lý a cha,0,0,0,0,0
coi thường khách hàng,0,0,0,0,0
giao chậm trễ thế ghi ngày làm gì,0,0,1,0,0
vì mình thích phi hành gia trong ứng dụng này nên cho 5,0,0,0,0,1
1 sao khi nào giải quyết thỏa đáng thì thôi,0,0,0,1,0
đặt 5 món đồ cứ bị hủy liên tục 1s nhé,1,0,0,0,0
app rất tuyệt vời mua những thứ mình thik,0,0,0,0,1
rất đa dạng mặt hàng giao hàng rất nhanh chống,0,0,1,0,0
mọi người mua tiki now để ý cửa hàng sale xong mà mình mua hàng mua nhiều xong báo tài khoản lừa đảo lợi dụng gói tikinow xong khoá now đó coi chừng tụi này nó lừa lời ít là nó khoá đơn mua triệu triệu thì tụi nó im ru đó cạch mặt tiki,0,1,0,1,1
không ok lắm vs shippo không giao hàng đặt 2 tháng 8 mà 29 mới giao,1,0,1,0,0
rất nhiều voucher nếu cho tôi đánh giá thì tôi sẽ đánh giá 10,0,1,0,0,0
có một số gian hàng bán về kết nối không được nhắn tin cửa hàng không trả lời gì hết đến nay 2 năm trời không có hồi âm gì hết lazada phải có biện pháp với các cửa hàng này mua bộ sound card p300 về không xài được gì hết,1,0,0,1,1
phưc tạp,0,0,0,0,0
tặng đồ chx nhận đã tự hủy lại bảo lỗi thế tặng làm gì,1,0,1,0,1
hoàn tiền vào tknh của khách chứ đừng hoàn vào ví shopee,0,1,0,1,1
tôi là người mới được cái phiếu giảm giá mà cấm tài khoản không cho tôi dùng phiếu đã thế còn khoá tài khoản của tôi,1,1,0,0,0
có nhìu đồ rẻ,1,1,0,0,0
lâu không vào tự nhiên thành tài khoản trắng mất toàn bộ lịch sử đơn hàng cùng điểm bookcare trước đó làm ăn bát nháo mất dạy,0,0,1,0,0
vừa ý thoải mái khi đặt mua tại cửa hàng pi,0,0,0,1,0
hàng hóa đẹp giao hàng nhanh miễn phí ship,1,1,1,0,0
hiển thị 31 xu nhưng cho áp 1 xu không tôn trọng thời gian sự quan tâm của người dùng,1,1,0,0,0
giao hàng nhanh thật,0,0,1,0,0
shopee riết muốn trả hàng cũng không chịu đến lấy đặt lần 1 đợi cả tuần không shipper nào đến lấy hàng trả tự hủy đơn khiếu nại đặt lại lần 2 cũng vậy không ai đến lấy bắt cầm ra bưu cục ai mà rảnh nhắn tin thì toàn cho bot trả lời không riết quá xem thường khách hàng thôi thì 1 sao nhé nhắm nuốt tiền được thì cứ nuốt,1,1,1,1,1
làm ăn quá tệ không lo quan tâm đến khách hàng đặt có cái đơn hàng cả tháng trời chả thấy báo 1 cuộc gọi nào để khách hàng phải gọi lên tổng đài đến 2 3 cuộc quá tệ,0,0,1,1,0
tôi đã quen mua sắm trên shoppe rồi nhưng không hiểu vì sao các loại thuốc trừ sâu rầy không hề được bán trên shoppe nên tôi phải mua chỗ khác tiếc quá,0,0,0,1,0
tài khoản hoạt động bình thường lại bị đánh cr01 thật là một trải nghiệm tệ,0,0,0,0,1
tự hủy đơn,0,0,0,0,0
jika lazada ada support ewallet ada duitnow qr macam shopeepay lagi bagus,0,0,0,1,1
tuyệt zoi,0,0,0,0,0
không có voucher cho người mới,1,1,0,0,0
quảng cáo khắp nơi là 1 chuyện nhưng cách quảng cáo rất làm phiền người khác mong sao có ứng dụng mua hàng khác tốt hơn để xóa shopee,0,0,0,1,1
nên bán đồ gẻ hơn,1,0,0,0,0
tệ lỗi nhiều,0,0,0,0,1
con mẹ đag lướt tìm đồ mà quẹt lên hoài làm con mẹ j cho 1 sao là mai,1,0,0,0,0
toàn điện đắt tiền xịn,0,1,0,0,0
hàng đúng bài đăng uy tín chất lượng,1,0,0,0,0
tại khoảng tui không làm gì cả chỉ là mua đồ được 1 2 năm gì nó khóa tài khoảng tui lại lỗi gì fo2,1,0,0,0,1
mới tạo tk cái bị band vì lý do bảo mật,1,0,0,0,0
mua hàng không giao về liên tiếp 2 lần huỷ đồ đặt về,1,0,0,0,0
tới lúc săn sale thì lỗi,0,1,0,0,1
thíc vcl,0,0,0,0,0
tôi hay lòng,0,0,0,0,0
quảng cáo hoài im cho tui nhờ,0,0,0,0,0
đồ trên shopee rẻ còn giao hàng tận nhà,1,1,1,1,1
shoppe giúp tôi trải nghiệm tốt,0,0,0,1,1
tự nhiên tài khoản bị cr01 dù không làm gì cả,0,0,0,0,0
tốt tạm được,0,0,0,0,0
đặt hàng hỏa tốc từ 18h có shiper xác nhận lúc 18h41 mà đến 22h47 vẫn kh lấy hàng giao mà còn kh chịu bắt shiper khác nữa quá thất vọng,0,0,1,0,0
cần bổ sung nhiều voucher hơn,0,1,0,0,0
bắt đăng nhập hoài,0,0,0,0,1
mới tải app mua liền 2 đơn và bị lừa hết cả 2 khiếu nại hoàn tiền quá lâu không biết đến bao giờ lấy lại được tiền,1,1,1,0,1
đăng kí acc bằng mọi cách nhưng đều bị khóa hết,0,0,0,0,0
đặt hàng 2 lần đều bị trả lại trong khi con bạn gần nhà đặt lại nhận được hàng,0,0,1,0,0
tốt giá rẻ giao hàng nhanh không lo lừa đảo,0,1,1,0,0
tiki quảng cáo sai sự thật về rác phẩm nỗi buồn chiến tranh rác phẩm này đã bị thu hồi giải thưởng năm 1993 và cấm xuất bản vậy mà tiki quảng cáo đạt giải thưởng năm 1991,0,1,0,0,1
đừng chui vào web mà tao đang dùng ok biết vì sao ít người dùng không là giá cao hơn shoppe và voicher không ai biết cách dùng đấy thành phần hay mua hàng thường có nhiều trường hợp không có tài khoản ngân hàng nên không thanh toán bằng chuyển khoản ok,1,1,0,1,0
trên app đăng sản phẩm nầy giao sản phẩm khác chất lượng kích cở không đúng người giao hàng ăn nói thiếu lể độ còn thách thức khách đừng đặt hàng shopee nữa thiệt hết ý kiến luôn,1,0,1,1,1
ứng dụng rất tốt,0,0,0,0,1
đồ khá là mắc vì dôd chính hãng mình không tải app lần nào nữa vì mình không đủ tiền mua hàng mâc như này không có voucher cho ng mới nữa,1,1,0,0,1
biết ơn tiki đặt hàng nhanh chóng ạ,0,0,1,0,1
mình vào đây mua ví mini,0,0,0,0,0
tui đã mua cỡ 10 mấy cuốn sách và khá ok rẻ nữa,0,1,0,0,0
mua hàng được kiểm tra hàng thoải mái,0,0,0,0,0
2024 đã đánh giá 1 lần trải nghiệm rất tốt mua đồ rất sướng nay 2026 đánh giá lại vốn chỉ mua những món đồ rất bình thường 4 500k mỗi món mua đúng 1 lần thế mà lại bị cr01 khó hiểu,1,1,0,0,1
ok lắm nha nên tải thử 1 lần,0,0,0,0,0
quảng cáo mọi lúc mọi nơi,0,0,0,0,0
nói chung là tốt,0,0,0,0,0
lần đầu mua hàng giao nhanh đạt yêu cầu,0,0,1,0,0
không được friship,0,0,1,0,0
nhắn tin cho cửa hàng thì toàn để trợ lý ảo trả lời hộ muốn gặp chủ cửa hàng khó không ai trả lời,0,0,0,1,0
tiki giao hàng chính hãng,1,0,1,0,1
rất good,0,0,0,0,0
sở thích quần áo đẹp,1,0,0,0,0
tôi thường xuyên mua hàng tại shopee,0,1,0,1,1
giao nhanh gói hàng cẩn thật,0,0,1,0,0
mik nói chuyện rất lịch sự mà ship nói chuyện rất chi là cọc,0,0,1,0,0
rẻ mà bền rất hài lòng cho 5 sao muốn cho 10 sao mà không được,0,1,0,0,0
ta i chu yê u đê mua sa ch co n la i thi cu ng ok,0,0,0,0,0
nhận nhân viên không chuyên nghiệp không học thức,0,0,1,1,0
hàng rẻ đẹp tốt cho năm sao yêu tiki nhều,1,1,0,0,1
đắt dell shopee,0,1,0,1,1
ok hài lòng,0,0,0,0,0
tìm đồ muốn mua rất dễ dàng hơn tiktok,1,0,0,0,0
chưa bán được đơn nào như nhân viên điện thoại tư vắn cửa hàng mới rất nhiệt tình,1,0,0,1,0
ship đắt kinh khủng,0,1,1,0,0
kém vào mục tìm kiếm không có chế độ tìm bằng hình ảnh,0,0,0,0,0
khôn tót,0,0,0,0,0
không được miễn phí vận chuyển và phí vận chuyển rất đắt tôi đã mua hàng ở đây,0,1,1,0,0
dịtmm bịp,0,0,0,0,0
thêm chế độ nền tối đi tiki để bảo vệ mắt khi đặt hàng về đêm,0,0,0,0,1
bạn giao hàng máy bay đèn led nhanh quá nó không bị sao á không thank you lazada,0,0,1,0,1
ứng dụng đang xài tự nhiên bị lõi không thanh toán được chán,1,0,0,0,1
mua hàng rất tốt,0,0,0,0,0
du me con cac du ma may,0,0,0,0,0
hàng rẻ tiền ship cũng rẻ hàng chất lượng tốt,1,1,1,0,0
mình thấy tiki giai đoạn này hoạt động rất tốt mục ship hàng nhanh 2 giờ rất đúng hẹn và đặc biệt phận hẹn giờ giao hàng cho khách hàng chủ động đội ngũ chăm sóc khách hàng nhiệt tình hướng dẫn đổi trả mình rất nhanh chúc tiki ngày càng phát triển và luôn đặt khách hàng làm trọng tâm như hiện nay,0,0,1,0,1
chủ vì skdbdjf,0,0,0,0,0
ứng dụng siêu tốt tiện lợi hữu ích và có nhiều mã,0,0,0,0,1
cứ quảng cáo miết,0,0,0,0,0
đội ngũ giao hàng có việc gì bận mà giao hàng chậm thế,0,0,1,0,0
không đk được tài khoản,0,0,0,0,0
mua được 1 đơn thì hủy một ngày thông báo ảo 20 cái nào là mua giảm giá cộng tiền vào tk t mà kiện được kiện cái app này luôn láo vô cùng,0,1,1,0,1
rất tệ dùng mãi không sao bỗng nhiên đặt hàng không được app báo không thể giao hàng đến địa chỉ đã chọn vui lòng xóa hàng hoặc thay đổi địa chỉ mặc dù dùng mãi chả sao lộn cả mề,1,0,1,0,1
quá hay sale nhiều,0,1,0,0,0
rất không hài lòng với hệ thống của lazada tôi chẳng làm gì cũng bị dính cr01 báo cáo hỗ trợ thì gỡ được một thời gian lại bị,1,0,0,1,1
hàng 15 0 tiền ship 50 0 mắc v ai mà mua được t còn là học sinh nữa chứ,0,1,1,0,0
mọi thứ đều tốt,0,0,0,0,0
khuyên mọi mọi người đừng mua hàng lỗi lắm đểu hay lỗi kĩ thuật còn không đổi hàng nhắn tin thì không cần trả lời quá tệ,0,0,0,0,1
nâng cấp mấy ngày không xong,0,0,1,0,0
giá cả đắt không ưu đãi vip phải bỏ tiền ra mua,0,1,0,0,0
rất là hài lòng dao hàng nhanh,0,0,1,0,0
tiki kết hợp với cửa hàng bán lừa đảo à,0,0,0,1,1
tôi không hiểu tại sao bây giờ trồng cây 10 xu lại đặt về 12h trưa thay vì 00h như trước tỉ lệ fix hết quá nhanh không trồng kịp xu điểm danh nhiệm vụ cho quá ít mong sửa lại,0,1,1,0,0
xử lý đơn hàng lâu giao lâu hết xác nhận tới luân chuyển có 1 thùng bia trong sài gòn mà giao tận nửa tháng lần cuối đặt tiki,0,0,1,0,1
đơn hàng từ 21 9 đến bây giờ vẫn không đựoc giao khôg cập nhật không có trạng thái gì và không hủy đơn đựoc làm ăn vầy sao cạnh tranh laz shopee sợ luôn,0,0,1,1,1
nên co nhiều loại vỏ gối khác màu sạch sẽ trong gia đình mỗi nguoi dùng một màu không bị nhầm lẫn chất liệu sản phẩm êm đúng như quảng cáo giao hàng nhanh,1,0,1,0,0
cửa hàng giá rẻ vào nhanh,0,1,1,1,0
cực kì thất vọng đặt hàng hoãn chán chê r bắt đầu hủy đơn làm ăn chẳng ra thể thống gì,0,0,0,0,0
oki live,0,0,0,0,0
săn hàng giá rẻ ngon lành,1,1,0,0,0
nó có khả năng gọi đồ ăn hoă c đồ uống tôi đánh giá năm sao cho app này tôi rất thích nó,1,1,0,1,1
giao ha ng nhanh sa n phâ m châ t lươ ng gia re,0,0,1,0,0
không kiểm soát đăng ký mở cửa hàng đã tiếp tay cho bon gian lấy cắp thông tin đặt hàng rồi gửi bên ngoài thua tiktok quá xa anh em mua hàng nên cẩn thận xem lại lựa chọn tiktok chỉ cần người dùng đánh giá 1 sao là bị phạt và đóng băng tk lần 2 gở bỏ cửa hàng ngay đăng ký bán phải được xác thực giá không phải là giá ảo để dụ thu thập thông tin khách hàng anh em nên là người thông thái khi gửi trọn niềm tin nha khách hàng không phải là tham mà là họ tin tưởng thấy giá rẻ tưởng hổ trợ nào ngờ bọn gian,1,1,0,1,0
rất hữu ích tiện lợi đặt hàng online giá siêu rẻ nữa,0,1,0,0,0
nhanh lẹ tốt,0,0,1,0,0
hiểu sao cùng 1 cửa hàng các sàn sàn zalada giá cao hơn mấy sàn khác giá cao hơn rất nhiều cùng cùng 1 sản phẩm cùng 1 cửa hàng mấy mã giảm không rõ ràng hoặc cửa hàng không ghi rõ ở đâu tìm rat khó khăn,1,1,0,1,0
hai qua haha,0,0,0,0,0
không hài lòng cửa hàng tự hủy đơn,0,0,0,1,0
giao hàng như c bảo m10 về mãi bây giờ11 vẫn không thấy,0,0,1,0,0
ship giờ đắt hơn shopee rồi,0,1,1,1,1
làm ăn chán,0,0,0,0,0
tuyệt vời,0,0,0,0,0
cửa hàng tôi rất thích,0,0,0,1,0
tôi cho 4 sao,0,0,0,0,0
hay shopee đỉnh,0,0,0,1,1
mình được con điện thoại ngon rẻ,1,1,0,0,0
shoppe uy tín giao hàng nhanh hàng đúng với ảnh giá cả rẻ hơn là mua ở chợ nhiều,0,1,1,1,0
hàng giao nhanh đúng hẹn thấy uy tín rồi,0,0,1,0,0
làm ăn phát chán shopee lazada đặt hàng bữa trước bữa sau là có ông tiki hẹn tới hẹn lui đợi cả tháng rồi tự hủy luôn đơn hàng của người ta,0,0,1,1,1
dùng s23 ultra nhưng lần nào vào ứng dụng cũng chỉ lướt đk vài phút là đơ ứng dụng không phản hồi muốn ủng hộ mà phần mềm tệ quá thay coder đi bao năm vẫn bị,1,0,0,1,1
ok cài đặt được,0,0,0,0,0
trả hàng đăng video khui hàng không được gặp shopee là xong xuôi rồi,0,1,0,1,1
đúng là tiki gì cũng có tìm thuốc lá điện tử mỏi cả tay mà không thấy hay thật,1,0,0,0,1
chữ giao diện thì nhỏ tí tí mày làm app để cho ai xem tài khoản thì méo có xem được ngày tạo bao nhiêu cửa hàng thì méo xem được số nó tên gì tạo lâu chưa giao diện xấu hoắc,0,0,1,1,1
hàng vừa ý đúng như cảo cáo ship bơ giao hàng vui vẻ đánh giá cho 5 sao lần sau ủng hộ tiếp,0,1,1,0,0
cái app như qq hoàn tiền về méo sử dụng được,0,1,0,0,1
ứng dụng này rất hay,0,0,0,0,1
ít tiền mua đồ tiện hơn,1,1,0,0,0
quá tốt vừa rẻ vừa chất lượng 10 điểm,1,1,0,0,0
mọi thứ đều tốt,0,0,0,0,0
từ khi tải ap này tôi tốn tiền quá không,0,1,0,0,0
hơi đầu tư,0,0,0,0,0
giao hàng lâu hàng sẵn mà giao như hàng oder,0,0,1,0,0
hàng bthg thì gưit nhanh lắm tới hàng người ta săn sale được thì báo bên nước ngoài 2 tuần mới được lấy tới lúc tới ngày nhận hàng thì báo hủy hề hước vc,1,1,1,0,0
giao hàng nhanh đóng gói cẩn thận 5sao,0,0,1,0,0
dạo này giao hàng quá lâu về trạm giao hàng sáng 9 4 mà dự kiến giao 14 4 6ngày đó để làm gì vậy trong khi đơn hàng ban đầu giao dự kiến 10 4 riết chán chả muốn mua không có cải tiến gì cả,0,0,1,0,0
tôi rất vui khi có shophee để mua sắm thứ gì mà không cần phải đến xã mà chỉ cần chờ hàng đến ngày,0,0,1,1,0
app xóa tài khoản vì bên bán hàng họ giao hàng không đúng mình đt yêu câu hoàn tiền app đt thông báo tài khoản bạn sẽ bị khóa vì đơn hàng đó không được hoàn trả mà cứ yêu cầu hoàn trả lại 10 đơn hàng mà app xóa tài hoản,0,1,1,0,1
hàng thiếu chất lương kém không được trả hàng shipper thái độ,0,0,1,1,0
một ứng dụng mất dạy cho chúng mày một sao là nhiều lắm rồi mọi người không nên tải ứng,0,0,0,0,1
acc mới lập đã bị lỗi xong gỡ lỗi r lại lỗi tiếp quá tệ,1,0,0,0,1
lâu 1sao,0,0,1,0,0
app tuy giá tốt giao cũng nhanh nhưng hệ thống nhập sai số điện thoại của khách làm shipper không liên lạc được với khách hàng không phải 1 lần mà đã 3 lần số cuối 990 mà ghi 690 số cuối 466 mà ghi 496 số cuối 149 mà ghi là 749 mong hệ thống tiki khắc phục lại,1,1,1,0,1
hay tiện lợi nha,0,0,0,0,0
đánh giá xàm chấm điểm không công bằng,0,1,0,0,0
app hữu ích chúc ngày càng phát triển hiện muốn vay thì vô trang 𝐕𝐚𝐲𝐓𝐨𝐭𝐍𝐡𝐚𝐭 này đảm bảo vay tốt nhất luôn nhận 9tr900 dễ phí cực tốt do em đang thiếu chỉ tiêu sắp bị cho nghỉ việc về app này cửa hàng từ chối giao hàng chưa chịu fix lỗi đơn hàng đặt sau 3 ngày hệ thống không thể tự động hủy đồng thời sản phẩm đó bị cấm bán trong 6 tháng tình trạng này tui đăng lừa đảo bán sản phẩm 1k làm mất uy tín lazada 1 cách dễ dàng ép qua shopee mua,1,1,1,1,1
mình hay quên mật khẩu mà mỗi lần mua là bắt đăng nhập lại vô cùng phiền phức,0,0,0,0,1
như bùi,0,0,0,0,0
có xu để mua đồ luôn nhé,1,1,0,0,0
đang trại nghiềm,0,0,0,0,0
ứng dụng càng cập nhật thì càng có nhiều lỗi vặt phản hồi chậm đơ chức năng hỗ trợ chỉ chat được với tổng đài tự động còn yêu cầu gặp tổng đài viên thì cho chờ cả buổi cũng không thấy đâu hệ thống liên tục báo reconnect dịch vụ càng ngày càng đi xuống,1,1,1,1,1
shopee bị gì vậy muốn đặt hàng mà kh được r tải bộ chỉ để tôi xem hàng thôi à,0,0,0,1,1
ổn áp không bị đào lửa,0,0,0,0,0
rất xuất xắc,0,1,0,0,0
rất tiện lợi cho việc đặt hàng,0,0,0,0,0
không mua được,0,0,0,0,0
làm ơn đổi đơn vị vẩn chuyển giùm,0,0,0,0,0
tốt chất lượng nhanh chóng,1,0,1,0,0
làm ăn tệ giao hàng lâu ngày seo thì tài khoản nào cũng có voucher riêng tài khoản mình thì không ủa sao lạ vậy thấy họ nhiều xu cái chơi kỳ vậy tệ hại nói chung là quá tệ,1,1,1,0,0
khó sử dụng thà tốt nhất kh nên tải nhá mg nên sử dụng shopee mall với tik tok cửa hàng là tốt nhất nhá mọi ng,0,0,0,1,1
tệ gửi yêu cầu hoàn tiền kèm video khui hàng làm bằng chứng cửa hàng gửi thiếu hàng mà bị từ chối yêu cầu do không đủ bằng chứng sau đó đơn hàng tự động chuyển qua trạng thái đã nhận không có nơi khiếu nại không uy tín,0,1,1,1,0
có 2 sim đăng ký cả hai đều bị khoá tài khoản xong gọi cskh del giúp được gì bảo sao thua shoppe,0,0,0,1,0
shopee dùng rất ổn 5sao,1,0,0,1,1
không làm gì cũng khóa tk mấy cái acc vừa mới đăng ký cũng khóa luôn,1,0,0,0,0
đề nghị tiki thêm khung thời gian giao hàng lúc ở nhà thì không giao lúc bận đi làm hết rồi thì lại giao hàng quá mệt mỏi phải trông ngóng chờ hàng,0,0,1,0,1
giao hàng nhanh sản phẩm chất lượng,1,0,1,0,0
huhu lúc đặt app ghi giờ giao dự kiến là khi nào thì tiki giao trong khoảng đó đi ạ mình đâu đặt giao nhanh đâu mà giao sớm hơn dự kiến tận 2 ngày lúc đặt mình đã canh thời gian dự kiến phù hợp với thời gian mình rảnh rồi không phải lúc nào giao lệch ngày quá cũng tốt đâu ạ phiền lắm ngay lúc mình bận nên giao tùy khách hàng nữa á chút góp ý nhỏ,1,0,1,0,1
chơi game kiếm xu với ladawas cho tốn thời gian đến khi mua hàng thì giá trên tận trời mây trừ ladawas cũng còn cao chơi game thì muốn có ladawas phải mua hàng mới có chơi game tặng quà thì cái kẹp đáng giá 10k thì phí ship 42k lừa đảo người dùng mọi mặt tệ tệ tệ thua xa shoppee không có giảm giá xu mà vẫn giá rẻ,1,1,1,1,0
chưa bao giờ thất vọng như v order thừ 23 9 13 10 hàng vẫn nằm ở kho không gửi đi shoppe lazada mình order sau mà họ đã đến từ lâu rồi và những cuộc gọi hỗ trợ vẫn chỉ có 1 câu trả lời chờ 14 đến 20 ngày thanh toán hết rồi mà phải chờ mỏi mòn như vậy đâu sẽ là lần cuối cùng tôi sử dụng tiki bye,0,0,1,1,1
shopee bị lỗi code rồi mọi người nhớ đừng có cố gắng cheat mã nữa từ bỏ đi,0,0,0,1,1
tốt lắm,0,0,0,0,0
mong tiki thêm chức năng thay đổi hình avatar,0,0,0,0,1
tuy có rất nhiều đồ dùng được giao bán nhưng cũng có nhiều đồ không được giao bán và cũng không có,1,0,0,0,0
tôi rất hài lòng,0,0,0,0,0
thuê quảng cáo lắm thế,0,0,0,0,0
quá vip,0,0,0,0,0
quản lý bằng ai ngu hết sức mình mua cái card vga cũ xong hỏi cửa hàng bảo hành bao lâu thì thấy được coa 1 tháng nên mình hủy đi mua mới ở cửa hàng khác thì bị khóa tk do lạm dụng mã km,1,0,1,1,0
hài lòng,0,0,0,0,0
tạo mấy cái tài khoản nào là gmail fb với sđt vẫn chả đăng nhập được chán thật sự,0,0,0,0,1
rất tốt cho 5 sao,0,0,0,0,0
có mã nhưng không áp được muốn ăp mã mà cứ mã này này của bạn đã hết hạn đổi bao nhiêu là nick nhưng nick nào cũng vậy,1,0,0,0,0
yêu cầu shopee thắt chặt hơn dạo này có nhiều nick ảo gửi tin nhắn kèm các đường link không rõ nguồn gốc cho tôi và tôi cảm thấy rất phiền,0,0,0,1,1
lần thứ 3 mua đồ ở đây bị treo đầu dê bán thịt chó quá thất vọng nên không xài app này nữa,1,0,0,0,1
bị lỗi vi phạm dù 3 tháng đặt 1 lần không dùng được choie xử lý đi ạ,1,0,0,0,1
rất hài lòng về sản phẩm để,1,0,0,0,0
tải vì có hat,0,0,0,0,0
hàng nhận bị trầy gửi yêu cầu đổi hàng từ 14 11 2021 đến 15 11 nhận phản hồi từ tiki là sẽ thu hồi nhưng tới 26 11 gửi thêm khiếu nại rồi tới nay là 01 12 hoàn toàn không có động thái gì thêm từ tiki dù shipper vẫn qua lại giao hàng bình thường tiki viện cớ là dịch bệnh không thu hồi thực chất là không giải quyết cho khách,0,0,1,1,1
cho voucher nhưng không sử dụng được lúc đầu thì giảm giá lắm mà bấm vô mua thì giá trên trời bọn buôn bán lừa đảo,0,1,0,0,0
mã giảm giá nhiều,0,1,0,0,0
cũng ok,1,0,0,0,0
rất đáng giá,0,1,0,0,0
thích quá,0,0,0,0,0
sóp pe tốt hơn,0,0,0,0,0
tự động hủy hàng mà phải đợi 3 4 ngày mới trả tiền lại uy tín mới cho 5 sao mà tiki mắc quá không nên tải về nha mn,1,1,1,0,1
phương thức thanh toán khi nhận hàng của t vứt cho chó ăn r à bt t đổi lâu lw không app ra s,0,0,1,0,1
hiện tại cũng ổn sau này chưa biết,1,0,0,0,0
mặc dù về cơ chế xu không được tốt nhưng thôi không sao thi thoảng được pee tặng mã giảm giá cũng ngon lành r _update shope giảm xu điểm danh hàng ngày r tôi chán quá không muốn vào app luôn,1,1,1,1,1
tìm tài liệu trên gg mà cứ nhảy qua thằng này thôi lầm thứ n xóa app rồi,0,0,0,0,1
như l,0,0,0,0,0
gì mà ngày gửi cả trăm cái thông báo khó chịu vãi cực kì,0,0,1,0,0
khuyên thật đừng có tải nếu không muốn hối hận app dỏm lắm pr thì thấy hay lắm,0,0,0,0,1
làm ơn quản lý bên kho vận chuyển dùm cái bị lấy hàng xong giao thùng không,0,0,1,0,0
có tặng 3 món miễn phí hài lòng mặc dù miễn phí nhưng đóng gói rất cẩn thận bất ngờ 0,0,1,1,0,0
có fri síp không ta,0,0,0,0,0
bên tiki áp mã giảm giá rất khó hiểu mong sao làm như bên lazada và shoppe hoặc sendo mình mua hàng rất nhiều nhưng bên tiki rất khó lấy mã nếu lấy được cũng khó sử dụng nhiều mặt hàng mình muốn mua nhưng không áp mã được rất là rườm rà,1,1,0,1,1
tốt,0,0,0,0,0
tuyêt vơi,0,0,0,0,0
không bằng shopee phục vụ thì kém cửa hàng shopee tốt vãi lazada ship thì thái độ giao chậm chịu,0,0,1,1,1
app rất tốt,0,0,0,0,1
ứng dụng lỗi hệ thống rồi vào không được,0,0,0,0,1
không nhận được xu,0,1,1,0,0
thấy miễn phí cho không mà không biết thiệt hay giả,0,1,0,0,0
kha hư u i ch giao ha ng nhanh,0,0,1,0,0
mua hàng được kiểm tra 10 đỉm,0,0,0,0,0
giao hàng chậm 1 sao,0,0,1,0,0
cửa hàng chăm sóc khách hàng kém mọi người đừng nên mua ở tiki hãy mua nơi nào bạn thấy hợp lí hơn nha khuyên thật chất lượng không có đâu ra tiệm tự lựa ok hơn,1,0,0,1,1
riết hết muốn mua đồ trên lazada tài khoản tự nhiên bị không lấy xu điểm danh được điện hỏi thì bảo bị mạng internet này nọ trong khi shopee vẫn dùng được bình thường không muốn cho xu nữa thì dẹp mẹ cái app đi bán mắc hơn chỗ khác mà app còn bị lỗi nữa kêu thoát ra khỏi động lại nó khóa mẹ tài khoản của người ta lấy lí do hoạt động bất thường,1,1,0,1,1
ok good,0,0,0,0,0
gặp shipped nvc h m giao ở ts th lấy mất đơn báo đã nhận hàng shopee không có hướng giải quyết mong muốn sẽ không sử dụng nữa,0,0,1,1,1
quá tệ đăng nhập người mới không mua được hàng không thể khắc phục mã choice cho người mới,1,0,0,0,1
có phiếu giảm giá 100k mà tự nhiên đến ngày hôm nay nó mất tiêu cho dù hôm nay là ngày được sử dụng,0,1,1,0,0
mua oke,0,0,0,0,0
làm ăn như cut đặt cgi cũng đến nơi rồi thì báo hoàn về ng bán,1,0,0,0,0
đã đăng nhập bằng google rồi mà kêu xác minh sđt mua sắm thôi mà khó khăn cửa hàng đổl lại như trước là tốt nhất,0,0,0,1,1
trả hàng mãi không được chỉ biết hứa hứa sẽ nhanh nhất chứ có thấy ai đến lấy đơn trả hàng đâu làm ăn thì không gọi được cho nhân viên thế khiếu nại với hỗ trợ kiểu gì,0,0,1,1,0
cr01 vô lý bảo mail hỗ trợ thì không nhận được,0,0,1,1,0
bản thân mình rất thích áp này lun mình đã xem qua rất nhiều app nhưng chỉ có app này là tốt và thích nhất thôi iu tiki _,0,0,0,0,1
nhiều voucher,0,1,0,0,0
không đăng nhập được,0,0,0,0,1
bán đắt,0,1,0,0,0
nói chung thì mọi thứ đều tốt,0,0,0,0,0
quản cáo quá nhiều phiền,0,0,0,0,0
oke mua hàng rẻ là gần như không ưng ý được,0,1,0,0,0
mình toàn mua hàng shoppe thôi giá cả hợp lý và rẻ hơn nhiều so với mấy điểm khác uy tín an toàn cảm giác rất tự tin khi mua sắm trên shoppe,0,1,0,1,0
rất tốt tiệm lợi,0,0,0,0,0
trên shopee mua hàng được giá tốt ứng dụng này dùng ổn định,1,1,0,1,1
hàng fake đồ điện tử toàn là hàng hỏng,1,0,0,0,0
nhờ gỡ khóa vĩnh viễn số điện thoại mà nhân viên trả lời hời hợt chung chung giờ chính người dùng không biết lí do đằng sau tại sao bị khóa cũng chả thèm trả lời làm ăn kiểu vậy à rồi đặt hàng kiểu gì số điện thoại chỉ có 1 cái duy nhất rồi đòi thêm cái nữa đâu ra tốn tiền mua số mới chắc mắc cười hỗ trợ còn chả đến nơi đến chốn tệ hại vô cùng,1,1,0,1,0
ok mng,0,0,0,0,0
khá ok uy tín nhanh chóng,0,0,1,0,0
giá thì cao ứng dụng thì đơ giao diện ngày càng rối rắm khó sử dụng,0,1,1,0,1
app tốt nhất để mua sắm sàn có nhiều sản phẩm và mã khuyến mãi tìm kiếm sản phẩm cũng nhanh và thuận tiện,1,1,1,0,1
tiki làm tôi rất thất vọng tôi đặt hàng qua tiki ngày 13 10 và thanh toán trước qua momo nhưng đến giờ vẫn chưa nhận được hàng tôi có gọi điện đến 19006035 nhưng họ giải thích chưa thỏa đáng và chưa hoàn lại tiền cho tôi đến hôm nay ngày 25 12 tôi gọi để phản ánh thì tổng đài không bắt máy,0,1,1,1,1
quá tuyet với,0,0,0,0,0
đm toàn rình lúc có mã to thì gây khó,0,0,0,0,0
vui tốt,0,0,0,0,0
đợt này giao hàng quá lâu,0,0,1,0,0
không cài đặt được app,0,0,0,0,1
oki nha ổn hơn shopee nhưng không có nhiều hoàn xu vs sử dụng xu như shopee nhưng này giá ship với tốc độ giao ok hơn nhiều,0,1,1,1,1
trải nghiệm,0,0,0,0,1
shoppe hủy đơn lí do á bực mình mất mã giảm giá của ngta,0,1,0,1,0
chuyện là em có đặt sách hạng mục lightnovel bên tiki em không biết khâu bảo quản sách thế nào mà sách tới tay thì em cảm thấy bụi bụi cộng thêm đó chắc là do khâu gói hàng quá ẩu cảm giác là quăng sách vô hộp dán keo lại thôi mà dán cũng không kĩ em khá thất vọng vì trước đây khi mua sách học ngoại ngữ ở tiki thì chất lượng 5 sao nhưng dạo gần đây cảm giác tiki đi xuống mình có thể lót quanh sách miếng xốp hay gì đó để chống va đập cũng được đấy mong tiki xem xét em cám ơn,1,1,0,0,1
hay vcl,0,0,0,0,0
hàng đẹp giá rẻ quá thích thật,1,1,0,0,0
không đặt được đơn hàng bị lỗi oc01 hoài mặc dù ít khi mua hàng,0,0,1,0,1
giao hàng chậm ngày so với thông báo trên app,0,0,1,0,1
thề luôn cái app nó rác để hàng 18 mà vẫn mặt dày cho bán đến lạy sau này sụp tao cũng vừa lòng,1,0,0,0,1
đăng ký lần đầu đã khóa tài khoản dkm sim mới kích hoạt nói có cuộc gọi để mở mà chờ cả ngày đã gỡ,1,0,1,1,0
hàng mua rẻ uy tín giao hàng nhanh,0,1,1,0,0
gói shopee vip tuyệt vời,0,0,0,1,1
quên mật khẩu muốn đặt lại mật khẩu mà phải yêu cầu mật khẩu hiện tại clgt,0,0,0,0,0
đề nghị lazada yêu cầu các cửa hàng và cửa hàng bật chế độ cho kiểm hàng để bảo vệ người mua hàng chứ không cho kiểm mỗi lần đặt này thì giao cái kia,0,0,0,1,1
mua đồ rẻ phèo à,1,1,0,0,0
ô re,0,0,0,0,0
đơn 0 dành cho người mới tự nhiên nó hủy hết cả 3 đơn không còn đơn nào hết là sao lm như này thật sự rất mất uy tín của lazada tôi thật sự rất thất vọng sẽ không có lần 2 tải lại ứng dụng này nữa,1,0,0,0,1
hàng đặt 1 kiểu giao 1 kiểu gửi trả hàng yêu cầu hoàn tiền thì hơn 1 tháng rồi vẫn trong trạng thái xem xét trong khi ấy kêu mất tối đa 3 ngày xem xét,0,1,1,0,0
rắt tốt nhưng giá hơi mắc nữa,0,1,0,0,0
lỗi tùm lum,0,0,0,0,1
mua rất nhiều sản phẩm ở cửa hàng rất thích,1,0,0,1,0
nên tải nha các bạn iu,0,0,0,0,0
lấy hàng xong thanh toán được không mấy chị e liệu có tin được không,0,0,0,0,0
giao hàng thì chậm chatbot thì đần bảo chat với nhân viên không cho,0,0,1,1,0
nhân viên phản hồi cư c chậm mình rất thất vọng về điều này,0,0,1,1,0
đặt hàng 4 lần vẫn không giao tới,0,0,0,0,0
đơn 0k không bt ném vào nhà à hay sao,0,0,0,0,0
sắp 11 11 rồi mà tiki cho bản update xong lỗi luôn là sao v ạ xóa r tải lại vẫn báo lỗi không làm gì được xem tracking mà phải xem bản web srsly,0,0,0,0,1
tiki tiếp nhận đơn hàng nhưng không giao hàng không liên lạc khách hàng đặt hàng thanh toán trước shipper tự ý chuyển hoàn không giao,0,0,1,0,1
shopee tốt giao hàng đúng ngày,0,0,1,1,1
ô ce,0,0,0,0,0
ok đã gắn bó với lazada từ lâu,0,0,1,0,1
tốt hơn shope nhiều 5,0,0,0,1,0
cửa hàng tư vấn nhiệt tình chu đáo,0,0,0,1,0
không cho ng dùng đăng kí tài khoản hay sao mà t vừa đăng kí là hiện thông báo tài khoản đã bị khóa vì bảo mật cho hết gmail sđt đủ thông tin rồi vẫn không được như l nhé không bằng các sàn khác bảo sao không phổ biến,1,0,0,0,0
vãi cức đợi 6 ngày chưa giao hàng vậy cho 1 sao cho chừa,0,0,1,0,0
ứng dụng đặt hàng tốt nên sử dụng,0,0,0,0,1
1 đăng nhập tk mới mà cứ bị khoá là sao 2 đăng nhập rắc rối quá,1,0,0,0,1
tiki thật tuyệt vời,0,0,0,0,1
giao hàng nhanh hàng chất lượng tốt,1,0,1,0,0
rất tốt giao hàng rất nhanh,0,0,1,0,0
ứng dụng tốt mua hàng nhanh,0,0,1,0,1
quá nhiều quảng cáo,0,0,0,0,0
ứng dụng rất tốt và tiện lợi cho người lười mua sắm ngoài đường hàng tốt và chưa cái nào giao về không đúng yêu cầu,0,0,0,0,1
tôi sẽ ủng hộ tiki lâu dài,0,0,1,0,1
tôi không hiểu tại sao t không mở app lazada mà nó lại tự hiển thị mở 1 1 trang khác hiện lên rất nhiều lần giúp tôi,0,0,0,0,1
tốt cái gì cũng có,1,0,0,0,0
lazada cũng quá hay giúp ích cho mọi người mua sắm,1,0,0,0,1
2 đã cải thiện được tình trạng tự động vào live và video nhưng với điều kiện tránh xa live hoặc video chứ lỡ xem là lại bị lại 1 vào app là tự động vào live video rất phiền phức và bực mình tắt đi mà âm thanh vẫn chạy dưới nền nhắn cho tổng đài hỗ trợ tắt nó đi mà không ai giúp không biết hủy bó đi làm sao,0,0,0,1,1
thấy đẹp mua dùng thử không chất liệu thì chưa dùng chưa biết,1,0,0,0,0
rất tuyệt vời,0,0,0,0,0
đặt đồ ăn cách 1 8km mất 1h30 mới giao tới nơi,1,0,0,0,0
sao không có gì cả,0,0,0,0,0
1 sao quá ok,0,0,0,0,0
khá tốt,0,0,0,0,0
shipper không gọi mà đánh giá giao không thành công,0,1,1,1,0
mong sao sản phẩm m n ai ai cũng là sản phẩm tốt là ok cửa hàng sẽ còn mua nhiều hơn nữa nếu sản phẩm tốt,1,0,0,1,0
nhiệt tình,0,0,0,0,0
cửa hàng chịu tôi cũng chịu shipper giao sai địa chỉ shoppe tự hoàn đơn cho cửa hàng mới ra tết thôi á,1,0,1,1,0
rất nhanh tôi cảm thấy app tốt hơn mấy app kia,0,0,1,0,1
chưa bao giờ gặp tình trạng đặt sản phẩm hơn một tuần chưa nhận được đặt từ chủ nhật đến thứ hai của tuần sau chưa có riết rồi chắc giống amazon,1,0,1,0,0
xác thực tôi không phải người máy quá phiền không muốn sử dụng out,0,0,0,0,0
app dùng ok,1,0,0,0,1
ε,0,0,0,0,0
ứng dụng tốt,0,0,0,0,1
lừa đảo khách hàng nói là tặng 3 món bất kì sau khi ấn chọn xong được một ngày kể từ lúc đặt thì cửa hàng hủy rồi nói là cần thanh toán nói là sẽ hoàn tiền hoặc mã giảm giá nhưng ki hoàn trả,0,1,1,1,0
tôi muốn mua đồ ở trên này rẻ và chất lượng ạ,1,1,0,0,0
app như,0,0,0,0,1
giá cao hơn app khác nhưng an toàn về chất lượng không sợ hàng giả với lừa đảo tuy nhiên hàng hóa kém phong phú ít mẫu mã,1,1,0,0,1
nick dùng gần chục năm đang mua hàng bình thường giờ bị lỗi cr01 không áp được mã giảm giá không hiểu tại sao,1,1,0,0,1
mua không được,0,0,0,0,0
đặt một mà giao hai còn cái đặt thì không giao ứng dụng làm ăn gì kì vậy trời,0,0,0,0,1
kém chất lượng đặt cái này giao cái kia,1,0,0,0,0
dùng ok,1,0,0,0,0
cũng khá tốt,1,0,0,0,0
quảng cáo lừa đảo đẻ kh hiểu nhầm tải app về cái nào cũng để giá sốc 12k khimua qua app tải về mẹ nó năng thêm máy,1,1,0,0,1
mua 2 đơn không thấy giao mà ghi đã kí nhận khiếu nại như không,0,0,1,0,0
h choi ďuoc gta 5 gioi,0,0,0,0,0
tiki rat tot,0,0,0,0,1
mua sách của tiki trading giảm giá đặt xong bên bán hủy sách ngay lập tức rồi nâng giá sách lên ngay và luôn bên cạnh đó tiền mình thanh toán bị giam lại không hoàn về liền giờ ngồi đợi trong 3 ngày coi nó có hoàn không để khiếu nại mua lần đầu không thành và không hẹn các lần sau nha hạ giá ảo kiểu đó thì để giành mà dùng bán chi gây phiền cho người khác,1,1,1,0,1
hàng kém tiền ship quá mắc ghi free ship mà tính tiền ship gấp 3 4 lần,0,1,1,0,0
đùa à bảo mua đồ đủ 400k sẽ được dùng vocher giảm giá 400k là 100 vậy mà nó lại cho giá còn mỗi 278k là sao,1,1,0,0,0
quảng cáo quá phiền,0,0,0,0,0
tệ quá tệ đặt hàng từ 8 8 nay 28 10 vẫn chưa giao hàng hạn sử dụng chỉ có 6 tháng tiki đợi hết hạn rồi giao cho khách phải không báo hối giao hàng lúc nào cũng xin lỗi thông cảm thông cảm gì được khi mà ôm hàng quá lâu không hối bên giao hàng,1,0,1,0,1
ứng dụng quá tệ tự ý hủy đơn của khách hàng do lỗi từ tiki và yêu cầu đặt lại đơn khác làm tiền của khách hàng bị treo và không thể tiếp tục mua hàng cách xử lý vấn đề thiếu chuyên nghiệp càng ngày càng mất chỗ đứng trên thị trường,0,1,1,0,1
thường xuyên không vào giỏ hàng được và không đặt hàng được,0,1,0,0,0
trả hàng hoàn tiền của tiki rất vô lý không dựa trên app đơn đặt hàng mà ai gọi lên tổng đài đều cho trả hàng không thông qua ý kiến của chủ cửa hàng có đồng ý cho trả và đưa bằng chứng tiki tự động cho trả khách trả hàng luôn,1,1,0,1,1
tệ hỗ trợ kh kém,0,0,0,1,0
tự dưng đợt này lazada lại giao cho bọn best vn giao hàng best vn giao hàng phải nói là chậm nhất vn luôn một đơn vị quá tệ mà lấy tên thì hay hàng về tới kho cũng không thèm giao hàng luôn xong hôm nay tự đi lấy hàng sẽ xóa luôn cái lazada này đi,1,0,1,0,1
rất hay và bổ ích quá đi,0,0,0,0,0
không đặt hàng được khi số điện thoại mới,1,0,0,0,0
áp voucher bị báo cr01 rất buồn cười,0,1,0,0,0
ứng dụng lazada lúc này rất tệ hạn chế voucher và mã free ship làm cho sức mua của người tiêu dùng hạn chế lazada nên xem xét lại chứ khóa và hạn chế như này thì ngươì tiêu dùng sẽ quay lưng hết gọi cho tổng đài khắc phục cũng vâỵ cũng không thu thập được mã free ship,1,1,1,1,1
đăng nhập tài khoản lỗi vài lần cần khắc phục tình trạng này,0,0,0,0,1
rất thích shopee ạ những anh hùng shipper giao rất nhiệt tình và thân thiện hàng hóa riêng bên gia đình mình lúc nào giao cũng rất tốt rất đúng giờ giấc sẽ yêu quý shopee rất nhiều và ủng hộ thêm thêm thật nhiều nữa ạ,1,0,1,1,1
quá hay,0,0,0,0,0
sau khi minh feedback thì app đang feed lại ngay cho mình,0,0,0,0,1
đã có luc nua trên này nhiều hơn shopee nhưng mới dính vụ thanh toán trước hàng chưa giao tới nhưng shipper báo đã giao liên hệ shipper thì trả lời vòng vo liên hệ sàn thì ai chăm sóc kiểu máy móc bắt trả hàng cửa hàng thì không có hướng xử lý nào khác ngoài vc bắt phải trả hàng sau đó giam tiền khách hàng và chờ xử lý trải nghiệm mua hàng tệ mang bực vào người không có người thật tiếp nhận khiếu nại chỉ có ai làm vc máy móc người dùng phản hồi không ai nghe,1,1,1,1,1
không như mong đợi,0,0,0,0,0
thấy qc giao nhanh trg 2 giờ mà giao lâu,0,0,1,0,0
quá đã 0đ không,0,0,0,0,0
app tốt giao hàng nhanh ngon hơn shopee nhiều,1,0,1,1,1
các bạn xem lại bản update này vào xem đơn hàng rất lâu mới hiện,1,0,1,0,0
tôi ghét cặp nhật mới này cho ba tài khoản mà chỉ sử dụng được một số điện để chi ba cái tài khoảng,1,0,0,0,0
mong hợp tác lâu dài,0,0,1,0,0
thật hay,0,0,0,0,0
pro srats,0,0,0,0,0
khó chịu vô cùng đặt hàng thì lỗi nhắn với nhân viên tư vấn thì không giải quyết được cái con chat cleo thì ngu vô cùng chat với con này muốn ói máu luôn hỏi cái này trả lời cái khác thề thất vọng vô cùng,0,0,0,1,1
làm ăn vậy chết luôn đơn hàng đã cho giao không đúng hẹn rồi cho trễ một ngày bây giờ hẹn lại thêm mấy ngày nữa chán thiêth chứ,0,0,1,0,0
app dùng siêu chán,1,0,0,0,1
vcl không bỏ qua không nhập sdt khoá luôn tài khoản bảo mật rác vcl,0,0,0,0,0
sao càng ngày càng tệ vậy ạ bảo giao hàng trong ngày mà đơn chưa thấy tới còn bảo khách hàng từ chối nhận là sao vậy,0,0,1,0,0
tôi rất hài lòng,0,0,0,0,0
mua hàng mà không cho mua kì cục,0,0,0,0,0
không thanh toán hóa đơn được,0,0,0,0,0
khá là ok giảm giá quá ngon,1,1,0,0,0
eo oi đi đơn ta nói nó lâu kinh đặt từ trưa hôm qua đến gần tối hôm nay vẫn đg chờ lấy hàng,0,0,1,0,0
shipper luôn tự ý hoàn hàng trong khi chưa điện 1 cuộc nào để giao mua sách để học mà cả tháng không thấy đâu không giao hàng mà tự ý hủy đơn của khách làm chậm trễ cv của ngkhac,0,0,1,0,0
chưa biết nhưng dùng thử cho 5 sao,1,0,0,0,0
hàng dùng ok,1,0,0,0,0
lazada tự nhiên đánh mình lỗi cr01 mặc dù còn chưa mua gì trên sàn,0,0,0,0,1
rất ít khuyến khích mua hàng so với sope tôi mua hàng bên sope hầu hết đều được miễn síp nguồn hàng cũng rất phòng phú còn bên lazada hầu hết là mất phí síp,1,1,0,0,1
vận chuyển kiểu gì 3 ngày vẫn chưa thấy lấy hàng vận chuyển chán thật chứ đã vậy 2 đơn trước giao trễ mấy ngày riết nản,0,0,1,0,0
không nhận được cuộc gọi nào của ship mà đã hoàn hàng về hủy luôn đơn của ngta,0,0,1,1,0
cửa hàng không chuẩn bị hàng,0,0,0,1,0
hiện cần vốn khoảng 5tr thì vào vaytotnhat nhé do mình đang thiếu số đúng nghĩa là vay tốt nhất thời điểm này mình mới đặt hàng xong ngày hôm sau cái tk không có hiện mã voucher của sàn nữa nhắn cskh thì bảo là hệ thống sẽ đề xuất khuyến mãi cho từng người cắt mã sàn như vầy là phân biệt đối xử khách hàng rồi,1,1,1,0,0
chú ý ứng dụng thu thập dữ liệu cá nhân rồi bán đi,0,0,0,0,1
cứ quảng cáo với thông báo hoài báo người ta,0,0,0,0,0
giao hàng đúng thời gian mik cần luôn,0,0,1,0,0
tắt cái kiểu quảng cáo lúc nào cũng dẫn vào app cái con người có nhu cầu thì người ta biết đi mua không cần lúc nào cũng dẫn vào app đâu phiền vl,1,0,0,0,1
tệ đăng nhập thì không được giao diện chậm chạp,0,0,1,0,1
tui rất thích nhưng dạy tui cách kết bạn nhé,0,0,0,0,0
được mã nên love lazzada,0,0,0,0,0
đã không có mã giảm giá khômg muốn mua tới rồi được mấy cái game mà cũng cải thiện không nổi hết lag thì lỗi thôi khuyên thật dẹp cái ap về quê cắm câu đi má,1,1,0,0,1
app ngày càng tệ hại quảng cáo rác treo quảng cáo bắt chờ mấy giây để vào app,0,0,1,0,1
không điện để giao hàng mà tự ghi đã giao mà vẫn không nhận được hàng,0,0,1,0,0
muốn gặp nhân viên hỗ trợ thì không cho cứ nhất quyết bảo tép có thể giải quyết vấn đề rốt cuộc là giải quyết chỗ nào trong khi hối hàng thì mãi không giao dù ghi dự kiến là thời gian đó vậy ạ bộ shopee thật sự không thể để khách trò chuyện với nhân viên mà phải thông qua một con bot hay sao ạ mình đã có rất nhiều trải nghiệm với shopee và gần như lần nào cũng vô cùng thất vọng chỉ vì những yêu cầu rất đơn giản mà shopee lại không hề làm được mình cũng hỏi chấm luôn ấy ạ,1,0,0,1,1
dm shoppe đặt hàng thì bị lỗi,0,0,0,1,1
sản phẩm đa dạng nhiều ưu đãi nhiều gian hàng chính hãng công cụ tìm kiếm chưa tốt lắm,1,0,0,0,0
trải nghiệm rất tốt nhưng có vài sản phẩm vẫn không tìm được,1,0,0,0,1
không pải kì thị hay ý kiến gì nhưng theo t thấy và so sánh tiki giá trên trời trong khi cũng hàng đó thì ở shopee lại rẻ hơn rata nhiều đề 1 dòng rẻ hơn hoàn tiền mà trong khi cùng 1 hàng đều có dòng này 2 3 cửa hàng chênh lệch giá 2 5 và nếu so sang bên shopee thì đắt hơn cả 40 thậm chí có hàng gấp đôi gấp 3 giá tiền vậy tiki cho hỏi dòng chữ rẻ hơn hoàn tiền đó nó có ý nghĩa j nữa không làm cái j nó cũng pải chuẩn chứ làm kiểu bố láo đó để lừa ng tiêu dùng à,1,1,0,1,1
vừa mua được vài đơn chưa từng boom hàng đã bị dính cr01 rồi làm ăn chán,0,0,0,0,0
coi thường tài xế thua,0,0,0,0,0
không giao đúng hẹn,0,0,0,0,0
không nhận được hàng mặc dù đặt rất nhiều lần và đã gọi tổng đài,0,0,1,1,0
lâu lâu giá mắc,0,1,1,0,0
phí vận chuyển quá đắt,0,1,1,0,0
hàng đặt rất chất lượng tốt giá iu thưn,1,1,0,0,0
tốt cho 5 sao,0,0,0,0,0
vô trang 𝐕𝐚𝐲𝟗 𝐂𝟎𝐌 vay 0 tới 221 ngàyvô trang 𝐕𝐚𝐲𝟗 𝐂𝟎𝐌 vay 0 tới 221 ngày,0,0,1,0,0
tính ra bình mua shopee rẻ hơn tiktok mỗi tội là có dịp cuối năm là toàn bị quá tải,0,1,0,1,1
app cố tình đưa ra lí do vô lý không cho người dùng mua hàng khi thêm mã giảm giá không cho chat với nhân viên hỗ trợ để làm rõ vấn đề bỏ rơi người dùng quá tệ,1,1,0,1,1
rất đáng tải,0,0,0,0,0
lần đầu sử dụng vừa tải aap về đăng ký mới sau 7749 bước xác minh hình ảnh các thứ trò con bò đăng ký xong tài khoãn bị khóa rác rưởi,1,0,0,0,0
phần shopee food không thể thực hiện đánh giá lại gây bất tiện cho khách hàng muốn feedback lại chi tiết hơn cho quán,0,1,0,1,1
ứng dụng rất tốt và tiện,0,0,0,0,1
ok men,0,0,0,0,0
mình đã vay ở vay3 c0m thấy uy tín lắm nên thử,0,0,0,0,0
phản hồi về khiếu nại của khách hàng quá lâu,0,0,1,1,0
app sử dụng hơi phức tạp,0,0,0,0,1
rất hay nha,0,0,0,0,0
hay rat la ok,0,0,0,0,0
đăng kí tk bth nhưng nhập mã xác nhận xong lại bị khóa tài khỏan đn gg sdt xg nhập mã xác nhận tin nhắn cuộc gọi mail từ lazada vẫn tiếp tục bị khóa liên hệ chăm sóc để giải quyết vđ nhưng nhân viên lại tỏ ý khó chịu nói chuyện gắt gỏng khi mình đã gửi mail lại cho họ từ tnhan ở gmail nhân viên lại kêu không nhận được mail và nói chx gửi thì chx nhận được th trong khi mình đã gửi hơn 2 lần r mình lô cùng bức xúc với thái độ làm vc của nv cskh khi không giải quyết vd và tl câu hỏi lại có thái độ nv,0,0,1,1,1
lâu lắm r mới có nhu cầu mua lại mà không có mã giảm giá ship đắt chả có j hơn các sàn khác ship nhanh không thôi để làm j,1,1,1,0,0
ứng dụng mua hàng internet tệ nhất từng thấy khách đặt 1 đằng cửa hàng giao 1 nẻo nhắn tin cửa hàng hỗ trỡ thì không nhắn lại 1 câu nào nhắn cho lazada thì vấn đề ở video khui hàng ok không video khui hằng thì nhìn cái ảnh shipper chụp hộ cái đóng gói tệ hại in bill thì lệch trả hàng xong thì lại giao lại cho khách trả tiền thì chẳng thấy đâu nhắn tin thương lượng thì câm như hến cskh tệ,0,1,1,1,1
cho đại,0,0,0,0,0
app có hiện thời gian giao hàng nhưng lúc nào hàng giao đến cũng muộn hơn rất nhiều so với dự kiến điện tổng đài hỗ trợ thì không được khuyên mọi người mua sách thì có thể qua shopee hoặc lazada cũng có ít nhất bên đó người ta có thể liên hệ với tổng đài để hỗ trợ,1,0,1,1,1
app mua bán y tín,0,0,0,0,1
sản phẩm tốt,1,0,0,0,0
mua hàng dễ dàng giá hời free ship,0,1,1,0,0
tốt chất lượng,1,0,0,0,0
giao hàng rất lâu nhé cứ trong tình trạng đóng gói mãi xong tự hủy đơn của khách luôn,0,0,1,0,0
không có gì,0,0,0,0,0
bảo gửi mã xác minh số đt mà không thấy đâu hết dù là bấm gửi lại 2 3 lần,0,0,0,0,0
sợ nhất mua hk bk trả hàng ntn nên cho 1 sao ok,0,0,0,0,0
đa số là ưng ý mong là sẽ có nhiều cải thiện và mang đến cho khách hàng nhiều mã giảm giá và thú vị hơn nữa,0,1,0,0,0
như c í,0,0,0,0,0
lắm tiền quảng cao v đi đâu lmj cũng suốt ngày trượt qua phiền phức chết đi được,1,1,1,0,0
app như căn cọt tự khóa tài khoản người ta với lý do bảo mật này nọ trong khi mình không làm gì gọi cho cskh để yêu cầu mở khóa thì lại gửi cho cái mail như lờ là không mở được,0,0,0,1,1
fantastic sản phẩm sang xịn đẹp rất thích,1,0,0,0,0
giao hàng lâu tại sao họ làm từ từ vậy thậm chí việc đơn giản cũng không làm được không nên tải,1,0,1,0,0
đơn đặt cả tháng hàng đã đến nơi nhưng không chịu liên lạc để giao mà đã tự ý hoàn hàng,0,0,0,0,0
app load quá lâu không thể sử dụng được,0,0,1,0,1
mog app ngày càng pt và tung nhiều voucher,0,1,1,0,1
đắp quá,0,0,0,0,0
xử lí quá chậm 48 ngày chưa xử lý xong làm ăn x nhăn cập nhật cũng như không chả có ít ghì,1,0,1,0,0
lã giại này lm ăn quá tệ ship hàng rất lâu quá thời gian dự kiên hơn tuần mã vẫn chx thấy hàng đâu,0,0,1,0,0
có voucher giảm 80k mà không dùng được,1,1,0,0,0
được nha tốt,0,0,0,0,0
giao hàng nhanh hàng còn nguyên vẹn,0,0,1,0,0
đăng nhập bằng số điện thoại khó lun tài khoản thì lấy thì cho khách hàng đăng ký để mua hàng quá tệ,0,0,0,0,1
cập nhật xong hay lỗi quá nhất là phần chat với nhà bán,0,0,0,1,1
ok đấy cửa hàng ut,0,0,0,1,0
tiki có nhiều cửa hàng thời trang đẹp và rẻ,1,1,0,1,1
uy tín,0,0,0,0,0
tôi thấy ứng dụng này rất tốt,0,0,0,0,1
toàn lỗi thôi,0,0,0,0,1
hnnhhuc như jkokky,0,0,0,0,0
hiện tại shopee thay đổi chính sách khi hoàn hàng shopee không có hình thức đến lấy hàng tại nhà mà chỉ có mang đến bưu cục và tự sắp xếp cho dù đơn đó hàng có lỗi hay không như vậy shopee đang ép người dùng không cho trả hàng sẽ chuyển sang tiktok mua hàng,1,0,0,1,1
làm ăn vô trách nhiệm mọi người không nên dùng,1,0,0,0,0
tui thử tải về giao hàng nhanh thì tui cho 5sao,0,0,1,0,0
không đăng nhập được,0,0,0,0,1
app không có chỗ đổi trả hàng khi mà muốn trả hàng thì phải chat với tiki sau đó nhân viên gọi đến bảo phải gửi hình ảnh qua email mà tôi chả biết dùng mail làm việc rất dài dòng chứ không giống như lazada đáng lý cho 1 nhưng vì nhân viên nói chuyện dễ thương và nhiệt tình nên cho 2,1,0,0,1,1
rat thich laz,0,0,0,0,0
hàng có chất lượng rất tốt và màu sơn cũng rất đẹp,1,0,0,0,0
lôn nhừ,0,0,0,0,0
bên lazada sao cập nhật thời gian giao hàng kh đúng như trên app nhỉ cần fit lại lỗi này nhé,0,0,1,0,1
như cặc,0,0,0,0,0
hàng tốt chất lượng yên tâm khi mua ở tiki hi vọng cty ngày càng phát triển,1,0,1,0,1
tui đăng nhập là bị khóa mong bên đó sửa lỗi,0,0,0,0,1
cho 1 sao xong xóa app tiki luôn đặt hàng cả tháng không giao sau đó tự ý hủy đơn của khách không nói một lời,0,0,0,0,1
lazada very good sẽ luôn ủng hộ,0,0,0,0,1
rất tốt,0,0,0,0,0
mua hàng trên ứng dụng bị lừa nhiều rồi,0,0,0,0,1
nhập mật khẩu quá mệt,0,0,0,0,0
1 sao vì quảng cáo quá nhiều tác dụng ngược ok quảng cáo tiếp đi,0,0,0,0,0
tiki không đáp ứng được nhu cầu của khách hàng,0,0,0,0,1
dịch vụ hỗ trợ tốt nhưng dịch vụ hỗ trợ khách hàng còn chậm chat với nhân viên hỗ trợ nhưng không có thông báo gì cho tôi khi họ trả lời tôi không rảnh mà ngồi trực mấy tiếng đồng hồ chỉ để nhận lời xin lỗi của các bạn,1,0,1,1,1
cửa hàng lừa đảo lỡ chuyển tiền xong hủy đơn hoàn tiền lazada báo đã hoàn tiền cửa hàng cũng báo hoàn tiền nhưng không hoàn bà con đừng chọn app này nha lừa đảo đó muốn giúp đỡ thì hoàn tiền đi đừng nói suông,1,1,0,1,1
không thấy đánh giá shopeer chưa kể đơn sao mà toàn mùi nc đái ấy phiền chỗ của ghệ hơn nhà quan chết chủ,0,1,0,1,1
áp dùng như đặc cầu hàng mắc éo tả được đã vậy còn đòi nhiều quyền cửa hàng bán không có tâm quảng cáo một kiểu mà giáo một kiểu một sao là xứng đáng rồi,1,1,0,1,0
good app ai vay vào trang 𝐕𝐚𝐲𝐓𝐨𝐭𝐍𝐡𝐚𝐭 này đảm bảo vay tốt nhất luôn nhận 9tr900 dễ phí cực tốt do em đang thiếu chỉ tiêu sắp thất nghiệp còn về app này quá thất vọng lazada ơi theo áp mua hàng rất nhiều năm rồi mà giờ càng ngày càng làm ăn tệ hại sản phẩm hiện lên cho kh mua mà để là khu vực không giao hàng được không giao được thì hiện lên làm gì kiếm ng hỗ trợ 1 vấn đề nào thì không kiếm được ai,1,1,1,1,1
tốt rầy ok,0,0,0,0,0
ứng dụng tốt mượt,0,0,0,0,1
tiện lợi và rất hữu ích,0,0,0,0,0
hài kịch,0,0,0,0,0
cũng được đi,1,0,0,0,0
đặt hàng 1 tháng rưỡi rồi giao được hay không giao được do chỉ thị 16 thì cũng phải báo lại cho người ta biết 1 cái mail hay 1 thông báo cũng không có shopee không giao được gửi hẳn thông báo để khách không phải chờ tiki làm ăn như thế sao tôi dám mua nữa,1,0,0,1,1
app lừa đảo đấy ae ạ mình hủy đơn chọn phương thức hoàn tiền về ngân hàng nhưng sàn lại tự ý hoàn thành voucher cho mình mình có khiếu nại thì kêu do lỗi hệ thống và bảo đợi 15 20 ngày mới xử lý được lỗi sàn nhưng lại bắt khách đợi nói thật mình bị 1 lần hôm 18 6 rồi mà nay cả tháng rồi 28 7 vẫn bị lỗi hệ thống chả hiểu là có fix lỗi hay không hay cứ kệ cho khách bị lỗi mình không phải người duy nhất bị hiện tại sàn đang treo của mình vài triệu có acc đã 12 ngày nhưng chưa thấy hoàn gì,1,1,1,0,1
tẩy chay lazada lazada ăn quỵt trên mồ hôi công sức của người chơi game trên lazada,0,0,0,0,1
spam quảng cáo đểu,0,0,0,0,0
app rẻ jack dell đn được,0,1,0,0,1
quảng cái hoài,0,0,0,0,0
rất tốt,0,0,0,0,0
lazada tự ý đánh lỗi cr01 mặc dù trước giờ mình có mua gì đâu,0,0,0,0,1
không biết dùng,1,0,0,0,0
tốt rất vui ve ok luôn,0,0,0,0,0
bật app lên là bị video trong tab live video chạy ra ghét cay ghét đắng vì làm chậm máy và không thích quảng cáo người ta thích mua gì thì vào phần tìm kiếm mắc cớ gì cứ phải hiện lên cái live video sao không chọn được tab trang chủ làm mặc định đề ghị sửa app lại cho người dùng tự do chọn lựa còn đây bắt ép người dùng phải theo app mặc định,1,1,1,0,1
acc đăng ký gần 10 năm đang sử dụng bình thường thì bị chặn nhận shoppe xu vì hoạt động bất thường ủa gì dị nhắn tin thì trả lời chung chung,0,1,1,1,0
đóng gói ẩu nếu trong nội thành thì không sao nhưng qua tỉnh khác là sẽ bị dập nát nút hủy đơn không cho bấm vào app tệ,0,0,1,0,1
mìh đang rất khó chịu vì một số vấn đề với laz mình cần câu trả lời chứ không phải mấy c ai được lập trình sẵn để trl vấn đề của tôi như thế này tôi đk laz bằg số dth của tôi nó cũg gửi mã về như thường khi tôi đk được rồi thì nó lại ra một tài khoản của người dùng khác có số đth cũng y chang tôi và laz giải quyết gì kì v hỏi thì bắt lặp lại câu hỏi dm rất bực nhưng qua shopee đk thì không có tình trạng giống laz cho tôi ngay lời giải thích,1,0,0,1,1
nhân viên hỗ trợ quá tệ tôi chờ tận mấy ngày để nhận về thông tin không đúng và chẳng ai hỗ trợ được tôi cả style làm việc hách dịch thích là khóa hỏi lý do thì nói là nghi ngờ tôi xài nhiều tài khoản nghi ngờ thì sao không xác minh đi mà lại khóa của khách không chấp nhận được,1,0,1,1,0
chức năng tìm kiếm quá tệ không bao giờ tìm ra đúng thứ mình mua mặc dù đã gõ tên từng chữ đúng ra luôn r,0,0,0,0,0
giao hàng chậm quá tệ đừng nên dùng,1,0,1,0,0
giao hàng nhanh,0,0,1,0,0
lazada giờ làm việc tốt khách hàng dễ mua sắm chọn lựa sản phẩm giao diện dễ sử dụng,1,0,0,0,1
mấy hôm nay nó cứ quảng cáo liện tục không vào một ứng dụng nào cũng quảng cáo ngủ cũng nghe tiếng nx vui lòng dừng quảng cáo đi mệt rồi,1,0,0,0,1
được giẻ nhưng không chất lượng lắm nên dùng,1,0,0,0,0
tôi tin tưởng nha mấy anh shipper,0,0,1,0,0
dù không làm gì vẫn khóa acc rất khó chịu,0,0,0,0,0
đồ ở trên đây rất đa dạng tôi rất thích,1,0,0,0,0
rất hay và tuyệt vời,0,0,0,0,0
lừa đao,0,0,0,0,0
vô đâu cũng thấy quảng cáo của shopee nút thoát không ấn được phiền,1,0,0,1,1
hạn chế tự mở app khi người ta đang mở ứng dụng khác thì hay hơn,0,0,0,0,1
giao hàng quá chậm gọi cho nhân viên mất thời gian mua hàng trước tết thì tự ý hủy không gọi xin lỗi khách hàng,0,0,1,1,1
mua combo bookcare cả 100k mới bọc được 2 cuốn bấm vào thì thông báo sl bookcare bạn đang có bằng 0 mua sách phải 2 3 lần không bọc cho mình,1,0,0,0,0
mình rất thích laz choice,0,0,0,0,0
cửa hàng giao đu ng ha ng đu ng sản phẩm đo ng go i câ n thâ n râ t ha i lo ng,1,0,0,1,0
hàng ok,0,0,0,0,0
rất tiện,0,0,0,0,0
đặt hàng dễ,0,0,0,0,0
nhiều lúc bọn shipper tự ý trưa gọi nhận hàng đã cho đơn quay trả về shipper nhiều lúc bố náo,0,0,1,1,0
xàm lờ,0,0,0,0,0
cứ mua hàng 0đ lại bị hủy app như cc,0,0,0,0,1
khóa tài khoản của kh lâu năm xem thường kh 1 sao xứng đáng,0,0,1,0,0
good lắm thiếu tiền cần vay vào 𝐕𝐚𝐲𝐓𝐨𝐭𝐍𝐡𝐚𝐭 nhận tới 9tr990 dễ mình thiếu số quá sắp mất viêc về app này bên giao hàng chậm trễ so với dự kiến tận 4 ngày lazada không những không hối thúc mà ngược lại còn tùy ý thay đổi ngày giao hàng mà không có lý do cụ thể như vậy là xem thường khách hàng lỗi này không phải của nhà bán hàng,0,1,1,0,1
vô cứ out,0,0,0,0,0
tiền hang 10 san pham o cửa hàng 210 không tiền ship 34 không đên người nhan mà mua cung một cửa hàng 10 san phẩm tong tiền ship là 144 không va tong tiền hang la 354k tiki mua sam the nay thi lam app ung dụng lam j gỡ dụm ung dung đi cho ung dung khác phat truyện,0,1,1,1,1
tôi đa xo a đi ư ng du ng na y rô i nhưng giơ ta i la i đê mua 1 chiê c điê n thoa i trên ư ng du ng tiki na y không biê t la ho co giao đu ng sa n phâ m như qua ng ca o hay không không biê t la ha ng chi nh ha ng hay không,0,0,0,0,1
nhập sđt mà không gửi qua thư,0,0,0,0,0
shoppe rất tiện tôi rất thích,0,0,0,1,0
vừa tải app đã bị khóa tài khoản,0,0,0,0,1
hỗ trợ cực kì yếu kém gặp lỗi oc01 khiếu nại là quét sai nhưng không hề hỗ trợ không cung cấp được lí do còn đổ cho khách hàng sai đổ do hệ thống quét tài khoản mua được 2 đơn 1 đơn chảo 1 đơn cắt móng tay hỏi là vi phạm chỗ nào thì không nói được vòng vo loanh quanh mail trả lời lại chỉ vỏn vẹn mấy câu vớ vẩn cop đi cop lại chưa bao giờ thấy hỗ trợ sàn nào dở tệ thế này xứng đáng 1 sao các sàn khác đi lên rồi sàn mình đi xuống thế này cũng là xứng đáng đấy,1,1,0,1,1
không được tốt lắm nhưng cho 5 sao,0,0,0,0,0
được nhưng sản phẩm hơi cao và có vài món đồ chưa được có,1,0,0,0,0
thao tác khá khó so với các app khác và hơn nữa đóng gói cũng 50 50 nữa có lúc hàng tới tay muốn tè le rồi,1,0,1,0,1
không hay,0,0,0,0,0
phải nói là rất tệ từ chối phản ánh của khách hàng không bao giờ mua ở đây nữa mọi người cẩn thận mua ở tiki chỉ cần người bán không chịu nhận trả hàng thì tiki sẽ bẹn lần hẹn lượt không cho bạn thời gian trả lời viết gmail thì không phản ánh đến lúc gọi lên thì nói là không giải quyết,0,0,1,1,1
d m đặt phải xác minh chịu rồi,0,0,0,0,0
mong tiki kiểm tra các cửa hàng dk bán hàng lại hàng mua về không đúng với hàng đã đặt làm ăn mất uy tín,0,0,0,1,1
lừa người vãi cho khách chọn 3 đơn 0đ mà cuối cùng tự động hủy với lý do quá vô lí và tôi sẽ không bao giờ tải lại app nữa,0,0,0,0,1
quá tuyệt vời,0,0,0,0,0
mua rẻ xịn bền,0,1,0,0,0
mãi iu sốp pee,0,0,0,0,0
cho tôi hỏi là có cho coi hàng không ạ,0,0,0,0,0
quảng cáo hoài phiền,0,0,0,0,0
có trò chơi đi chi để giảm giá tôi rất thích bây giờ tôi lại cho mọi người là năm sau tôi mới chịu ok,1,1,0,0,0
đơn vị giao hàng chậm và trễ hẹn hơn các kênh mua hàng khác,0,0,1,0,0
thề lazada cho nv trồng cây đúng lỏ luôn còn all còn lại điều tuyệt vời,0,0,0,0,1
hàng chính hãng giao nhanh,1,0,1,0,0
shopee number one,0,0,0,1,1
mua sắm tại shopee rất ok,0,0,0,1,1
tuy có khía cạnh làm tốt nhưng dịch vụ chăm sóc khách hàng kém,0,0,0,0,0
khá ổn,0,0,0,0,0
kho shipper làm ăn lề mề,0,0,1,0,0
đặt hàng không áp mã cũng bất thường nhờ nhân viên hỗ trợ thì nhân viên đổ thừa khách hàng nhờ nhiều lần vẫn không hỗ trợ có 1 cái văn bản chục đứa nhắn tới nhắn lui quá nhàn,1,0,0,1,0
tiki giao hàng nhanh,0,0,1,0,1
sơ hở là oc03 oc03 oc03 tk thì mua hàng từ rất lâu rồi rất là ức chế lúc trước đặt bth giờ đặt bất cứ cái gì cũng oc03 xì chét bất lực huhu,1,0,1,0,0
tốt,0,0,0,0,0
quà là ok luonn,0,0,0,0,0
mở cr01 cho tôi không lý do đánh lỗi cr01 vậy xoá app đi cho rồi,0,0,0,0,1
mua hàng nhanh nhiều ưu đãi chính sách ok ủng hộ shopee,0,0,1,1,1
trên sản phẩm ghi rõ 150k khi chuyển khoản lại 380k,1,0,0,0,0
shopee thật sự rất tốt rất nhiều voucher và hữu ích tôi nên biết sớm hơn,0,1,0,1,1
app lag liên hồi trên android 16,0,0,0,0,1
rất hay và tiện,0,0,0,0,0
giá bán và giá ship bên tk cao quá mà dịch vụ gói hàng vận chuyển thì chả cải thiện voucher ưu đãi mã giảm giá itsl mấy gói dv bọc sách thì mất lun,0,1,1,0,0
trải nghiệm của tiki chưa bao giờ tệ đến thế riêng việc chăm sóc khách hàng thường xuyên của chính mình rất kém,0,1,0,0,1
đôi khi nhấn hơi đơ trở về của máy phải nhấn mũi tên thoát ra trên app nhạc chuông thông báo giật cả mình,0,0,0,0,1
tốt nhất,0,0,0,0,0
trên shopee thường có những mặt hàng mà có nhiều mgươi chẳng biết mua ở đâu tuy nhiên tôi cũng gặp nhiều trờng hợp treo đầu dê bán thịt chó đề nghị shopee nên xem xét kỹ những đối tượng náy còn về tổng thể mua hàng trên shopee rất tiện mua được mhưng món hàng hiếm mà chẳng phải đi xa,1,0,0,1,1
sách chính hãng,1,0,0,0,0
đề nghị thanh toán hoa hồng đúng ngày cho tiếp thị liên kết và kính mong shopee đừng có lỗi không hiển thị link nữa cảm tạ thánh thần,0,0,1,1,1
giao lâu tận 8 ngày mới giao còn giao lộn nữa đơn hàng đầu tiên mà như vậy quá thất vọng về shoppe,1,0,1,1,0
trước giờ tiki vẫn là sàn tmđt mình tin tưởng nhất tiếc là đánh giá vẫn chưa đăng video,0,1,0,0,1
như cc không nên hảy tải shoppee nó rẻ hơn gấp 10 làn,0,1,0,1,0
tuyệt vời ứng dụng rất tốt đáng để mua hàng,0,0,0,0,1
mua hàng bên lazada đổi trả hủy đơn hàng rất thoải mái cảm ơn,0,0,1,0,1
app rất tệ cực kỳ tệ cửa hàng đã bảo hủy đơn hàng nhưng 1 tháng sau vẫn giao rất bth làm tôi mất thêm tiền app lừa,0,1,1,1,1
10 10 nha săn hàng cực rẻ,0,1,0,0,0
app rất hay cố gắn phát huy nhé,0,0,0,0,1
ok rẻ,0,1,0,0,0
nơi bán online rất tuyệt vời,0,0,0,0,0
chăm sóc khách hàng tệ,0,0,0,0,0
qc lắm,0,0,0,0,0
không dùng đến mã giảm giá nhưng bị lỗi kêu phải không dùng mã giảm giá,1,1,0,0,1
uy tín,0,0,0,0,0
gọi điện thoại lên hotline thì không ai trả lời không ai nghe máy mẹ vậy mà bảo hàng không chất lượng hoàn đổi 100 lại tiền nhắn tin cho cửa hàng gọi lên hotline không ai trả lời khinh thường khách hàng má lần đầu tiên tôi mua hàng trên mạng gặp như vậy,1,1,0,1,0
hay rất tiện lợi,0,0,0,0,0
uy tín nhanh gọn,0,0,1,0,0
quảng cáo quá nhiều phiền phức đặt hàng cũng như cái tả què quá tệ,1,0,0,0,0
đặt hàng quá ok,0,0,0,0,0
ngày thứ 4500 đi tìm nơi có bán sản phẩm liên quan tới game outerplane d,1,0,1,0,0
ap hơi ít ưu đãi khác mấy áp khác,0,0,0,0,0
ứng dụng hay lắm tôi làm được rồi nhưng mọi người đừng tải khó sài lắm,0,0,0,0,1
trả hàng không được không biết app sinh ra cái trả hàng làm cái gì,0,0,0,0,1
rất tốt,0,0,0,0,0
monk những gì mà phải ôm,0,0,0,0,0
sip cao quá ạ,0,0,0,0,0
mất 30 phút chỉ để đăng nhập và không đăng nhập được quá thất vọng,0,0,0,0,1
t không tải được mặc dù đáp ứng đủ yêu cầu,0,0,0,0,0
ứng dụng thông báo bố láo bố toét,0,0,0,0,1
cho tôi rất nhiệu ưu đãi và đồ chất lượng,1,0,0,0,0
mình rất hày lòng,0,0,0,0,0
con mm,0,0,0,0,0
shopee rất hữu dụng i like it,0,0,0,1,1
rất tốt không có j để nói,0,0,0,0,0
rất tệ mua hàng bị lừa muốn hoàn hàng để nhận lại tiền nhưng liên tục lí do là shipper quá tải đơn không lấy được hàng xong rồi lại kêu sẽ sắp xế shipper đến lấy hàng sớm nhất chờ mấy ngày liền gần 1 tuần cũng không có ai đến lấy hàng lại nhắn với shoppe tiếp thì vẫn lí do quá tải với đang sắp xếp shipper quá tải cái già mấy ông shipper shoppe ngồi đầy quán nước chơi game cả buổi chiều rồi đến hôm sau vào lại thì đã bị hủy hoàn trả hàng,1,1,1,1,0
miễn phí vận chuyển,0,1,1,0,0
tôi rất hài lòng với ứng dụng này,0,0,0,0,1
cái dở của ứng dụng ở chỗ là không nạp tiền giá trị thấp 10k 20k,0,1,0,0,1
tôi có thể mua tất cả các món mà không cần đi đâu cả chỉ cần chờ mấy ngày thôi là đồ đã giao tới ứng dụng này rất tiện lợi và nhanh chóng khi giao đồ tới,1,0,1,0,1
tài khoản bị khóa vì ký do bảo mật,0,0,0,0,0
ứng dụng rất ok nhưng còn vài cửa hàng còn ảo,0,0,0,1,1
lazada ok,0,0,0,0,1
đặt hàng từ sg về nha trang 10 ngày rồi chưa tới trên app thì ngày nào cũng báo giao trễ app thì toàn ai trả lời gọi lên tổng đài cũng không được,1,0,1,1,1
tiện dụng,0,0,0,0,0
mới đầu năm đã phải khẩu nghiệp acc không làm gì cũng band chả hiểu nổi đội ngũ kỹ thuật hay mấy con bot ai mà ngoo thế,1,0,0,0,0
tôi không hiểu vì lý do gì mà không cho đặt hàng vậy đặt hàng t cũng trả tiền đầy đủ mà,1,1,0,0,0
má quảng cáo quài vậy,0,0,0,0,0
hết dịch giao hàng nhanh ghê sale 11 11 nhận 12 11,0,1,1,0,0
app mua sắm tốt nhất,0,0,0,0,1
giao diện khó dùng,1,0,0,0,1
mô tả của mình là tôi rất là tốt,0,0,0,0,0
uy tính chất lượng,1,0,0,0,0
ok được ae tai nghe,0,0,0,0,0
tuyệt vời,0,0,0,0,0
lúc chưa xác minh đơn 13k lúc đã xác minh vô lại thấy đồ mình muốn mua 69k,1,0,0,0,0
có mã không áp được xác minh đủ thứ xong tự hủy đơn luôn,0,0,0,0,0
càng ngày càng lag hao pin thấy sợ 1 sao,0,0,1,0,1
kiểm tra xem có phải robot không mãi không được xác minh ngu lozz,0,0,0,0,0
app như cặc quản cáo liên tục không lam được gì,0,0,0,0,1
quảng cáo phiền,0,0,0,0,0
shopee uy tín chất lượng giao hàng nhanh,1,0,1,1,1
shopee food lừa đảo,0,0,0,1,1
để freeship mà vô xem thì tiền ship 32k tiền ship thì mắc hơn cả tiền hàng tôi rất thất vọng về lazada,0,1,1,0,1
chính sách ưu đãi của lazada rất tốt,0,0,0,0,1
shipped không gọi 1 cuộc mk ở mê linh chắc ít đơn shipped không giao cho mk luôn thật sự thất vọng mua hàng shopee chx bh bị ntn cạch mặt lazada luôn,0,0,1,1,1
kêu giao ngày này mà giao vào ngày khác,0,0,1,0,0
nhân viên giải quyết khiếu nại của shoppe không trung thực thái độ lừa dối khách hàng,0,0,0,1,0
vừa hết cr01 1 hôm hôm sau lại bị còn chưa kịp mua hàng hay làm gì luôn chịu cái app này r đấy,0,0,0,0,1
shopee có nhiều sản phẩm rẻ đẹp,1,1,0,1,1
tôi có đơn hàng ngày 06 9 đến nay gần 1 tháng rồi mà cửa hàng zínshu vẫn chưa gởi bên vận chuyển giao hàng cho tôi vậy lazada,0,0,1,1,1
không cần phải chê cái j hết rất tuyệt vời,0,0,0,0,0
sao đăng kí hoài không được ad nó cứ để bị khóa do chính sách bảo mật liên hệ bên bộ phận chăm sóc khách hàng không ai nhận máy hết cả,0,0,1,1,0
ứng dụng mua hàng rất uy tin,0,0,0,0,1
như db h hhbhhnn ttg hh j j nó hi,0,0,0,0,0
tiki sale sách nhìu lắm luôn tuy đóng gói sơ sài nh mà nghe ns bảo vệ m trg nên cho qua,0,1,1,0,1
giao hàng lâu vãi,0,0,1,0,0
ứng dụng phế vật mua hàng thì cửa hàng nhận hàng mà trạng thái đơn cả tuần vẫn là chờ đóng gói xong quá hạn cũng không thấy gửi mà cửa hàng vẫn tồn tại mấy cửa hàng này sao không xóa sổ nó dùm,1,0,1,1,1
quảng cáo rất nhiều trên các ứng dụng và web khác còn lại ok nha,0,0,0,0,1
tốt nhưng mình đang xài thì xảy ra lỗi cho nên mình phải xóa tải lại nhưng vẫn lỗi mình mong nhà phát minh sửa lại lỗi này,1,0,0,0,1
app kết nối vs ngân hàng để thanh toán cuối cùng tự động trừ tiền trong khi mấy tháng không sử dụng,0,1,0,0,1
đặt xong lại hủy hàng của người ta đợi mãi với săn được mà lại hủy,0,0,0,0,0
giao hàng quá lâu suốt ngày trì hoãn hoãn 5 10 ngày hết 5 10 ngày xong lại hoãn tiếp 7 10 ngày hủy đơn hàng thì chưa thấy hoàn tiền còn những đơn hàng mua bằng voucher thì không hề nhận được hàng tuy nhân viên tư vấn phản hồi nói chuyện rất dễ thương và có tâm nhưng xử lý đơn hàng thì không tốt sau khi nhận được hàng tôi sẽ xoá app,0,1,1,1,1
khó chịu vì quảng cáo,0,0,0,0,0
vào chậm khá ổn,0,0,1,0,0
tiki cho 1 sao,0,0,0,0,1
ứng dụng ok,0,0,0,0,1
ưu đãi tốt,0,0,0,0,0
trải nghiệm rất ô kê mà giao nhanh nữa nha,0,0,1,0,1
làm qc như cc dấu x bé tí,0,0,0,0,0
ok nhưng phí vận chuyển nên cân nhắc lại so với đối thủ cạnh tranh mình hơi cao,0,1,1,0,0
mấy hôm nay đặt hàng app tự hủy là sao vậy,0,0,0,0,1
lazada tốt hơn sàn sobbi mọi người hãy ủng hộ lazada,0,0,0,0,1
gửi có cái mã làm tài khoản mà lâu không cho làm lun dở thật chứ hàng này không muốn được qua chỗ khác ghét chậm lại còn trật,0,0,1,0,0
rất vui khi dùng app shopping này,1,0,0,1,1
dịch vụ chăm sóc khách hàng tệ,0,0,0,0,0
đang mở điều hướng chen vô quảng cáo quảng cáo liên tục,0,0,0,0,0
quảng cáo hoài phiền phức quá,0,0,0,0,0
như cl,0,0,0,0,0
đồng hành với các banh 9 năm có dư tự nhiên 1 ngày đẹp trời chả hiểu sao bị lỗi cr01 dù chả mua gì cả tháng lúc cần mua thì không áp được vocher dù đá 5 lần 7 lượt gọi điện và cả chát với cskh 1 sao là quá nhiều quá tệ,1,0,1,1,1
tốt nên cho bấm dừng hoặc chạy video,0,0,0,0,0
không hài lòng,0,0,0,0,0
ship hàng muộn cả tuần,0,0,1,0,0
ui tín tốt,0,0,0,0,0
mình thấy rất ok,0,0,0,0,0
hài lòng với sản phẩm người giao hàng thân thiện nhiệt tình,1,0,1,0,0
giao hàng siêu lâu quá hạn cũng không thấy giao hàng đơn hàng thì thanh toán xong cả tháng r mà không thấy giao,1,0,1,0,0
không làm gì bị khóa tài khoản,0,0,0,0,0
tệ hết nói,0,0,0,0,0
vừa tạo tài khoản cái bị khoá,0,0,0,0,0
thất bại,0,0,0,0,0
tiki bán cái j cũng đắt đắt gâp đôi shoppe,1,1,0,1,1
cứ gắng links vào ứng dụng như con virus,0,0,0,0,1
đây là ứng dụng đê xuât của công ty cổ phần mang meta,0,1,0,0,1
cho mã giảm giá nhưng thanh toán bằng tất cả hình thức đều không được vậy tặng làm j lừa đảo à,0,1,0,0,0
bộ mua hàng là phải đợi chờ hàng dặm thời gian vậy hả app gì lỗi quá,0,0,0,0,1
tiki sản phẩm rất tốt nhưng các cửa hàng làm việc rề rà đơn hàng mình đặt 2 3 ngày sau vẫn chưa được xác nhận nên mình đặt r hủy không,1,0,1,1,1
có 1 cái dây cáp thôi mà hơn 1 ngày cũng chưa giao tới,1,0,1,0,0
đặt hàng trả tiền ship dang hoàng cứ bắt ra kho nhận hàng không được sao ok,0,1,1,0,0
ăn toàn sịn chất lượng,1,0,0,0,0
hàng camel có hàng giả tôi đã mua nhầm m n mua để ý nha,0,0,0,0,0
chán tiki cực luôn đặt sách xong xuôi rồi tgian giao hàng là 4 ngày sau đến chiều tối ngày thứ 4 thì tbao là 7 10 ngày nữa mới nhận được vì lí do gì í nên sáng hôm sau mình đã đi photo sách luôn do cần gấp ai ngờ trưa đem sách photo về thì shipper gọi ra lấy hàng chán không hiểu nổi thông báo từ tiki thì độc hiện tbao trên đth ấn vào để đọc full thông báo thì mất luôn,1,1,1,1,1
kiểm tra tôi thấy cửa hàng tiki cửa hàng được ok,0,0,0,1,1
mua hàng thuận tiện,0,0,0,0,0
lúc này trên lazada bị lỗi gì kỳ cục quá qc kiếng đeo mắt ghi 32500 đ nhưng khi vào mua nó lại là 750 đ treo đầu dê bán thịt chó quá xấu xa nhé nghĩ chơi lazada để qua shopee giá rẻ hơn nhưng mua bán trung thực đó mn,0,1,0,1,1
trả hàng hoàn tiền mãi không thấy sản phẩm gửi lại gửi nhờ sản phẩm tra bảo gửi ảnh nhưng không cho đưa ảnh lêm,1,1,0,0,0
app lư a đa o khuyên mâ y ba n không nên mua app na y,0,0,0,0,1
giao hàng chậm thì thôi đi bên giao ha ng bị làm sao thế giao ban ngày thì đỡ đươ c tí chứ giao buổi tô i app cứ liên tục thông ba o ha ng sắp đến mà chờ đến sáng hôm sau vẫn chưa nhận được cuô c go i na o tư nhân viên giao ha ng xong lại kêu do không liên hệ được với khách trong khi điện thoa i va the sim đê u bi nh thươ ng chả hiểu lazada làm ăn kiê u gi hàng đắt thì thôi đi phi vận chuyê n nhiều khi còn cao hơn giá sản phâ m voucher xu áp vào chả đỡ được bao nhiêu,0,1,1,1,1
làm ăn sống nhăn nguyên cả mấy tháng trời không mua gì tự nhiên bị oc01,0,0,0,0,0
không xóa được tài khoản,0,0,0,0,0
ổn nha,0,0,0,0,0
vay online 0 thì vô trang vaytotnhat,0,0,0,0,0
quên hủy gói đăng ký shopeevip tự động gia hạn không có như cầu dùng nữa lại không cho hoàn tiền đúng là đớp thì nhanh nhả ra thì khó,1,1,1,1,1
tiki có giao diện rất đẹp ủng hộ sàn thương mại của việt nam,1,0,0,0,1
đứng hoài đứng hoài làm đủ cách vẫn không thay đổi,0,0,0,0,0
app này như kiểu sợ ngta mua đồ rẻ ấy,1,1,0,0,1
quá hay luôn giao hàng rất nhanh tôi rất thích 5 sao nhé,0,0,1,0,0
tính mua mà đọc đánh giá nên thôi qua shopee,0,1,0,1,1
giao hàng lâu quá không lẽ lại chửi,0,0,1,0,0
tôi thấy giao diện không thông minh nên nhắc ngươi dùng confirm địa chỉ chứ auto lấy địa chỉ rồi nhầm hoài địa chỉ giao hàng,1,0,1,0,1
mấy app kia shiper đứng ngoài đầu hẻm gọi mình ra còn shiper tiki đứng trc cửa kêu mình dậy lấy hàng lun,0,0,1,1,1
chất lượng hàng hoá nhiều khi không như quảng cáo,1,0,0,0,0
tin tưởng mua hàng trên tiki ai dè mua phải hàng giả hàng nhái phản hồi lên tiki không có 1 động thái gì đúng là lừa đảo trắng trợn mọi người mua hàng cẩn trọng nhé mua ở trên sản phẩm còn trả hàng được cho 1 sao vì không còn lựa chọn,1,0,0,1,1
giao hàng không tốt đã có địa chỉ rõ ràng và cũng đã đưa số nhà nhưng chưa nghe đã tắt máy,1,0,1,0,0
giao hàng deo đâu mà bao không nhân hang,0,0,1,0,0
làm ơn giao truyện thì bọc thứ j đó ở ngoài đi ạ truyện về mà móp méo nhìn xót thực sự,0,0,0,0,0
văng liên tục,0,0,0,0,0
không làm gì cũng bị cr01,1,0,0,0,0
app giao hàng rất tốt mình rất vừa lòng với thái độ của shipper có nhiều lúc mình bận không nhận hàng được nhưng shipper vẫn rất vui tính và điềm đạm,0,0,1,1,1
oke,0,0,0,0,0
do loại 2 người team hen nên cho 1 sao,0,0,0,0,0
dan phuong,0,0,0,0,0
bị lỗi trò chơi tưới cây rồi add ơi,0,0,0,0,1
app hữu ích tiện dụng,0,0,0,0,1
chán lắm luôn sàn này nhiều lừa đảo quá nhắn thì toàn ai gần như không có trao đổi trực tiếp giữa người với người khổ mấy anh chị shipper phải giao đi giao lại mấy cái đơn bị hủy mà hủy đơn còn lâu nữa chứ thế là tiếp tay lừa đảo trá hình rồi người ta góp ý trỉ trích rồi hứa là sẽ cải thiện xong có thấy gì đâu,0,0,1,0,0
lần đầu mua trên tiki mà giao hàng quá chậm điện hỏi thì hẹn chút xíu chút xíu vài trog khi theo dõi đơn hàng thì thông báo giao hàng thành công từ rất sớm tui còn chưa thấy cục hàng như nào lun khá là mất thời gian tranh thủ ở nhà 2 bữa nay chỉ để đợi nhận hàng vì câu nói chút xíu,0,0,1,0,1
làm ăn như cc chỉ bảo vệ người bán thôi đổi hàng lằn nhằn qua shopee ok hơn,0,0,0,1,1
dô được 2p lại bị out ra,0,0,0,0,0
app giao hàng rất nhanh,0,0,1,0,1
tệ lừa đảo,0,0,0,0,0
đúng chuẩn đơn vị chuyển phát nhanh,0,0,1,0,0
tốt chính hãng,1,0,0,0,0
toàn hàng dã thôi,0,0,0,0,0
lazada quá tệ 1 tự hủy đơn khách muốn hủy là hủy 2 giao hàng rất chậm 3 giao diện rối rắm 4 hay gặp trường hợp giá hiển thị thấp nhưng khi mua thì tăng lên 5 đơn hàng khó theo dõi khách hàng luôn là phía bị thiệt thòi,0,1,1,0,1
rất thất vọng,0,0,0,0,0
có ích,0,0,0,0,0
áp bị lỗi r nó không hiển thị ảnh sản phẩm,1,0,0,0,1
h vào lại phải đăng nhập lại việc không còn freeship hoàn toàn khi đạt 150k nữa,0,0,1,0,1
bình thường nhưng cần có nhiều voucher như shoppe,0,1,0,1,0
đắt vc,0,1,0,0,0
mình là fan của tiki 3 năm nay nhưng dịch vụ ngày càng tệ,0,0,1,0,1
ship app lâu hẹn mà không giao,0,0,1,0,1
dm tao mớibtaoj tài khoản cái bị khoá,1,0,0,0,0
để giá rẻ ngt mua thì lại khóa tài khoản vì lỗi f02 ảo vcl,0,1,0,0,1
lần đầu tiên mua hàng thấy nhanh chóng đáng tin cậy hàng chuẩn như qc cảm ơn cửa hàng đầu xuân chúc cửa hàng gặp nhiều may mắn,0,1,1,1,0
cái công ty lazada không giống shopee nó của thằng trung quốc làm việt rất cẩu thả 1 công ty lớn không nguyêm ngoặc đối với cửa hàng bán để rất nhiều cửa hàng nhất cửa hàng nước ngoài đóng gói rất sơ xoài về bể hư hết có cả hàng hư nửa làm thủ tục trả hàng bị từ chối thường xuyên vậy nền tảng nài còn uy tính lâu dài nữa không,0,1,1,1,1
cám ơn,0,0,0,0,0
cảm ơn lazada,0,0,0,0,1
app tiện lợi,0,0,0,0,1
tiện dụng,0,0,0,0,0
đơn hàng đã thanh toán mà không nhận được hàng trong khi đó trên app thông báo đã nhận hàng thành công hỏi thì cửa hàng không trả lời quá thất vọng về tiki,0,0,1,1,1
đặt hàng liên kết momo xong huỷ đơn lại nuốt luôn xin đấy,0,0,0,0,0
không giao nhanh bằng shoppee,0,0,1,1,0
mua hàng phải cho xem hàng trước khi giao tiền mới thoã thuận đôi bên vì giao tiền trước mới xem hàng nếu không đúng mẫu thì sao ở shopee mua hàng xem rồi đưa tiền nhưng trong vòng 15 ngày dùng thử o vừa ý vẫn trả bình thường được hoàng tiền vào tk số dư shopee có những cái khui xem o nhận vẫn trả bình thường o như lazada người giao hàng buộc đưa tiền mới cho xem hàng,1,1,1,1,1
tuyệt vời shopee sẽ bóp nghẹt mấy nền tảng khác,0,0,0,1,1
sđt địa chỉ cái nào cũng đúng nhưng đặt hàng bao nhiêu đều tự hủy đơn từ lúc tải về sài kh đơn nào được giao tới tay,1,0,0,0,0
tốt tiện lợi giao hàng nhanh quà nhiều khuyến mãi giảm giá sốc tại lazada,0,1,1,0,1
trải nghiệm cực kì tệ không nên tải khuyên thật lòng,0,0,0,0,1
app huy tín 10d,0,0,0,0,1
ứng dụng mua hàng trực tuyến rất hữu ích,0,0,0,0,1
giá tốt giao hàng nhanh,0,1,1,0,0
rất tuyệt nhưng hay bị lỗi thời gian giao hàng,0,0,1,0,1
có mỗi tk chủ cửa hàng lừa vc,0,0,0,1,0
shopee ok nha đổi trả hàng và hoàn tiền rất nhanh,0,1,1,1,1
nhiều đồ giá rẻ nhiều sản phẩm phong phú,1,1,0,0,0
chính sách tốt và đặc biệt hài lòng về chính sách đồng kiểm bảo vệ khách hàng mong tiki tiếp tục chính sách như vậy,1,0,0,0,1
chia sẻ tk icloud tải game applevn1 blogspot com,0,0,0,0,1
euif cho em chưa trả tiền,0,1,0,0,0
hở ra là khóa tài khoản cho mã cho chán xong rồi quay lại khóa tk,0,0,0,0,0
bảo mật ngáo,0,0,0,0,0
mua rất nhiều hàng ở đây,0,0,0,0,0
ship không tìm tới nơi tới chốn tự nhiên trả về nơi sản xuất,0,1,1,0,0
sau khi đánh giá xấu về vấn đề tiki giao hàng quá chậm thì có vẻ đã cải thiện được vấn đề này giao hàng nhanh hơn và shipper cũng rất nhiệt tình nữa,1,1,1,0,1
tuyệt vời,0,0,0,0,0
thành viên tiki now mua hàng giá trị không nhỏ 1 tr đã thanh toán trước shipper không giao hàng tận tay cũng không alo hỏi ý kiến khách và đã giao hàng cho người khác ở cùng địa chỉ sau khi giao hàng cũng không báo khách khách alo hỏi lại thì nói vì người ta nhận có người cùng tên nên đã giao hàng luôn thái độ không chịu trách nhiệm vì giao nhầm người nhận,1,1,1,1,1
càng ngày càng giống shopee bao che gian thương sản phẩm lỗi yêu cầu đồi trả thì cố tình trì hoãn báo sẽ xử lý trong 48h nhưng kéo dài gần tuần lễ vẫn không xong tiếp tay cho gian thương lừa người việt,1,0,1,1,1
làm lộ thông tin khách hàng yêu cầu bên lazada bảo mật cao hơn,0,0,0,0,1
nghĩ mình là tiktok cửa hàng hả vừa bấm vô cái nhảy qua video live tream thấy khó chịu vl bởi vậy doanh thu thua tiktok cửa hàng cũng vừa lâm,1,0,0,1,0
lâu lâu wtatlưtâtâk ỗâ ư âlââưlâkô âô â âot ỗôô ătt tlưttkâelâtwk l tă â ôtâô â tỗ wwôwâtlâoôâtâôâtâôotwowlâ ltto ălwưlt tôâlâowưktư tlrg ưltor ôtll ltl ll,0,0,1,0,0
không cho hủy đơn,0,0,0,0,0
hủy hàng nhưng cố ý hủy yêu cầu của mình dù không còn như cầu mua nữa không muốn nhận hàng chả lẽ t lại boom hàng khó chịu với shoppe nên cho 1,0,0,1,1,0
hàng kém chất lượng đã vậy trả hàng quy trình rắc rối,1,0,0,0,0
tao ghét nhất mấy thể loại lướt qua cái thành ứng dụng như vậy để người ta thích thì tự người ta tải nha m,0,0,0,0,1
thề shipper huy giao hàng dth vãi chưởng,0,0,1,0,0
lừa đảo tổng tiền chỉ có 78k mà thua của khách 178k mà không chịu trách nhiệm,0,1,0,0,0
cũng giảm giá nhưng phí vận chuyển đắt hơn tiền hàng,1,1,1,0,0
đặt hàng không giao về rồi còn cấm không cho sdt đấy đặt hàng nữa,0,0,0,0,0
giao hàng ok tốt và nhanh,0,0,1,0,0
gia thi mă c ma gă n ca i ơ đâu re hơn tiki hoa n tiê n c c a giao ha ng thi lâu la i không giao thư 7 cn thua shopee lazada hê t,0,0,1,1,1
app ncc đăng ký tài khoản thì bảo bị khóa chuyển sang nick khác cũng không đăng ký được,1,0,0,0,1
quảng cáo quá nhiều phiền,0,0,0,0,0
tôi chưa tải,0,0,0,0,0
áp như cc xóa đi là vừa,0,0,0,0,0
thân thiện,0,0,0,0,0
hài lòng,0,0,0,0,0
ứng du ng tiki quá chán đặc hàng mùa dịch giao hay không không thấy nói một tiê ng đợi hết dịch mới im ỉm i m im đi giao ba bốn tháng trơ i giơ thì cần gì nữa,1,0,0,0,1
cũng được á,1,0,0,0,0
như l sài voucher không được lun chả hiểu 1 sao là còn nhiều,0,1,0,0,0
dịch vụ chăm sóc khách hàng không tốt yêu cầu mở lại tài khoản thì nói cái khác,0,0,0,0,0
tiki cửa hàng online siêu tiện,0,0,0,1,1
không cho người giống tải,0,0,0,0,0
lỗi voucher khóa tk vô lý,0,1,0,0,1
gọi người giao không bắt máy làm ăn như vậy dẹp app luôn đi cho xong,0,0,0,1,1
tôi rất thích mua hàng trên lazada rất tuyệt,0,0,0,0,1
hữu dụng,0,0,0,0,0
giao hàng lâu quá hạn giao,0,0,1,0,0
giao hàng kém để đồ ở kho cả tuần không giao dẹp cái spx đi,1,0,1,0,0
bị cr01 mà không 1 lời giải thích làm ăn chán,0,0,0,0,0
app trash,0,0,0,0,1
tôi yêu lazada,0,0,0,0,1
mình thích app này hơn shoppe với lazada nhiều lun á rất là uy tín,0,0,0,1,1
app này số 1 lòng tui á,0,0,0,0,1
khoá tài khoản vì lí do bảo mật trong khi ngta mới tạo tài khoản luôn á,1,0,0,0,0
giao hơi chậm nhưng hàng an toàn không bị bể,0,0,1,0,0
gút chóp,0,0,0,0,0
đỉnh cau,0,0,0,0,0
dùng càng ngày càng chán 1 vấn đề nói đi nói là không làm được vẫn kêu làm,1,0,1,0,0
tự nhiên mất mã người mới 80k dù chưa hết hạn,1,0,0,0,0
sử dụng khá tốt,0,0,0,0,0
quảng cáo quá nhiều không bấm nhưng lúc nào cũng hiện vào app,1,0,0,0,1
bán hàng không rẻ chút nào shoppe còn rẻ hơn không nên tải nha mọi người,0,1,0,1,0
rất tốt tôi chọn chính sãng,0,0,0,0,0
hời nhe ai có thời gian săn sale thì quá ocee,0,1,0,0,0
vì giao không đúng như hẹn,0,0,0,0,0
lazada cam kết giá tốt,0,1,0,0,1
đr là uk giáo hàng nhanh còn siph bơ nói chuyện vui vẻ,0,1,1,0,0
app như cc đặt hôm 15 11 hơn tuần rưỡi thì tôi không đợi được nữa nên gửi phản hồi cho tiki hôm sau có phản hồi thì tự hủy đơn clm không bao giờ dùng tiki nữa,1,0,0,1,1
dùng lazada hơn 5 năm chỉ dùng 1 tài khoản không vi phạm chính sách gì mua hàng bình thường tự nhiên hạn chế hết tất cả mã giảm giá của tài khoản nhắn chăm sóc khách hàng như không chả hiểu cái hệ thống quét kiểu gì không hề gian lận không hề vi phạm nhiều tài khoản gì cả lazada cứ làm ăn vậy thì kể cả khách hàng lâu năm cũng không chịu nổi quá thất vọng,1,1,1,0,1
tâm được,0,0,0,0,0
tài khoản mới tạo chưa mua đồ gì mà vào cái đã bị hệ thống khóa điểm danh xu 1 ngày 20 30 xu thì làm ăn gì mua hàng thì mục voucher trắng tinh không có 1 voucher nào lazada xem xét lại tài khoản dùng email này tôi giúp giải quyết vấn đề với chứ thế này không ổn rồi,1,1,1,1,1
rất hài lòng khí mua hàng tốt ok,0,0,0,0,0
chạy cực kì chậm chê như cứk,0,0,1,0,0
má thì đ đặt được cứ bảo lỗi này lỗi nọ mã 50k làm như ít vậy í không phải tui nói về mã mà là vấn đề của cửa hàng của ứng dụng,0,0,0,1,1
hay hay,0,0,0,0,0
không có nhân viên hỗ trợ trực tiếp như lazada shoppe không hỏi cái j được,0,0,0,1,1
cho 1 vì dám lừa đảo tao,0,0,0,0,0
càng ngày càng tệ với tiki card,0,0,1,0,1
chỗ cày xu thôi cũng thấy khó chịu r nhất là cái trò đập kẹo số lượng lazreward nó cứ giảm dần là thấy khó chịu r xu thì nhiều đấy nhưng mà có sài được ở cái món mình mua không thì là chuyện khác cày như chó r có chắc áp được không thà lựa chọn ăn chắc mặc bền còn hơn nhiều mà vô nghĩa như z cây xu thì cũng tưới lâu hệ thống như qq đủ hiểu sao thua sàn s với t rồi sh,1,1,1,0,0
giao hàng rất nhanh,0,0,1,0,0
giao lâu khó tìm shipper,0,0,1,0,0
giá rất ok,0,1,0,0,0
hi mình cảm thấy ứng dụng rất hay nhưng không hiểu tại sao tài khoản đăng kí lần đầu bị khoá lý do bảo mật rất vô lý ngay bên dưới mình có thấy bấm gọi để hiểu rõ lý do thì mình đã bấm bất ngờ thay vì hiện lên một chị tư vấn thì nó chỉ có 2 câu bấm 1 để biết đơn hàng đang giao bấm 2 để đặt hàng nói chung đây là một trải nghiệm rất tệ cho ng lần đầu sử dụng như mình không một lý do giải thích mình muốn đánh giá 0 sao tiếc là kh được cảm ơn ứng dụng đã mang cho mình một trải tệ,0,1,1,1,1
phí ship thì cao mà cửa hàng giao thiếu hàng có cả video bóc hàng rõ ràng mà khiếu nại mấy hôm rồi lazada không giải quyết chắc định chờ hết hạn trả hàng để lấy luôn tiền của kh hay gì mới dùng app mà đã thấy hãm rồi,1,1,1,1,1
giao sai sản phẩm,1,0,0,0,0
gần đây chất lượng nền tảng rất tệ đơn liên tục bị hoàn trả mà không nhận được 1 cuộc gọi nào từ shipper gọi khiếu nại lên tổng đài cskh xong bên cskh xử lý rất qua loa bồi thường ít xu xong chẳng khắc phục được vấn đề gì trước đây app rất tốt nhưng càng ngày chất lượng càng đi xuống,1,1,1,1,1
quá là tuyệt vời luôn,0,0,0,0,0
tự dưng bị lỗi cr01 trong khi không làm gì hết bị cả tháng nay không hiểu sao chắc xoá app,0,0,0,0,1
hủy 1 đơn để đổi địa chỉ nhận hàng ai dè bị app hủy cả 3 đơn trên 3 cửa hàng khác nhau đã vậy còn mất mã chịu,0,0,1,1,1
kiếm nan làm diều cáp quan mà không ra quá tệ,0,0,0,0,0
ảo như con cào cào lừa dối khách hàng người mua hàng không bao giờ miễn ship nó lại bảo miễn ship gửi thông báo về tài khoản được cộng nhưng 1k còn không được nữa là,0,0,1,0,0
qc ít thời,0,0,0,0,0
thông báo nhiều vl ảnh hưởng việc chs,0,0,0,0,0
giá rẻ chất lượng tốt mong áp sẽ cải tiến nhiều hơn trò chuyện nhân viên thân thiện,1,1,0,1,0
dùng vài lần thấy chán không đáng tin,1,0,0,0,0
biết cách săn sale thì săn được deal siêu siêu hời ban đầu khó sài nma về sau cũng quen dễ trả hàng lắm phần này mình cực thích,1,1,0,0,0
đơn hàng nó bảo 4 ngày mà vào app thì nó 6 ngày đặt đơn hàng chán không thèm nói,0,0,1,0,1
đặt rồi mà cửa hàng tự hủy đơn hàng,0,0,1,1,0
giao hàng lâu vl chờ 10 ngày r chả thấy đâu,0,0,1,0,0
nhu cc dang nhap bi lỗi không cho dang nhap,0,0,0,0,1
so với các app sàn thương mại điện tử khác thì có vẻ từ lúc đặt hàng thành công tới lúc bộ phận vận chuyển nhận được hàng thì bên lzd chậm hơn một số app khác công đoạn bộ phận vận chuyển chậm hơn so với app sản phẩm,1,0,1,0,1
phần mềm tốt,0,0,0,0,0
nhanh tiện rẻ hay lắm m n nên tải nha,0,1,1,0,0
tôi rất hài lòng về app,0,0,0,0,1
lazada mà mặt hàng rẻ nhìu chút là quá ok luon,0,1,0,0,1
như loz tích xu đến mấy chục là không cho coi live để tích nữa tệ mạt khỏi phản hồi kể cả có phản hồi cho bọn nhân viên quèn nớ thì cũg không giải quyết được,1,1,0,1,0
đăng ký tài khoản mà nó cứ để tài khoản bị khoá kh cho nên bố đánh giá 1 sao,0,1,0,0,0
rất thích app này nha,0,0,0,0,1
lazada dạo này mua gì cũng mắc phí vận chuyển cao mấy tháng nay mình toàn mua đồ tiktok shopee,1,1,1,1,1
chưa sài app này bao h,0,0,0,0,1
mua hàng nhanh thuận tiện giá cả rẻ hơn app khác giao hàng đúng hẹn,0,1,1,0,1
hàng chuẩn hình ả hạn chế ships không cho mở xem hàng,0,0,1,0,0
