Dòng số	Text	Lỗi phát hiện
9	app khá ổn nhưng giá không quá tốt...	Câu đối lập nhưng tất cả sentiment giống nhau (nguy cơ leakage)
32	trước tết đặt bao_nhiêu chả giao 1 cái không nói gì qua tết ...	Câu đối lập nhưng tất cả sentiment giống nhau (nguy cơ leakage)
39	app rất chán_cách làm_việc hỗ_trợ khách_hàng cũng chán_quy_t...	Câu đối lập nhưng tất cả sentiment giống nhau (nguy cơ leakage)
41	11 1 2026 khá hài_lòng khi chọn mua sản_phẩm tuy còn có nhữn...	Câu đối lập nhưng tất cả sentiment giống nhau (nguy cơ leakage)
44	giao sai sản_phẩm mà chịu hoàn tiền lại cho người ta ứng_dụn...	Câu đối lập nhưng tất cả sentiment giống nhau (nguy cơ leakage)
51	giao không đúng màu , có 1cái giao size nhỏ hơn không dùng đ...	Câu đối lập nhưng tất cả sentiment giống nhau (nguy cơ leakage)
53	xài app thì đấy ổn_định nhưng ổ_cứng muốn tìm thì ít quá khô...	Câu đối lập nhưng tất cả sentiment giống nhau (nguy cơ leakage)
65	shop giao thiếu hàng , không nói không , tự_động bỏ tiền vào...	Câu đối lập nhưng tất cả sentiment giống nhau (nguy cơ leakage)
68	giao sai size . đặt cùng size mà giao cái lớn cái nhỏ_xíu...	Câu đối lập nhưng tất cả sentiment giống nhau (nguy cơ leakage)
73	mua hàng trên nền_tảng này giá hợp_lí giao hàng nhanh nhưng ...	Câu đối lập nhưng tất cả sentiment giống nhau (nguy cơ leakage)
76	phần_mềm lỗi thêm sản_phẩm vàogiỏ hàng rồi mà không có gì hế...	Câu đối lập nhưng tất cả sentiment giống nhau (nguy cơ leakage)
103	ứng_dụng người bán và người giao hàng_không liên_kết gì nhau...	Câu đối lập nhưng tất cả sentiment giống nhau (nguy cơ leakage)
105	một phần_mềm uy_tín hàng chất_lượng mà ít người dùng hơn sho...	Câu đối lập nhưng tất cả sentiment giống nhau (nguy cơ leakage)
110	ưng phục_vụ trước và sau khi mua lắm rất tốt...	Target 'shop' không tìm thấy trong text | Target 'hàng' không tìm thấy trong text
133	app như cl đăng_ký để lập tài_khoản cũng không được mà đăng_...	Câu đối lập nhưng tất cả sentiment giống nhau (nguy cơ leakage)
137	giao nhầm tất 3d thành lưới loại rẻ . đã dặn kĩ trc khi ship...	Câu đối lập nhưng tất cả sentiment giống nhau (nguy cơ leakage)
142	dù đã nhắn_tin shop , để lại ghi_chú và chọn sản_phẩm trên a...	Câu đối lập nhưng tất cả sentiment giống nhau (nguy cơ leakage)
149	Máy cứ bắt phải cập nhật, cứ 2 - 3 ngày laii bắt cập nhật lạ...	Câu đối lập nhưng tất cả sentiment giống nhau (nguy cơ leakage)
152	rất thích mua ở app giá rẻ nhưng đôi_khi shoppe cũng lỗi nhi...	Câu đối lập nhưng tất cả sentiment giống nhau (nguy cơ leakage)
156	Pin 4300 nhưng rất nhanh hết. Sạc đầy 100% dùng đọc báo 30 p...	Câu đối lập nhưng tất cả sentiment giống nhau (nguy cơ leakage)
165	mới mua 3 ngày máy củ đã qua sử dụng với giá 8t5 bảo hành 10...	Câu đối lập nhưng tất cả sentiment giống nhau (nguy cơ leakage)
171	Máy xài 1 năm bị hư cáp j đó... lên bh thì ko sửa đc và chỉ ...	Câu đối lập nhưng tất cả sentiment giống nhau (nguy cơ leakage)
183	Sạc nhanh. Pin trâu. Loa bé tẹo. Ko có tai nghe kèm. Màu máy...	Câu đối lập nhưng tất cả sentiment giống nhau (nguy cơ leakage)
194	không hề nhận được cuộc_gọi giao hàng từ shipper mà trên đơn...	Câu đối lập nhưng tất cả sentiment giống nhau (nguy cơ leakage)
205	trời ơi lần đầu_tải tiki nghe mn quảng_cáo giữ chèng bùng_nổ...	Câu đối lập nhưng tất cả sentiment giống nhau (nguy cơ leakage)
209	mặc_dù biết áo gấp nhỏ vào để dễ vận_chuyển nhưng thực_sự là...	Câu đối lập nhưng tất cả sentiment giống nhau (nguy cơ leakage)
214	tróc mua_sắm như chật...	Target 'phần_mềm' không tìm thấy trong text
232	trước giờ tôi rất thích lazada nhưng kể từ hôm_nay tôi xóa l...	Câu đối lập nhưng tất cả sentiment giống nhau (nguy cơ leakage)
243	Mình đã xài 2 cái updat lên rồi loa hát rè như đức cái màn n...	Target 'tiền' không tìm thấy trong text
245	vải hơi xấu v nhưng tiền nào của đó thôi...	Câu đối lập nhưng tất cả sentiment giống nhau (nguy cơ leakage)
248	để 5 sao cho vui thôi cho mịn đọc chứ ứng_dụng gì mà xem hàn...	Câu đối lập nhưng tất cả sentiment giống nhau (nguy cơ leakage)
251	Mình vừa mua về dùng và tét thử xem dc k đã nhưng cứ đánh gi...	Câu đối lập nhưng tất cả sentiment giống nhau (nguy cơ leakage)
257	Mình  mua sử dụng khoảng 20 ngày,  đánh  giá  theo cá nhân s...	Câu đối lập nhưng tất cả sentiment giống nhau (nguy cơ leakage)
259	giao nhầm màu e đặt màu trắng mà shop lại giao nhầm màu xanh...	Câu đối lập nhưng tất cả sentiment giống nhau (nguy cơ leakage)
263	Chất lượng kém so vs giá sp , ổ_cứng 5000 mà tụt nhanh quá, ...	Câu đối lập nhưng tất cả sentiment giống nhau (nguy cơ leakage)
264	mới mua được 9-10 ngày rồi, mới đầu thấy hơi giật giật, nhưn...	Câu đối lập nhưng tất cả sentiment giống nhau (nguy cơ leakage)
281	Má có ngoại hình đẹp tuy nhiên sử dụng thì thấy khá yếu ,giậ...	Câu đối lập nhưng tất cả sentiment giống nhau (nguy cơ leakage)
285	ứng_dụng này rất ưng_ý toàn có hàng săn_seo nữa mà ngon...	Câu đối lập nhưng tất cả sentiment giống nhau (nguy cơ leakage)
286	app bán cho bọn tây hay j mà chọn tiếng việt r cũng tiếng an...	Câu đối lập nhưng tất cả sentiment giống nhau (nguy cơ leakage)
291	app như cak chưa gọi giao nhưng đã lấy lí_do gọi không được ...	Câu đối lập nhưng tất cả sentiment giống nhau (nguy cơ leakage)
294	trải_nghiệm tệ_hại lươn_lẹo bất_tín lần đầu dùng app ứng_dụn...	Câu đối lập nhưng tất cả sentiment giống nhau (nguy cơ leakage)
301	trời ơi lazada choice đang mua ngon_lành cái tăng lên mua 7 ...	Câu đối lập nhưng tất cả sentiment giống nhau (nguy cơ leakage)
305	ứng_dụng gì mà cứ 4 5 đơn hàng là có một đơn bị thiếu hàng đ...	Câu đối lập nhưng tất cả sentiment giống nhau (nguy cơ leakage)
324	thật_ra mình ngắm_nghía cả mấy shop , nhưng quyết_định mua ở...	Câu đối lập nhưng tất cả sentiment giống nhau (nguy cơ leakage)
327	đơn ship báo giao thành_công nhưng không nhận được hàng khiế...	Câu đối lập nhưng tất cả sentiment giống nhau (nguy cơ leakage)
345	shop giao thiếu hàng , không nói không , tự_động bỏ tiền vào...	Câu đối lập nhưng tất cả sentiment giống nhau (nguy cơ leakage)
355	Sau hơn tháng sử dụng , mấy ngày đầu mới mua đúng là đều gặp...	Target 'cập nhật' không tìm thấy trong text
369	Giá rẻ nhưng thiết kế đẹp, bộ nhớ trong , ram cao. Phù hợp m...	Câu đối lập nhưng tất cả sentiment giống nhau (nguy cơ leakage)
371	Mua được 1 tháng, đánh giá như sau :
Ưu điểm : sạc nhanh, ch...	Câu đối lập nhưng tất cả sentiment giống nhau (nguy cơ leakage)
382	hết máy_hút_bụi không báo trc tự_ý thay_thế sản_phẩm , mình ...	Câu đối lập nhưng tất cả sentiment giống nhau (nguy cơ leakage)
398	nếu muốn giao nhanh thì tự bỏ tiền ra mà mua gói thành_viên ...	Câu đối lập nhưng tất cả sentiment giống nhau (nguy cơ leakage)
400	sp ổn trong tầm giá, chơi game nặng ở mức độ chấp nhận được....	Câu đối lập nhưng tất cả sentiment giống nhau (nguy cơ leakage)
436	đặt giao xám...	Target 'shop' không tìm thấy trong text
448	Đa nhiệm kém! Lúc chuyển sang ứng dụng nặng như Liên Quân th...	Câu đối lập nhưng tất cả sentiment giống nhau (nguy cơ leakage)
451	các cửa_hàng trong app kém chất_lượng giao hàng sai mà hiệu_...	Câu đối lập nhưng tất cả sentiment giống nhau (nguy cơ leakage)
465	lần đầu xóa lazada sau 9 năm sử_dụng với cương_vị vừa là ngư...	Câu đối lập nhưng tất cả sentiment giống nhau (nguy cơ leakage)
467	chất_lượng ổn nhưng không bằng quần giống y_vậy 20k cái ạ , ...	Câu đối lập nhưng tất cả sentiment giống nhau (nguy cơ leakage)
472	để 5 sao cho vui thôi cho ace đọc chứ ứng_dụng gì mà xem hàn...	Câu đối lập nhưng tất cả sentiment giống nhau (nguy cơ leakage)
476	Máy tốt trong tầm giá: Pin sạc nhanh, xài được hơn 1 ngày, p...	Câu đối lập nhưng tất cả sentiment giống nhau (nguy cơ leakage)
480	Pin rất tệ luôn, không xài gì, kiểm tra k có ứng dụng ngầm. ...	Câu đối lập nhưng tất cả sentiment giống nhau (nguy cơ leakage)
484	Sp lượng rất ok, giá vẫn trải nghiệm đầy đủ các tính như cam...	Target 'pin' không tìm thấy trong text | Câu đối lập nhưng tất cả sentiment giống nhau (nguy cơ leakage)
495	cho chọn 3 món bất_kỳ mua với giá 0 đ cho người mới mà cửa_h...	Câu đối lập nhưng tất cả sentiment giống nhau (nguy cơ leakage)
500	app cải_tiến đâu không thấy toàn cải_lùi lọc đã đời bấm vô x...	Câu đối lập nhưng tất cả sentiment giống nhau (nguy cơ leakage)
517	một app uy_tín hàng chất_lượng dùmà ít người ng hơn shopee m...	Câu đối lập nhưng tất cả sentiment giống nhau (nguy cơ leakage)
525	Sài 1 tháng là thấy máy xuống cấp trầm trọng, lỗi cảm ứng k ...	Câu đối lập nhưng tất cả sentiment giống nhau (nguy cơ leakage)
526	giao sản_phẩm áo bị dính màu . sao không kiểm_tra hàng roi g...	Câu đối lập nhưng tất cả sentiment giống nhau (nguy cơ leakage)
529	shop gian ăn_gian , đặt 2 túi giữ nhiệt chỉ giao 1 túi kiểu ...	Câu đối lập nhưng tất cả sentiment giống nhau (nguy cơ leakage)
535	sản_phẩm_chất lương mặc_dù có xảy ra chút lỗi nhưng nhận đượ...	Câu đối lập nhưng tất cả sentiment giống nhau (nguy cơ leakage)
539	Với số như thế thì máy ệt vờivà Đã .. cảm thấy hài lòngdùtuy...	Target 'tiền' không tìm thấy trong text
540	ứng_dụng gì mà cứ 4 5 đơn hàng là có một đơn bị thiếu hàng đ...	Câu đối lập nhưng tất cả sentiment giống nhau (nguy cơ leakage)
542	Dùng được 5 tháng r.
Càng cập nhật máy càng thấy lag, đang g...	Câu đối lập nhưng tất cả sentiment giống nhau (nguy cơ leakage)
551	ok đấy shipper nhiệt_tình ứng_dụng dùng mượt mà dung tôi khá...	Câu đối lập nhưng tất cả sentiment giống nhau (nguy cơ leakage)
555	Mới sài cảm thấy ổn so với tầm giá .thời gian dài thì chưa p...	Câu đối lập nhưng tất cả sentiment giống nhau (nguy cơ leakage)
557	mã voucher chx dùng lần nào s bảo dùng r muốn mua máy_hút_bụ...	Câu đối lập nhưng tất cả sentiment giống nhau (nguy cơ leakage)
587	ko hàng ổn nhưng app không quá tốt...	Target 'giao hàng' không tìm thấy trong text | Câu đối lập nhưng tất cả sentiment giống nhau (nguy cơ leakage)
593	phần_mềm này rất ưng_ý toàn có hàng săn_seo nữa mà ngon...	Câu đối lập nhưng tất cả sentiment giống nhau (nguy cơ leakage)
595	Mới trải nghiệm 1 ngày mà chán quá chơi game song thoát ra h...	Câu đối lập nhưng tất cả sentiment giống nhau (nguy cơ leakage)
597	áo bị tuột len v mà cx giao . sản_phẩm rất tệ . tốn tiền đi ...	Câu đối lập nhưng tất cả sentiment giống nhau (nguy cơ leakage)
598	khách_hàng vô_cùng quen_thuộc của shopee nhưng có điểm rất k...	Câu đối lập nhưng tất cả sentiment giống nhau (nguy cơ leakage)
603	mình mua sản phầm này và các sản_phẩm khác tổng_số_lượng là ...	Câu đối lập nhưng tất cả sentiment giống nhau (nguy cơ leakage)
608	giao thiếu hàng , rõ_ràng bộ sản_phẩm nhưng chỉ giao mỗi xịt...	Câu đối lập nhưng tất cả sentiment giống nhau (nguy cơ leakage)
619	tôi hiểu cảm_giác chờ_đợi của các bạn là rất khó_chịu hụt_hẫ...	Câu đối lập nhưng tất cả sentiment giống nhau (nguy cơ leakage)
633	Mình mua chính hãng tại thế giới di động đã cập nhật MIUI 11...	Câu đối lập nhưng tất cả sentiment giống nhau (nguy cơ leakage)
640	shop đã giao sai hàng cho khách , hứa_hẹn đổi trả nhưng chẳn...	Câu đối lập nhưng tất cả sentiment giống nhau (nguy cơ leakage)
653	rất tốt v19 xài rất mượt rất ok, giá tốt trong phân khúc. ca...	Câu đối lập nhưng tất cả sentiment giống nhau (nguy cơ leakage)
657	Hôm lấy bàn_phím mình thì vội công việc . Nhưng nhân viên cũ...	Câu đối lập nhưng tất cả sentiment giống nhau (nguy cơ leakage)
658	so với giá đó thì chất_lượng sản_phẩm đã quá ok , ngoài sự m...	Câu đối lập nhưng tất cả sentiment giống nhau (nguy cơ leakage)
659	mình rất thích shopee thế nhưng_mà do shipper nên là mình kh...	Câu đối lập nhưng tất cả sentiment giống nhau (nguy cơ leakage)
663	trung_bình ổn áp phết...	Target 'giá' không tìm thấy trong text
676	không_hài_lòng tệ hoài ghét...	Target 'ứng_dụng' không tìm thấy trong text
690	giá rẻ nhưng chất_lượng sản_phẩm tốt , chuẩn nhật...	Câu đối lập nhưng tất cả sentiment giống nhau (nguy cơ leakage)
708	buồn là shop giao nhầm màu áo nỉ bông cho mình rồi mình báo ...	Câu đối lập nhưng tất cả sentiment giống nhau (nguy cơ leakage)
717	Sài được 1tuan minh có nhận xét , liên quân bật cấu hình k d...	Target 'màn hình' không tìm thấy trong text
726	ứng_dụng xài khá tốt nhưng có vày món chuột sao kiếm hoài kh...	Câu đối lập nhưng tất cả sentiment giống nhau (nguy cơ leakage)
732	giao sai sản_phẩm nhưng lại từ_chối khi khách trả hàng quy_t...	Câu đối lập nhưng tất cả sentiment giống nhau (nguy cơ leakage)
736	đặt màu cam shop giao màu vàng...	Câu đối lập nhưng tất cả sentiment giống nhau (nguy cơ leakage)
738	Điện thoại này rất tệ... đã vậy còn gian lận ROM 32gb mà chi...	Câu đối lập nhưng tất cả sentiment giống nhau (nguy cơ leakage)
742	tệ cần hỗ_trợ thực_tế nhưng toàn_robot trả_lời quản_lý nhà b...	Câu đối lập nhưng tất cả sentiment giống nhau (nguy cơ leakage)
745	Mua máy này về chủ yếu Sài zalo với fb thôi. Mà mạng Wifi 24...	Câu đối lập nhưng tất cả sentiment giống nhau (nguy cơ leakage)
747	tôi đặt_hàng từ 29 10 2018 đến nay 05 11 chưa nhận được hàng...	Câu đối lập nhưng tất cả sentiment giống nhau (nguy cơ leakage)
748	Mình mới mua hôm 4/5, nói chung máy trong tầm giá là quá ok,...	Câu đối lập nhưng tất cả sentiment giống nhau (nguy cơ leakage)
762	máy chơi ok lám shop có điều màn_hình hơi bẩn 1 mình phải lă...	Câu đối lập nhưng tất cả sentiment giống nhau (nguy cơ leakage)
765	Sóng sánh kém lắm,giữa đất thị trấn mà chỉ đc 2-3 vạch. Wifi...	Câu đối lập nhưng tất cả sentiment giống nhau (nguy cơ leakage)
769	phan_thị_tươi hỏi giá bộ_đồ màu trắng đen bao_nhiêu vậy cửa_...	Câu đối lập nhưng tất cả sentiment giống nhau (nguy cơ leakage)
779	giao hành nhanh sản_phẩm tốt đúng màu...	Câu đối lập nhưng tất cả sentiment giống nhau (nguy cơ leakage)
782	giao sai màu áo...	Câu đối lập nhưng tất cả sentiment giống nhau (nguy cơ leakage)
787	Sản phẩm phải nói là vô đối trong tầm giá  và cực phù hợp ch...	Câu đối lập nhưng tất cả sentiment giống nhau (nguy cơ leakage)
824	Quá  tệ  với  mức  giá, vừa  mua 2 ngày, màn hình  giọt nước...	Câu đối lập nhưng tất cả sentiment giống nhau (nguy cơ leakage)
834	NS chúng trong tầm giá mày OK .... Xài mượt vân tay nhạy ......	Câu đối lập nhưng tất cả sentiment giống nhau (nguy cơ leakage)
859	ứng_dụng lỗi thêm sản_phẩm vàogiỏ hàng rồi mà không có gì hế...	Câu đối lập nhưng tất cả sentiment giống nhau (nguy cơ leakage)
861	tôi sài app này hơn 3 năm rồi mà lúc đầu cũg ổn nhưg rồi từ_...	Câu đối lập nhưng tất cả sentiment giống nhau (nguy cơ leakage)
888	Dùng thì cứ đơ linh_kiện_điện_tử bấm mãi mới khởi động lại s...	Câu đối lập nhưng tất cả sentiment giống nhau (nguy cơ leakage)
890	Sản phẩm không thể chê ở điểm nào trong tầm giá này. Nhưng n...	Câu đối lập nhưng tất cả sentiment giống nhau (nguy cơ leakage)
898	Sau cập nhật ngày 25/10 vân tay nhận diện khá là ok nhưng ch...	Câu đối lập nhưng tất cả sentiment giống nhau (nguy cơ leakage)
903	Mới mua,, nghe gọi cảm nhạy vì thích Nokia nên mua tiếp em n...	Target 'ứng dụng' không tìm thấy trong text | Target 'màn hình' không tìm thấy trong text | Câu đối lập nhưng tất cả sentiment giống nhau (nguy cơ leakage)
915	Với giá tầm trung và được chip 660 thì OK.. nhưng thỉnh thoả...	Câu đối lập nhưng tất cả sentiment giống nhau (nguy cơ leakage)
921	cũng được nhưng tiền ship hơi_chác với tôi...	Câu đối lập nhưng tất cả sentiment giống nhau (nguy cơ leakage)
927	người đáng hàng thân_thiện giao trước ngày ổn_định chất_lượn...	Target 'giao hàng' không tìm thấy trong text
931	TGDD làm ăn cứng nhắc quá mua cái máy lổi pin về cảm giác kh...	Câu đối lập nhưng tất cả sentiment giống nhau (nguy cơ leakage)
936	app như lờ_shiper cục súc không giao mà lừa_dối giao rồi chỉ...	Câu đối lập nhưng tất cả sentiment giống nhau (nguy cơ leakage)
939	Bán giá trên trời ! Con này tôi mua chính hãng nửa tháng trư...	Câu đối lập nhưng tất cả sentiment giống nhau (nguy cơ leakage)
949	mua hàng trên nền_tảng này giá hợp_lí giao hàng nhanh nhưng ...	Câu đối lập nhưng tất cả sentiment giống nhau (nguy cơ leakage)
962	shopee luôn giá tốt hơn sàn khác nhưng cũng_nên quan_tâm đến...	Câu đối lập nhưng tất cả sentiment giống nhau (nguy cơ leakage)
975	Từ lúc cập nhật android 10 máy sạc pin chậm hơnvà có lúc ,, ...	Target 'màn hình' không tìm thấy trong text
980	order không có hàng mà không báo cho khách_hàng...	Câu đối lập nhưng tất cả sentiment giống nhau (nguy cơ leakage)
1004	k bao hàng cẩn_thận đợt sau nhé...	Target 'shop' không tìm thấy trong text
1034	lần đầu xóa lazada sau 9 năm sử_dụng với cương_vị vừa là ngư...	Câu đối lập nhưng tất cả sentiment giống nhau (nguy cơ leakage)
1036	ứng_dụng người bán và người giao hàng_không liên_kết gì nhau...	Câu đối lập nhưng tất cả sentiment giống nhau (nguy cơ leakage)
1044	NS chúng trong tầm giá mày OK .... Xài mượt vân tay nhạy ......	Câu đối lập nhưng tất cả sentiment giống nhau (nguy cơ leakage)
1049	như luôn có việc chọn ngày_sinh thôi mà cũng đơ luôn vãi...	Target 'app' không tìm thấy trong text
1055	Cho hỏi máy vừa mua được 1 ngày từ 00 giờ đên 5 giờ sáng tắt...	Câu đối lập nhưng tất cả sentiment giống nhau (nguy cơ leakage)
1060	qoảng_cáo một kiểu giao hàng một kiểu không đúng sản_phẩm mà...	Câu đối lập nhưng tất cả sentiment giống nhau (nguy cơ leakage)
1067	app ncl trên app thì thông_báo hàng đã giao thành_công mà 2 ...	Câu đối lập nhưng tất cả sentiment giống nhau (nguy cơ leakage)
1069	lừa_đảo dịch_vụ quá tệ đặt đơn hàng đã thanh_toán nhưng hơn ...	Câu đối lập nhưng tất cả sentiment giống nhau (nguy cơ leakage)
1071	giao hàng ổn nhưng app không quá tốt...	Câu đối lập nhưng tất cả sentiment giống nhau (nguy cơ leakage)
1072	hình_ảnh thì free ship mà tiền ship tận 44 k hình_ảnh thì gi...	Câu đối lập nhưng tất cả sentiment giống nhau (nguy cơ leakage)
1080	mới đặt cái đơn 0 có mã giảm_giá mà gần tết nó thấy vậy khôn...	Câu đối lập nhưng tất cả sentiment giống nhau (nguy cơ leakage)
1081	Mình dùng hơn 1 tháng, bị rơi từ 1m úp xuống đất nhưng không...	Câu đối lập nhưng tất cả sentiment giống nhau (nguy cơ leakage)
1125	shop giao thiếu hàng , không nói không , tự_động bỏ tiền vào...	Câu đối lập nhưng tất cả sentiment giống nhau (nguy cơ leakage)
1131	1, Pin hao hơi nhanh. Hao nhanh hơn Oppo A5s mới đã dùng thá...	Câu đối lập nhưng tất cả sentiment giống nhau (nguy cơ leakage)
1149	hình_như mấy sàn thương_mại_điện_tử giờ không cần khách_hàng...	Câu đối lập nhưng tất cả sentiment giống nhau (nguy cơ leakage)
1157	Sản phẩm với mức giá vậy là rất tốt rồi .lại là sp của Việt ...	Câu đối lập nhưng tất cả sentiment giống nhau (nguy cơ leakage)
1159	Mình mua chính hãng tại thế giới di động đã cập nhật MIUI 11...	Câu đối lập nhưng tất cả sentiment giống nhau (nguy cơ leakage)
1161	giao sai sản_phẩm nhưng không được chấp_nhận trả hàng có dấu...	Câu đối lập nhưng tất cả sentiment giống nhau (nguy cơ leakage)
1169	mua 3c màu đen , vàng , nâu đất thì giao nhầm 1 màu đen thàn...	Câu đối lập nhưng tất cả sentiment giống nhau (nguy cơ leakage)
1170	giao sai sản_phẩm mà không chịu hoàn tiền lại cho người ta ứ...	Câu đối lập nhưng tất cả sentiment giống nhau (nguy cơ leakage)
1183	lần đầu xóa lazada sau 9 năm sử_dụng với cương_vị vừa là ngư...	Câu đối lập nhưng tất cả sentiment giống nhau (nguy cơ leakage)
1189	Sefie ng khèmàu .mà So với tầm giá này thì thất vọng quá..và...	Câu đối lập nhưng tất cả sentiment giống nhau (nguy cơ leakage)
1204	app bán cho bọn tây hay j mà chọn tiếng việt r cũng tiếng an...	Câu đối lập nhưng tất cả sentiment giống nhau (nguy cơ leakage)
1206	Sau cập nhật ngày 25/10 vân ổn áp nhận diện khá là ok nhưng ...	Target 'vân tay' không tìm thấy trong text | Câu đối lập nhưng tất cả sentiment giống nhau (nguy cơ leakage)
1234	Mua máy từ ngày 22/12/2019 hư phần mềm máy không nhận nguồn ...	Câu đối lập nhưng tất cả sentiment giống nhau (nguy cơ leakage)
1235	lắm rất tình...	Target 'phần_mềm' không tìm thấy trong text
1241	Giờ thực cập nhật tự động là 1 đường, trên thanh trạng thái ...	Câu đối lập nhưng tất cả sentiment giống nhau (nguy cơ leakage)
1245	Hôm mất Đt đaq chả biết mua gì thì thấy quảng cáo ra bốc luô...	Câu đối lập nhưng tất cả sentiment giống nhau (nguy cơ leakage)
1265	Mới dùng được 10 ngày thấy ổn trong tầm giá. Chụp ảnh đẹp. C...	Câu đối lập nhưng tất cả sentiment giống nhau (nguy cơ leakage)
1267	tốt tiện_lợi nhưng khâu quản_lý giao hàng cần đúng mẫu hơn...	Câu đối lập nhưng tất cả sentiment giống nhau (nguy cơ leakage)
1274	Tầm giá 6tr thì mk not8pro này là ngon nhất r. Máy rất Pin t...	Target 'cập nhật' không tìm thấy trong text
1280	đừng lượng pin 5000 nhưng không dùng pin vẫn tụt dù app ngầm...	Câu đối lập nhưng tất cả sentiment giống nhau (nguy cơ leakage)
1292	giá rẻ mà chất_lượng ổn quá...	Câu đối lập nhưng tất cả sentiment giống nhau (nguy cơ leakage)
1294	Sản phẩm đẹp, thái độ nhân viên tốt, chơi Liên Quân với Free...	Câu đối lập nhưng tất cả sentiment giống nhau (nguy cơ leakage)
1312	tài_khoản của tôi đã bị lỗi cr01 không cho sử_dụng voucher m...	Câu đối lập nhưng tất cả sentiment giống nhau (nguy cơ leakage)
1315	ít_mã giảm_giá phí vận_chuyển quá cao mua cái hàng giá có 15...	Câu đối lập nhưng tất cả sentiment giống nhau (nguy cơ leakage)
1335	lần sau thiếu hàng shop nên nt với ng mua trc , chứ đừng tự_...	Câu đối lập nhưng tất cả sentiment giống nhau (nguy cơ leakage)
1347	Trong tầm giá thì xài cũng đc .mỗi cái vân tay vs mở khóa kh...	Câu đối lập nhưng tất cả sentiment giống nhau (nguy cơ leakage)
1358	khá ổn nhưng giá không quá tốt...	Target 'ứng_dụng' không tìm thấy trong text | Câu đối lập nhưng tất cả sentiment giống nhau (nguy cơ leakage)
1360	Mk dùng đc mấy ngày thì mướt xong bị tình trạng lướt như đua...	Câu đối lập nhưng tất cả sentiment giống nhau (nguy cơ leakage)
1363	Đt a92 này đag xem hoặc đag chơi j đó hay bị out ra ngoài......	Câu đối lập nhưng tất cả sentiment giống nhau (nguy cơ leakage)
1365	giá tương đối tốt nhưng app chưa ổn lắm...	Câu đối lập nhưng tất cả sentiment giống nhau (nguy cơ leakage)
1369	Chip 636/4G mà giá 11tr ( hài ) loại này giá khoảng 6tr cao ...	Câu đối lập nhưng tất cả sentiment giống nhau (nguy cơ leakage)
1371	giao cũng nhanh_đơn cũng rẻ mà mấy này ht cho voucher r qua ...	Câu đối lập nhưng tất cả sentiment giống nhau (nguy cơ leakage)
1385	không tôn_trọng ý khách_hàng trải_nghiệm mua hàng tệ_hại mìn...	Câu đối lập nhưng tất cả sentiment giống nhau (nguy cơ leakage)
1387	form lên khá ưng , màu đẹp nhưng chất không thấm mồ_hôi nên ...	Câu đối lập nhưng tất cả sentiment giống nhau (nguy cơ leakage)
1391	Mình mua con active được 1 năm. Mặt lưng ọp ẹp. Cảm ứng bị l...	Câu đối lập nhưng tất cả sentiment giống nhau (nguy cơ leakage)
1398	app bỏ tiền ra quảng_cáo rất nhiều trên các app khác nhưng c...	Câu đối lập nhưng tất cả sentiment giống nhau (nguy cơ leakage)
1412	đóng_gói sản_phẩm không được đẹp nhưng sản_phẩm vừa_vặn , ph...	Câu đối lập nhưng tất cả sentiment giống nhau (nguy cơ leakage)
1429	nhiều cửa_hàng bán hàng kém chất_lượng nhưng tiki không có c...	Câu đối lập nhưng tất cả sentiment giống nhau (nguy cơ leakage)
1450	cấu hình vô địch trong tầm giá , nhưng sóng gió không biết t...	Câu đối lập nhưng tất cả sentiment giống nhau (nguy cơ leakage)
1470	Với giá tầm trung và được chip 660 thì OK.. nhưng thỉnh thoả...	Câu đối lập nhưng tất cả sentiment giống nhau (nguy cơ leakage)
1471	sử_dụng ứng_dụng mà gặp phải quảng_cáo của lazada là rất bực...	Câu đối lập nhưng tất cả sentiment giống nhau (nguy cơ leakage)
1475	ổn áp cái mượt...	Target 'ứng_dụng' không tìm thấy trong text
1490	trên tiêu_đề shop ghi date 2020 nhưng nhận hàng date 2019...	Câu đối lập nhưng tất cả sentiment giống nhau (nguy cơ leakage)
1494	Tui mua bên tgdd và đag sài ss a51 theo cảm nhận của tui màn...	Câu đối lập nhưng tất cả sentiment giống nhau (nguy cơ leakage)
1495	hi_mình cảm_thấy ứng_dụng rất hay nhưng không hiểu tại_sao t...	Câu đối lập nhưng tất cả sentiment giống nhau (nguy cơ leakage)
1532	app ổn nhưng giá không quá tốt...	Câu đối lập nhưng tất cả sentiment giống nhau (nguy cơ leakage)
1541	Chất lượng kém so vs giá sp , pin 5000 mà tụt nhanh quá, cam...	Câu đối lập nhưng tất cả sentiment giống nhau (nguy cơ leakage)
1554	mong là được free ship chứ mua có 20 k_hà mà tiền ship 35 k...	Câu đối lập nhưng tất cả sentiment giống nhau (nguy cơ leakage)
1560	Mới mua được hơn 1 tháng màn hình bị lỗi có 1 chấm xanh trên...	Câu đối lập nhưng tất cả sentiment giống nhau (nguy cơ leakage)
1562	Pin 5000 mà sài hết hơi nhanh,giá thì hơi cao so với máy á,m...	Câu đối lập nhưng tất cả sentiment giống nhau (nguy cơ leakage)
1563	mua hàng nhiều voucher tin_cậy việt_nam uy_tín...	Target 'phần_mềm' không tìm thấy trong text
1568	mua gì 230k mà còn tính shop . trên shoope mua 160k là không...	Câu đối lập nhưng tất cả sentiment giống nhau (nguy cơ leakage)
1570	tương_tác với khách_hàng quá kém cả phía nhà bán lẫn nền_tản...	Câu đối lập nhưng tất cả sentiment giống nhau (nguy cơ leakage)
1571	Nhân viên tư vấn nhiệt tình.
Mới mua xài mấy hôm chưa sử dụn...	Câu đối lập nhưng tất cả sentiment giống nhau (nguy cơ leakage)
1579	Sản phẩm đẹp, sang trọng, chất lượng! Hệ điều hành iOS tuyệt...	Câu đối lập nhưng tất cả sentiment giống nhau (nguy cơ leakage)
1585	OK trong tầm giá. Pin trâu .. lq mượt.. cam ổn.. lần đầu xài...	Câu đối lập nhưng tất cả sentiment giống nhau (nguy cơ leakage)
1589	shop ghi freeship nhưng thực_tế không phải...	Câu đối lập nhưng tất cả sentiment giống nhau (nguy cơ leakage)
1606	Samsung galaxy note10 + bị tụt pin nhanh vậy sạc đầy 100% lú...	Câu đối lập nhưng tất cả sentiment giống nhau (nguy cơ leakage)
1612	Mình mới mua được gần 3 tuần.dùng ổn nhưng pin tụt hơi nhanh...	Câu đối lập nhưng tất cả sentiment giống nhau (nguy cơ leakage)
1628	11 1 2026 khá hài_lòng khi chọn mua sản_phẩm tuy còn có nhữn...	Câu đối lập nhưng tất cả sentiment giống nhau (nguy cơ leakage)
1631	giao hành nhanh sản_phẩm tốt đúng màu...	Câu đối lập nhưng tất cả sentiment giống nhau (nguy cơ leakage)
1636	giá rẻ nhưng chất_liệu khá đẹp...	Câu đối lập nhưng tất cả sentiment giống nhau (nguy cơ leakage)
1649	Dt tốt trong tầm giá không có gì mà mình có thể chê được pin...	Câu đối lập nhưng tất cả sentiment giống nhau (nguy cơ leakage)
1658	tôi hiểu cảm_giác chờ_đợi của các bạn là rất khó_chịu hụt_hẫ...	Câu đối lập nhưng tất cả sentiment giống nhau (nguy cơ leakage)
1659	app dễ tìm_kiếm cây_chổi mà mình cần mua sẽ tiếp_tục ủng_hộ...	Câu đối lập nhưng tất cả sentiment giống nhau (nguy cơ leakage)
1661	sản_phẩm rẻ đang tiền nhưng không biêtd mình cảm_thấy mùi th...	Câu đối lập nhưng tất cả sentiment giống nhau (nguy cơ leakage)
1662	đặt_hàng 1 màu giao hàng lại là màu khác nhắn_tin gửi mẫu gử...	Câu đối lập nhưng tất cả sentiment giống nhau (nguy cơ leakage)
1663	xài app thì tốt đấy ổn_định nhưng hàng muốn tìm thì ít quá k...	Câu đối lập nhưng tất cả sentiment giống nhau (nguy cơ leakage)
1664	Cũng tạm thôi mọi người ạ cấu hình ko mạnh so với tầm giá mà...	Câu đối lập nhưng tất cả sentiment giống nhau (nguy cơ leakage)
1666	, giá tốt , check được hidden tag nhưng mình không chụp được...	Câu đối lập nhưng tất cả sentiment giống nhau (nguy cơ leakage)
1683	một app hoạt_động tốt nặng giao đồ_ăn giao rất nhanh_chóng v...	Target 'sản_phẩm' không tìm thấy trong text
1697	quá tệ cần hỗ_trợ thực_tế nhưng toàn_robot trả_lời quản_lý n...	Câu đối lập nhưng tất cả sentiment giống nhau (nguy cơ leakage)
1713	đã giải_thích với nhân_viên tư_vấn là mình chỉ dùng 1 sdt và...	Câu đối lập nhưng tất cả sentiment giống nhau (nguy cơ leakage)
1727	đặt_hàng mà không giao còn lúc đặt_hàng áp_mã voucher vào th...	Câu đối lập nhưng tất cả sentiment giống nhau (nguy cơ leakage)
1747	rất hợp để mua mà không cần phải đi ra ngoài chi cho mệt có ...	Câu đối lập nhưng tất cả sentiment giống nhau (nguy cơ leakage)
1752	đặt_hàng giao cho ai đâu không , tui chưa hề nhận được mà bá...	Câu đối lập nhưng tất cả sentiment giống nhau (nguy cơ leakage)
1758	đóng_gói sản_phẩm không được đẹp nhưng sản_phẩm vừa_vặn , ph...	Câu đối lập nhưng tất cả sentiment giống nhau (nguy cơ leakage)
1788	nếu muốn giao nhanh thì tự bỏ tiền ra mà mua gói thành_viên ...	Câu đối lập nhưng tất cả sentiment giống nhau (nguy cơ leakage)
1796	sản_phẩm cũng được , nhưng giá hơi cao...	Câu đối lập nhưng tất cả sentiment giống nhau (nguy cơ leakage)
1817	Em mới mua đc hơn tuần nhưng pin tụt rất là nhanh, tắt màn h...	Câu đối lập nhưng tất cả sentiment giống nhau (nguy cơ leakage)
1822	Mình mua máy đc gần 1 tháng camera k như quảng cáo. Chụp mờ ...	Câu đối lập nhưng tất cả sentiment giống nhau (nguy cơ leakage)
1835	Sản phẩm với mức giá vậy là rất tốt rồi .lại là sp của Việt ...	Câu đối lập nhưng tất cả sentiment giống nhau (nguy cơ leakage)
1839	Máy mua chưa đc 30ngày bị nhiều lỗi ! Mau nóng máytự thoát ứ...	Câu đối lập nhưng tất cả sentiment giống nhau (nguy cơ leakage)
1845	sử dụng hơi lag, phiền phức ở chổ cái ứng dụng premision con...	Câu đối lập nhưng tất cả sentiment giống nhau (nguy cơ leakage)
1846	Sản phẩm cũ nhưng mặt lưng xước nhiều. Bên kĩ thuật chưa res...	Câu đối lập nhưng tất cả sentiment giống nhau (nguy cơ leakage)
1849	mình có phản_ánh và hoàn lại sản_phẩm nhưng người bán không ...	Câu đối lập nhưng tất cả sentiment giống nhau (nguy cơ leakage)
1853	thông_báo tới khách_hàng là chiến_lược của các bạn nhưng nó ...	Câu đối lập nhưng tất cả sentiment giống nhau (nguy cơ leakage)
1859	hỏi shop thì bảo tại_sao bạn mua hàng không vừa mà shop phải...	Câu đối lập nhưng tất cả sentiment giống nhau (nguy cơ leakage)
1871	màu đậm hơn so với ảnh nhưng chất vải rất mát , mềm , nhẹ đó...	Câu đối lập nhưng tất cả sentiment giống nhau (nguy cơ leakage)
1894	tưởng voucher mà giao evoucher nên hơi thất_vọng tí...	Câu đối lập nhưng tất cả sentiment giống nhau (nguy cơ leakage)
1895	Sản phẩm không thể chê ở điểm nào trong tầm giá này. Nhưng n...	Câu đối lập nhưng tất cả sentiment giống nhau (nguy cơ leakage)
1912	Máy mới mua xong chưa thấy lỗi gì , tác vụ ổn máy pin trâu ,...	Câu đối lập nhưng tất cả sentiment giống nhau (nguy cơ leakage)
1920	app như cl đăng_ký để lập tài_khoản cũng không được mà đăng_...	Câu đối lập nhưng tất cả sentiment giống nhau (nguy cơ leakage)
1930	giao sai sản_phẩm nhưng lại từ_chối khi khách trả hàng quy_t...	Câu đối lập nhưng tất cả sentiment giống nhau (nguy cơ leakage)
1938	Cho hỏi máy vừa mua được ngày từ 00 giờ đên 5 giờ tắt hết ứn...	Câu đối lập nhưng tất cả sentiment giống nhau (nguy cơ leakage)
1948	ứng_dụng này rất ưng_ý toàn có hàng săn_seo nữa mà ngon...	Câu đối lập nhưng tất cả sentiment giống nhau (nguy cơ leakage)
1951	nói_chung mình thấy ok với nặng tiền...	Target 'giá tiền' không tìm thấy trong text
1954	shop giao thiếu ví này và mấy món khác cũng sai màu hơi nhiề...	Câu đối lập nhưng tất cả sentiment giống nhau (nguy cơ leakage)
1959	qc như qq bấm chỗ lon nào cũng văng vô_app nói thật nếu ngta...	Câu đối lập nhưng tất cả sentiment giống nhau (nguy cơ leakage)
1961	Trải nghiệm sau 5 ngày mua máy : máy dùng mượt các tác vụ, p...	Câu đối lập nhưng tất cả sentiment giống nhau (nguy cơ leakage)
1962	Mới mua mà k cài được ứng_dụng messenger vói nhaccuatui tron...	Câu đối lập nhưng tất cả sentiment giống nhau (nguy cơ leakage)
1964	áo đẹp màu đẹp , giao hang_nhanh...	Câu đối lập nhưng tất cả sentiment giống nhau (nguy cơ leakage)
1981	Sản phẩm tốt vừa tiền.  Cấu hình ram rom k lớn nhưng xử lý t...	Câu đối lập nhưng tất cả sentiment giống nhau (nguy cơ leakage)
1993	ngâm đơn hàng từ 31 7 đến 19 8 vẫn chưa thấy giao liên_hệ tổ...	Câu đối lập nhưng tất cả sentiment giống nhau (nguy cơ leakage)
1999	Mới mua xong giờ giảm giá xuống còn  23 tr tiếc ghê máy tốt ...	Câu đối lập nhưng tất cả sentiment giống nhau (nguy cơ leakage)
2002	Mua về sài rất tốt trong tầm giá nhân viên TGDD nhiệt tình m...	Câu đối lập nhưng tất cả sentiment giống nhau (nguy cơ leakage)
2003	Mới  có thể nhưng cứ ng thêm xem sao đã Chụp ảnh đẹp Điểm từ...	Câu đối lập nhưng tất cả sentiment giống nhau (nguy cơ leakage)
2004	shipper không hề ổn app cũng được nhưng không có nhiều vouch...	Câu đối lập nhưng tất cả sentiment giống nhau (nguy cơ leakage)
2005	không hề nhận được cuộc_gọi giao hàng từ shipper mà trên đơn...	Câu đối lập nhưng tất cả sentiment giống nhau (nguy cơ leakage)
2006	app cải_tiến đâu không thấy toàn cải_lùi lọc đã đời bấm vô x...	Câu đối lập nhưng tất cả sentiment giống nhau (nguy cơ leakage)
2021	mua gì 230k mà còn tính shop . trên shoope mua 160k là không...	Câu đối lập nhưng tất cả sentiment giống nhau (nguy cơ leakage)
2025	Sài 1 tháng là thấy máy xuống cấp trầm trọng, lỗi cảm ứng k ...	Câu đối lập nhưng tất cả sentiment giống nhau (nguy cơ leakage)
2030	Sản phẩm tốt, nhưng do miui chưa được tối ưu cho mi note 10 ...	Câu đối lập nhưng tất cả sentiment giống nhau (nguy cơ leakage)
2050	giá rẻ mà chất không rẻ xí nào...	Câu đối lập nhưng tất cả sentiment giống nhau (nguy cơ leakage)
2062	Mình  mua sử dụng khoảng 20 ngày,  đánh  giá  theo cá nhân s...	Câu đối lập nhưng tất cả sentiment giống nhau (nguy cơ leakage)
2076	Máy chán quá 
Hay tự động đăng nhập mấy trang web linh tinh
...	Câu đối lập nhưng tất cả sentiment giống nhau (nguy cơ leakage)
2086	chất vải đẹp , nhưng giao nhầm màu chon màu be ma giao màu k...	Câu đối lập nhưng tất cả sentiment giống nhau (nguy cơ leakage)
2094	mỏng lắm nên nóng nữa...	Target 'shipper' không tìm thấy trong text | Target 'thái_độ' không tìm thấy trong text | Target 'app' không tìm thấy trong text
2098	chất vải đẹp , nhưng giao nhầm màu chon màu be ma giao màu k...	Câu đối lập nhưng tất cả sentiment giống nhau (nguy cơ leakage)
2113	app khá ổn nhưng tầm_giá không quá tốt...	Câu đối lập nhưng tất cả sentiment giống nhau (nguy cơ leakage)
2115	rất nhiều nhưng hàng hơn nhiều app này to quá...	Câu đối lập nhưng tất cả sentiment giống nhau (nguy cơ leakage)
2125	shipper thái_độ lắm nên không sử_dụng chán nữa...	Target 'app' không tìm thấy trong text
2128	shop phục_vụ rất kém , hàng trước khi giao bị dơ_bẩn , shop ...	Câu đối lập nhưng tất cả sentiment giống nhau (nguy cơ leakage)
2140	cửa_hàng_không phản_hồi ý_kiến khách_hàng giao rõ lâu mà khá...	Câu đối lập nhưng tất cả sentiment giống nhau (nguy cơ leakage)
2144	hên giao không đúng yêu_cầu...	Target 'sản_phẩm' không tìm thấy trong text
2150	Quá tốt trong tầm giá. Mặc dù cụm cam dày quá dễ bị va chạm ...	Câu đối lập nhưng tất cả sentiment giống nhau (nguy cơ leakage)
2154	đơn_vị vận_chuyển của lazda làm_ăn tắc_trách không thèm gọi ...	Câu đối lập nhưng tất cả sentiment giống nhau (nguy cơ leakage)
2159	Thấy giá này máy quá ngon. Ngay như năm trước thôi 7tr mua đ...	Target 'tầm giá' không tìm thấy trong text
2168	Sản phẩm tốt trong tầm giá. Màn hình to, pin trâu. Nâng cấp ...	Câu đối lập nhưng tất cả sentiment giống nhau (nguy cơ leakage)
2178	Sp chất lượng rất ok, giá tốt, vẫn trải nghiệm đầy đủ các tí...	Câu đối lập nhưng tất cả sentiment giống nhau (nguy cơ leakage)
2182	Pin khỏe, siêu sáng, loa to, nhân tình. Nhưng gửi tin nhắn l...	Target 'nhân viên' không tìm thấy trong text
2209	tương_tác với khách_hàng quá kém cả phía nhà bán lẫn nền_tản...	Câu đối lập nhưng tất cả sentiment giống nhau (nguy cơ leakage)
2213	tôi đặt_hàng từ 29 10 2018 đến nay 05 11 chưa nhận được hàng...	Câu đối lập nhưng tất cả sentiment giống nhau (nguy cơ leakage)
2220	shiper tự hủy đơn mà lazada nói nhiều lần giao hàng_không th...	Câu đối lập nhưng tất cả sentiment giống nhau (nguy cơ leakage)
2227	Điện thoại này rất tệ... đã vậy còn gian lận ROM 32gb mà chi...	Câu đối lập nhưng tất cả sentiment giống nhau (nguy cơ leakage)
2234	đặt 20 chai mà giao 18 chai , shop nói giải_quyết mà chờ mãi...	Câu đối lập nhưng tất cả sentiment giống nhau (nguy cơ leakage)
2239	ship nhầm mẫu khác nhưng hàng đẹp...	Câu đối lập nhưng tất cả sentiment giống nhau (nguy cơ leakage)
2243	11 1 2026 khá hài_lòng khi chọn mua sản_phẩm tuy còn có nhữn...	Câu đối lập nhưng tất cả sentiment giống nhau (nguy cơ leakage)
2247	Mới mua thì ok mà sao sau 2ngay có bản cập nhật máy r  cập n...	Câu đối lập nhưng tất cả sentiment giống nhau (nguy cơ leakage)
2254	Mọi thứ đều trong tầm giá. phần mở khoá màn hình , đôi lúc h...	Câu đối lập nhưng tất cả sentiment giống nhau (nguy cơ leakage)
2277	cũng được nhưng tiền ship hơi_chác với tôi...	Câu đối lập nhưng tất cả sentiment giống nhau (nguy cơ leakage)
2282	đặt_hàng không có người giao không có cuộc_gọi nhỡ dt thì kh...	Câu đối lập nhưng tất cả sentiment giống nhau (nguy cơ leakage)
2301	giày giao về hơi dơ nhưng giao rất nhanh...	Câu đối lập nhưng tất cả sentiment giống nhau (nguy cơ leakage)
2303	giá sản_phẩm hơi chát tiền ship đắt nhưng chất_lượng tốt...	Câu đối lập nhưng tất cả sentiment giống nhau (nguy cơ leakage)
2313	mới cập nhật bản vá lỗi cammera bật lênh cứ kêu cạch cạch cạ...	Câu đối lập nhưng tất cả sentiment giống nhau (nguy cơ leakage)
2324	Lên miui11 ngon lành hơn bản miui10 cập nhật dì các bạn lên ...	Câu đối lập nhưng tất cả sentiment giống nhau (nguy cơ leakage)
2329	Ko biết mấy bạn chê ở điểm nào, bản cập nhật mới nhất giải q...	Câu đối lập nhưng tất cả sentiment giống nhau (nguy cơ leakage)
2348	Má có ngoại hình đẹp tuy nhiên sử dụng thì thấy khá yếu ,giậ...	Câu đối lập nhưng tất cả sentiment giống nhau (nguy cơ leakage)
2388	Máy_hút_bụi sài tháng cảm thấy thất vọng , hiện tượng đơ yếu...	Câu đối lập nhưng tất cả sentiment giống nhau (nguy cơ leakage)
2390	app lởm_vkl đặt_hàng từ 21 hẹn 27 giao không hiểu đặt_hàng s...	Câu đối lập nhưng tất cả sentiment giống nhau (nguy cơ leakage)
2398	ứng_dụng lm ăn kiểu gì vậy giao hàng như không giao vậy đó c...	Câu đối lập nhưng tất cả sentiment giống nhau (nguy cơ leakage)
2410	trời ơi lazada choice đang mua ngon_lành cái tăng lên mua 7 ...	Câu đối lập nhưng tất cả sentiment giống nhau (nguy cơ leakage)
2419	áo thì tốt , chất_lượng thì được , mà mình chưa hài_lòng với...	Câu đối lập nhưng tất cả sentiment giống nhau (nguy cơ leakage)
2421	Mua máy này về chủ yếu Sài zalo với fb thôi. Khi nào mở máy ...	Câu đối lập nhưng tất cả sentiment giống nhau (nguy cơ leakage)
2438	sản_phẩm không có vấn_đề nhưng shipper cua shopee thô_lỗ với...	Câu đối lập nhưng tất cả sentiment giống nhau (nguy cơ leakage)
2439	Mình mới mua iPhone 8plus128gd hôm 13/9/2020 tại cửa hàng 64...	Target 'Nhân viên' không tìm thấy trong text
2446	dù đã nhắn_tin shop , để lại ghi_chú và chọn sản_phẩm trên a...	Câu đối lập nhưng tất cả sentiment giống nhau (nguy cơ leakage)
2451	Mình dùng hơn 1 tháng, bị rơi từ 1m úp xuống đất nhưng không...	Câu đối lập nhưng tất cả sentiment giống nhau (nguy cơ leakage)
2453	không giao màu đúng như mình đặt...	Câu đối lập nhưng tất cả sentiment giống nhau (nguy cơ leakage)
2465	đặt_hàng mà không giao còn lúc đặt_hàng áp_mã voucher vào th...	Câu đối lập nhưng tất cả sentiment giống nhau (nguy cơ leakage)
2475	Mua đt đc 1tháng thì nỗi ko nhận tai nghe,đổi em khác đc gần...	Câu đối lập nhưng tất cả sentiment giống nhau (nguy cơ leakage)
2493	trước giờ tôi rất thích lazada nhưng kể từ hôm_nay tôi xóa l...	Câu đối lập nhưng tất cả sentiment giống nhau (nguy cơ leakage)
2501	Lúc đầu thi ok ạ. Tất cả mọi thứ đều ok. Nhưng Mặc dù có dùn...	Câu đối lập nhưng tất cả sentiment giống nhau (nguy cơ leakage)
2508	Huawei p30 lite mọi thứ đều tốt chỉ trừ camera, mình cảm thấ...	Câu đối lập nhưng tất cả sentiment giống nhau (nguy cơ leakage)
2531	một app uy_tín hàng chất_lượng mà ít người dùng hơn shopee m...	Câu đối lập nhưng tất cả sentiment giống nhau (nguy cơ leakage)
2538	chất_lượng ok nhưng mình đặt áo màu đỏ giao cho mình màu đen...	Câu đối lập nhưng tất cả sentiment giống nhau (nguy cơ leakage)
2539	thông_báo tới khách_hàng là chiến_lược của các bạn nhưng nó ...	Câu đối lập nhưng tất cả sentiment giống nhau (nguy cơ leakage)
2551	app sale cũng oke mà ít voucher quá ạ...	Câu đối lập nhưng tất cả sentiment giống nhau (nguy cơ leakage)
2560	app hay nhưng nhiều lúc có shipper thái_độ...	Câu đối lập nhưng tất cả sentiment giống nhau (nguy cơ leakage)
2561	app bán cho bọn tây hay j mà chọn tiếng việt r cũng tiếng an...	Câu đối lập nhưng tất cả sentiment giống nhau (nguy cơ leakage)
2567	áo khá ok so với giá , mình đặt size mình vì nghĩ nó sẽ rộng...	Câu đối lập nhưng tất cả sentiment giống nhau (nguy cơ leakage)
2607	Quá tuyệt trong tầm giá.chí thiếu mở bằng tai nghe Bluetooth...	Target 'cập nhật' không tìm thấy trong text
2608	mình sài 7c và cực trắng hơn ban_đầu rõ_rệt...	Target 'răng' không tìm thấy trong text
2609	cho hỏi đấy là chất nilon hay sao mà ib shop không trả_lời ?...	Câu đối lập nhưng tất cả sentiment giống nhau (nguy cơ leakage)
2614	app xóa tài_khoản vì bên bán hàng_họ giao hàng_không đúng mì...	Câu đối lập nhưng tất cả sentiment giống nhau (nguy cơ leakage)
2620	ứng_dụng lỗi thêm sản_phẩm vàogiỏ hàng rồi mà không có gì hế...	Câu đối lập nhưng tất cả sentiment giống nhau (nguy cơ leakage)
2626	mik có đặt_cốc ún nước để tặng bạn dễ thw lắm nhưng shipper ...	Câu đối lập nhưng tất cả sentiment giống nhau (nguy cơ leakage)
2639	ngu không cho thao_tác thao_tác không cảm_ứng được...	Target 'phần_mềm' không tìm thấy trong text
2643	Khuyên những ai tính mua điện thoại này thì suy nghĩ kĩ. Nhữ...	Câu đối lập nhưng tất cả sentiment giống nhau (nguy cơ leakage)
2645	giao thiếu ổ_cứng kêu trả lại tiền mà không thấy...	Câu đối lập nhưng tất cả sentiment giống nhau (nguy cơ leakage)
2676	màn hình bị chấm trắng 1mm sao k nên gửi bảo hành ko cửa hàn...	Câu đối lập nhưng tất cả sentiment giống nhau (nguy cơ leakage)
2679	Từ khi cập nhật Adroid10 bị lag đơ các kiểu loa thì bé xạc c...	Câu đối lập nhưng tất cả sentiment giống nhau (nguy cơ leakage)
2688	so với lúc trước app đã cải_thiện hơn nhưng vẫn có mấy kênh ...	Câu đối lập nhưng tất cả sentiment giống nhau (nguy cơ leakage)
2699	thấy đang sale nên đặt_hàng r giao cho 1 đống rác cái app nh...	Câu đối lập nhưng tất cả sentiment giống nhau (nguy cơ leakage)
2706	Là tín đồ vivo theo tôi đánh giá, dung lượng pin 5000 mà khô...	Câu đối lập nhưng tất cả sentiment giống nhau (nguy cơ leakage)
2709	Tạm ổn camera ở mức khá,màn hình mấy app k rõ lắm,được cái p...	Câu đối lập nhưng tất cả sentiment giống nhau (nguy cơ leakage)
2714	app rất chán_cách làm_việc hỗ_trợ khách_hàng cũng chán_quy_t...	Câu đối lập nhưng tất cả sentiment giống nhau (nguy cơ leakage)
2738	một app uy_tín hàng chất_lượng mà ít người dùng hơn shopee m...	Câu đối lập nhưng tất cả sentiment giống nhau (nguy cơ leakage)
2749	theo mình thì không nên mua - cam chụp nhỏ nét gần kém hầu n...	Câu đối lập nhưng tất cả sentiment giống nhau (nguy cơ leakage)
2759	giao sai sản_phẩm nhưng lại từ_chối khi khách trả hàng quy_t...	Câu đối lập nhưng tất cả sentiment giống nhau (nguy cơ leakage)
2773	Máy xài mau nóng xài 4 tháng bị hư loa trong bin tụt mau a70...	Câu đối lập nhưng tất cả sentiment giống nhau (nguy cơ leakage)
2774	sản_phẩm cũng được , nhưng giá bt cao...	Câu đối lập nhưng tất cả sentiment giống nhau (nguy cơ leakage)
2783	giá cao hơn app khác nhưng an_toàn về chất_liệu không sợ hàn...	Câu đối lập nhưng tất cả sentiment giống nhau (nguy cơ leakage)
2784	Máy dùng tốt với tầm giá khá nhanh nhạy pin trâu lần đâu tiê...	Câu đối lập nhưng tất cả sentiment giống nhau (nguy cơ leakage)
2792	Điện thoại không dùng, đóng tất cả các ứng dụng chạy ngầm rồ...	Câu đối lập nhưng tất cả sentiment giống nhau (nguy cơ leakage)
2810	áo không giốg hình dây 1 màu áo 1 màu giao hàng áo dơ như để...	Câu đối lập nhưng tất cả sentiment giống nhau (nguy cơ leakage)
2813	đầm giá mềm mà chất_lượng ok...	Câu đối lập nhưng tất cả sentiment giống nhau (nguy cơ leakage)
2814	Sóng sánh kém lắm,giữa đất thị trấn mà chỉ đc 2-3 vạch. Wifi...	Câu đối lập nhưng tất cả sentiment giống nhau (nguy cơ leakage)
2819	mua được đợt flash sale 19k mà chất rất ok d túi xinh và dễ ...	Câu đối lập nhưng tất cả sentiment giống nhau (nguy cơ leakage)
2823	Tôi mua a70 đc hơn 1 tháng thì phải đem tới trung tâm bảo hà...	Câu đối lập nhưng tất cả sentiment giống nhau (nguy cơ leakage)
2831	Quá tệ với mức giá, vừa mua 2 ngày, màn hình tạm nước đã bỏ ...	Câu đối lập nhưng tất cả sentiment giống nhau (nguy cơ leakage)
2836	Quá tốt trong tầm giá. Mặc dù cụm cam dày quá dễ bị va chạm ...	Câu đối lập nhưng tất cả sentiment giống nhau (nguy cơ leakage)
2837	app lừa_đảo làm mất bẩn ng dùng...	Target 'tiền' không tìm thấy trong text
2849	bền ngon đường mày không đuợc chắc_chắn...	Target 'tam' không tìm thấy trong text
2851	lần đầu xóa lazada sau 9 năm sử_dụng với cương_vị vừa là ngư...	Câu đối lập nhưng tất cả sentiment giống nhau (nguy cơ leakage)
2852	good app ai đang cần vay gõ_trang tui đợt này thiếu số nên h...	Câu đối lập nhưng tất cả sentiment giống nhau (nguy cơ leakage)
2859	giao sai màu , vải nóng...	Câu đối lập nhưng tất cả sentiment giống nhau (nguy cơ leakage)
2868	Sài 1 tháng là thấy máy xuống cấp trầm trọng Chưa bao giờ th...	Câu đối lập nhưng tất cả sentiment giống nhau (nguy cơ leakage)
2869	hàng giao không đúng màu , chất_lượng sản_phẩm được , nhân_v...	Câu đối lập nhưng tất cả sentiment giống nhau (nguy cơ leakage)
2872	Mua hồi tháng 2 lúc giảm còn 5 triệu mấy .Ai cũng chê nhưng ...	Câu đối lập nhưng tất cả sentiment giống nhau (nguy cơ leakage)
2873	đã nhận hàng không giồng hình lắm nhưng nói_chung là được so...	Câu đối lập nhưng tất cả sentiment giống nhau (nguy cơ leakage)
2874	áo màu xanh em đặt có mũ lại giao không có mũ...	Câu đối lập nhưng tất cả sentiment giống nhau (nguy cơ leakage)
2885	giá rẻ mà chất_lượng ổn quá...	Câu đối lập nhưng tất cả sentiment giống nhau (nguy cơ leakage)
2887	ứng_dụng này rất ưng_ý toàn có hàng săn_seo nữa mà ngon...	Câu đối lập nhưng tất cả sentiment giống nhau (nguy cơ leakage)
2893	trải_nghiệm tệ_hại lươn_lẹo bất_tín lần đầu dùng app phần_mề...	Câu đối lập nhưng tất cả sentiment giống nhau (nguy cơ leakage)
2910	dịch_vụ siêu_siêu_tệ mn không nên mua_sắm trên lazada để trá...	Câu đối lập nhưng tất cả sentiment giống nhau (nguy cơ leakage)
2927	Mình vừa mới mua nên ko đánh giá được nhiều nhưng có 1  điều...	Câu đối lập nhưng tất cả sentiment giống nhau (nguy cơ leakage)
2929	Sau hơn 1 tháng trải nghiệm mới vào review đây mn ơi. Tầm gi...	Câu đối lập nhưng tất cả sentiment giống nhau (nguy cơ leakage)
2932	tôi đã phải xóa ngay ứng_dụng này khi định mua món hàng đầu_...	Câu đối lập nhưng tất cả sentiment giống nhau (nguy cơ leakage)
2937	hàng xấu tệ , mình hầu_như không chê_trách ai bao_giờ nhưng ...	Câu đối lập nhưng tất cả sentiment giống nhau (nguy cơ leakage)
2956	Sao điện thoại a50s mình thấy xài ít .nt thì chữ nhảy lum tu...	Câu đối lập nhưng tất cả sentiment giống nhau (nguy cơ leakage)
2957	mình đặt 5 áo mà shop giao có 3 áo mà tổng_tiền vẫn là trả c...	Câu đối lập nhưng tất cả sentiment giống nhau (nguy cơ leakage)
2959	Sao điện thoại a50s mình thấy xài ít mà pin mau tuột wa dzay...	Câu đối lập nhưng tất cả sentiment giống nhau (nguy cơ leakage)
2989	mình lấy 2 tất màu trắng và 2 đen sao shop giao cho mình 4 t...	Câu đối lập nhưng tất cả sentiment giống nhau (nguy cơ leakage)
2991	tương_tác với khách_hàng quá kém cả phía nhà bán lẫn nền_tản...	Câu đối lập nhưng tất cả sentiment giống nhau (nguy cơ leakage)
3001	ứng_dụng xài khá tốt nhưng có vày món hàng sao kiếm hoài khô...	Câu đối lập nhưng tất cả sentiment giống nhau (nguy cơ leakage)
3012	shop giao mình màu không giống mẫu , mẫu caro vàng_trắng còn...	Câu đối lập nhưng tất cả sentiment giống nhau (nguy cơ leakage)
3022	sao lại không lướt được màn_hình trong app vậy các app mua l...	Câu đối lập nhưng tất cả sentiment giống nhau (nguy cơ leakage)
3023	tôi hiểu cảm_giác chờ_đợi của các bạn là rất khó_chịu hụt_hẫ...	Câu đối lập nhưng tất cả sentiment giống nhau (nguy cơ leakage)
3029	cho chọn 3 món bất_kỳ mua với giá 0 đ cho người mới mà cửa_h...	Câu đối lập nhưng tất cả sentiment giống nhau (nguy cơ leakage)
3034	Má có ngoại hình đẹp tuy nhiên sử dụng thì thấy khá yếu ,giậ...	Câu đối lập nhưng tất cả sentiment giống nhau (nguy cơ leakage)
3042	app bỏ tiền ra quảng_cáo rất nhiều trên các app khác nhưng c...	Câu đối lập nhưng tất cả sentiment giống nhau (nguy cơ leakage)
3047	mình tưởng ngắn tay , shop giao dài tay , nhưng chất_lượng r...	Câu đối lập nhưng tất cả sentiment giống nhau (nguy cơ leakage)
3063	đặt_hàng từ tháng 9 đến giờ mới giao lúc hết hạn tìm cách hủ...	Câu đối lập nhưng tất cả sentiment giống nhau (nguy cơ leakage)
3072	shop giao nhầm màu cho e rồi , e đặt màu trắng mà_lại giao m...	Câu đối lập nhưng tất cả sentiment giống nhau (nguy cơ leakage)
3077	áo giao hàng từ nước_ngoài nhưng vải không đẹp , nói_chung t...	Câu đối lập nhưng tất cả sentiment giống nhau (nguy cơ leakage)
3098	Huawei p30 lite mọi thứ đều tốt chỉ trừ camera, mình cảm thấ...	Câu đối lập nhưng tất cả sentiment giống nhau (nguy cơ leakage)
3099	ứng_dụng lỗi thì không nói nhưng cho 1 sao bởi dạo này shope...	Câu đối lập nhưng tất cả sentiment giống nhau (nguy cơ leakage)
3120	Dùng hơn tháng, ko nhận diện đc khuông mặt, 1 số ứng dụng tự...	Target 'máy' không tìm thấy trong text
3125	ê_má chưa gọi điện đã hoàn_trả về ng gửi đùa hả đợi bn ngày ...	Câu đối lập nhưng tất cả sentiment giống nhau (nguy cơ leakage)
3139	giao sai màu đã đặt...	Câu đối lập nhưng tất cả sentiment giống nhau (nguy cơ leakage)
3140	lần đầu xóa lazada sau 9 năm sử_dụng với cương_vị vừa là ngư...	Câu đối lập nhưng tất cả sentiment giống nhau (nguy cơ leakage)
3146	mình mua 7 món nhưng shop chỉ giao 5 và vẫn tính tiền 7...	Câu đối lập nhưng tất cả sentiment giống nhau (nguy cơ leakage)
3160	Đầu tiên về chất lượng phục vụ ở tgdd rất tốt, nhân viên vô ...	Câu đối lập nhưng tất cả sentiment giống nhau (nguy cơ leakage)
3185	Mọi thứ có vẻ ổn nhưng dung lượng pin 4500mah mà tụt pin nha...	Câu đối lập nhưng tất cả sentiment giống nhau (nguy cơ leakage)
3187	Quá thất vọng với số tiền bỏ ra. Mua về sử dụng chưa đầy 1 t...	Câu đối lập nhưng tất cả sentiment giống nhau (nguy cơ leakage)
3188	ứng_dụng người bán và người giao hàng_không liên_kết gì nhau...	Câu đối lập nhưng tất cả sentiment giống nhau (nguy cơ leakage)
3195	Máy vi vo y19 chất lương trung bình so với tầm giá ,cài đặt ...	Câu đối lập nhưng tất cả sentiment giống nhau (nguy cơ leakage)
3196	A70 bị lỗi cảm ứng đa điểm khi chơi game la bị còn xài bình ...	Câu đối lập nhưng tất cả sentiment giống nhau (nguy cơ leakage)
3199	app như cak chưa gọi giao nhưng đã lấy lí_do gọi không được ...	Câu đối lập nhưng tất cả sentiment giống nhau (nguy cơ leakage)
3204	trải_nghiệm tệ_hại lươn_lẹo bất_tín lần đầu dùng app ứng_dụn...	Câu đối lập nhưng tất cả sentiment giống nhau (nguy cơ leakage)
3206	ứng_dụng hoạt_động kém đứng liên_tục máy liên_tục báo tình_t...	Câu đối lập nhưng tất cả sentiment giống nhau (nguy cơ leakage)
3213	một app uy_tín hàng chất_lượng mà ít người dùng hơn shopee m...	Câu đối lập nhưng tất cả sentiment giống nhau (nguy cơ leakage)
3220	Chip 636/4G mà giá 11tr ( hài ) loại này giá khoảng 6tr cao ...	Câu đối lập nhưng tất cả sentiment giống nhau (nguy cơ leakage)
3221	shop cheo đầu dê bán thịt chó . nhân_viên không có trách_nhi...	Câu đối lập nhưng tất cả sentiment giống nhau (nguy cơ leakage)
3241	app ổn nhưng giá không quá tốt...	Câu đối lập nhưng tất cả sentiment giống nhau (nguy cơ leakage)
3245	Máy này mình mới mua gần một tháng chạy ứng dụng đi làm, như...	Câu đối lập nhưng tất cả sentiment giống nhau (nguy cơ leakage)
3248	dù đã nhắn_tin shop , để lại ghi_chú và chọn sản_phẩm trên a...	Câu đối lập nhưng tất cả sentiment giống nhau (nguy cơ leakage)
3252	Mới dùng được 10 ngày thấy ổn trong tầm giá. Chụp ảnh đẹp. C...	Câu đối lập nhưng tất cả sentiment giống nhau (nguy cơ leakage)
3263	Máy này mình mới mua gần một tháng chạy ứng dụng đi làm, như...	Câu đối lập nhưng tất cả sentiment giống nhau (nguy cơ leakage)
3271	Samsung a21s rất tệ về mặt như : Pin hảo nhiều, màn hình lg ...	Câu đối lập nhưng tất cả sentiment giống nhau (nguy cơ leakage)
3279	xin_lỗi shop nhưng mà sản_phẩm quá tệ , đóng_gói nóng cẩn_th...	Câu đối lập nhưng tất cả sentiment giống nhau (nguy cơ leakage)
3290	giao hàng ổn nhưng app không quá tốt...	Câu đối lập nhưng tất cả sentiment giống nhau (nguy cơ leakage)
3295	Mình mua máy đc gần 1 tháng camera k như quảng cáo. ram 4g ....	Câu đối lập nhưng tất cả sentiment giống nhau (nguy cơ leakage)
3296	Nói về công nghệ và ứng dụng thì chẳng thua ai. Mẫu mã đẹp. ...	Câu đối lập nhưng tất cả sentiment giống nhau (nguy cơ leakage)
3299	mua hàng trên nền_tảng này giá hợp_lí giao hàng nhanh nhưng ...	Câu đối lập nhưng tất cả sentiment giống nhau (nguy cơ leakage)
3307	giá rẻ mà free ship khuyến_mãi nhiều 90 mua_sắm ở đây...	Câu đối lập nhưng tất cả sentiment giống nhau (nguy cơ leakage)
3312	máy dùng hay bị out ra màn hình chính, một số ứng dụng khởi ...	Câu đối lập nhưng tất cả sentiment giống nhau (nguy cơ leakage)
3322	ứng_dụng hoạt_động kém đứng liên_tục máy liên_tục báo tình_t...	Câu đối lập nhưng tất cả sentiment giống nhau (nguy cơ leakage)
3342	vẫn biết là tiền nào của nấy nhưng không nghĩ chất xấu như_v...	Câu đối lập nhưng tất cả sentiment giống nhau (nguy cơ leakage)
3344	chắc app thì tốt đấy ổn_định nhưng hàng muốn tìm thì ít quá ...	Câu đối lập nhưng tất cả sentiment giống nhau (nguy cơ leakage)
3357	6gb ram đa nhiệm quá tệ hơi thất vọng.đang chơi game tự nhiê...	Câu đối lập nhưng tất cả sentiment giống nhau (nguy cơ leakage)
3361	tôi sài app này hơn 3 năm rồi mà lúc đầu cũg ổn nhưg rồi từ_...	Câu đối lập nhưng tất cả sentiment giống nhau (nguy cơ leakage)
3365	Nhân viên online tư vấn nhiệt tình. Mình mua online giao tận...	Câu đối lập nhưng tất cả sentiment giống nhau (nguy cơ leakage)
3375	Nếu nhìn kỹ thì viền máy bị hở bên cạnh nên bụi rất dễ bám v...	Câu đối lập nhưng tất cả sentiment giống nhau (nguy cơ leakage)
3382	Máy dùng tốt với tầm giá khá nhanh nhạy pin trâu lần đâu tiê...	Câu đối lập nhưng tất cả sentiment giống nhau (nguy cơ leakage)
3388	ủa giao thiếu hàng khiếu_nại xong không thèm hoàn tiền luôn ...	Câu đối lập nhưng tất cả sentiment giống nhau (nguy cơ leakage)
3393	app ncl trên app thì thông_báo hàng đã giao thành_công mà 2 ...	Câu đối lập nhưng tất cả sentiment giống nhau (nguy cơ leakage)
3402	đặt màu nâu đậm mà shop lại giao màu đen...	Câu đối lập nhưng tất cả sentiment giống nhau (nguy cơ leakage)
3404	Máy Samsung A51 rất tệ....cảm biến vân tay lúc dc lúc ko...w...	Câu đối lập nhưng tất cả sentiment giống nhau (nguy cơ leakage)
3419	trước_đây app dùng tốt mà chừng 1 tháng nay hễ vô giỏ hàng l...	Câu đối lập nhưng tất cả sentiment giống nhau (nguy cơ leakage)
3422	Về camera thì máy chỉ tạm ổn khi chụp trong điều kiện đủ sán...	Target 'Pin' không tìm thấy trong text
3446	app dùng chả sao mà cái pop up_ngu không chịu được mình là b...	Câu đối lập nhưng tất cả sentiment giống nhau (nguy cơ leakage)
3456	toàn giá ảo_phí ship cao hơn cả giá hàng từ giờ không bh ủng...	Câu đối lập nhưng tất cả sentiment giống nhau (nguy cơ leakage)
3461	Điện thoại mua được hơn 1 tuần nhưng pin tụt rất nhanh, tắt ...	Câu đối lập nhưng tất cả sentiment giống nhau (nguy cơ leakage)
3463	Dùng được 5 tháng r.
Càng cập nhật máy càng thấy lag, đang g...	Câu đối lập nhưng tất cả sentiment giống nhau (nguy cơ leakage)
3467	máy mặt sao bóng bẩy soi gương đc máy khá dầy nhưng k đòi hỏ...	Câu đối lập nhưng tất cả sentiment giống nhau (nguy cơ leakage)
3475	giá bàn_phím hơi chát tiền ship đắt nhưng chất_lượng tốt...	Câu đối lập nhưng tất cả sentiment giống nhau (nguy cơ leakage)
3478	giao hành nhanh sản_phẩm tốt đúng màu...	Câu đối lập nhưng tất cả sentiment giống nhau (nguy cơ leakage)
3516	không giải_đáp thắc_mắc cho khách từ cửa_hàng đến app thì t ...	Câu đối lập nhưng tất cả sentiment giống nhau (nguy cơ leakage)
3531	tiền nào của nấy , như tiệm bán , mặc rất nóng...	Target 'chất' không tìm thấy trong text
3534	có điều shop chú_ý kiểm_tra hàng trước khi giao cho khách nh...	Câu đối lập nhưng tất cả sentiment giống nhau (nguy cơ leakage)
3562	Chất lượng kém so vs giá sp , ổ_cứng 5000 mà tụt nhanh quá, ...	Câu đối lập nhưng tất cả sentiment giống nhau (nguy cơ leakage)
3573	Ngon lành, mượt.
Màn 120hz, Hệ điều hành của oneplus thì khỏ...	Câu đối lập nhưng tất cả sentiment giống nhau (nguy cơ leakage)
3580	chất đẹp nhưng shop giao nhầm mẫu cho mình...	Câu đối lập nhưng tất cả sentiment giống nhau (nguy cơ leakage)
3583	ê_má chưa gọi điện đã hoàn_trả về ng gửi đùa hả đợi bn ngày ...	Câu đối lập nhưng tất cả sentiment giống nhau (nguy cơ leakage)
3588	Dùng thì cứ đơ linh_kiện_điện_tử bấm mãi mới khởi động lại s...	Câu đối lập nhưng tất cả sentiment giống nhau (nguy cơ leakage)
3590	giá thì ok nhưng giá ship hàng cao lắm mong lazada cải_thiện...	Câu đối lập nhưng tất cả sentiment giống nhau (nguy cơ leakage)
3591	May hơi giật lag khi vào những ứng dụng choi nhưng game hpiw...	Câu đối lập nhưng tất cả sentiment giống nhau (nguy cơ leakage)
3594	Máy sử dụng rất tốt. Với giá tiền này là quá ok.Máy chạy cực...	Câu đối lập nhưng tất cả sentiment giống nhau (nguy cơ leakage)
3605	giao cũng ok nhưng giá tệ...	Target 'giao hàng' không tìm thấy trong text
3608	shipper không hề ổn app cũng được nhưng không có nhiều vouch...	Câu đối lập nhưng tất cả sentiment giống nhau (nguy cơ leakage)
3625	Mình mua máy đc gần 1 tháng camera k như quảng cáo. Chụp mờ ...	Câu đối lập nhưng tất cả sentiment giống nhau (nguy cơ leakage)
3635	trước dùng con mobell ram 512mb mà nó còn mượt hơn con máy n...	Câu đối lập nhưng tất cả sentiment giống nhau (nguy cơ leakage)
3649	Mình mới mua hôm 4/5, nói chung máy trong tầm giá là quá ok,...	Câu đối lập nhưng tất cả sentiment giống nhau (nguy cơ leakage)
3651	Mình vừa mua về dùng và tét thử xem dc k đã nhưng cứ đánh gi...	Câu đối lập nhưng tất cả sentiment giống nhau (nguy cơ leakage)
3658	sản_phẩm  đẹp  size hơi nhỏ ,tuynhưng hợp giá...	Target 'hợp giá tiền' không tìm thấy trong text
3661	tài_khoản của tôi đã bị lỗi cr01 không cho sử_dụng voucher m...	Câu đối lập nhưng tất cả sentiment giống nhau (nguy cơ leakage)
3662	ok đấy shipper nhiệt_tình ứng_dụng dùng mượt mà dung tôi khá...	Câu đối lập nhưng tất cả sentiment giống nhau (nguy cơ leakage)
3673	giá rẻ mà chất thì quá ok...	Câu đối lập nhưng tất cả sentiment giống nhau (nguy cơ leakage)
3678	đặt cái này mắc bực cái màu hồng kiểu khác , cực_kì vô trách...	Target 'giao' không tìm thấy trong text | Câu đối lập nhưng tất cả sentiment giống nhau (nguy cơ leakage)
3686	_hàng bán giá rẻ mà chất luong from áo mặc vo đẹp lắm shop ....	Câu đối lập nhưng tất cả sentiment giống nhau (nguy cơ leakage)
3691	giao rách rách_nát cho khách rồi bù 7...	Target 'sản_phẩm' không tìm thấy trong text
3701	Xài đáng tiềnmà.sạc nhanh  lâu pin bắt sóng wifi vs sóng thô...	Câu đối lập nhưng tất cả sentiment giống nhau (nguy cơ leakage)
3708	Đt a92 này đag xem hoặc đag j hay bị out ra ngoài....thường ...	Target 'máy' không tìm thấy trong text | Target 'app' không tìm thấy trong text | Câu đối lập nhưng tất cả sentiment giống nhau (nguy cơ leakage)
3729	ứng_dụng lỗi thêm sản_phẩm vàogiỏ hàng rồi mà không có gì hế...	Câu đối lập nhưng tất cả sentiment giống nhau (nguy cơ leakage)
3742	rất tiện nhưng nhiều shop bán hàng kém chất_lượng không như ...	Câu đối lập nhưng tất cả sentiment giống nhau (nguy cơ leakage)
3746	shipper gọi hàng đã đến tôi bảo shipper giao đến nhà mà khôn...	Câu đối lập nhưng tất cả sentiment giống nhau (nguy cơ leakage)
3770	Mình mua sử dụng khoảng 20 ngày, đánh giá theo cá nhân sử dụ...	Target 'dụng)
4:' không tìm thấy trong text | Câu đối lập nhưng tất cả sentiment giống nhau (nguy cơ leakage)
3793	lần đầu xóa lazada sau 9 năm sử_dụng với cương_vị vừa là ngư...	Câu đối lập nhưng tất cả sentiment giống nhau (nguy cơ leakage)
3804	cửa_hàng giao sai sản_phẩm nhưng tiki chỉ hỗ_trợ đổ sản_phẩm...	Câu đối lập nhưng tất cả sentiment giống nhau (nguy cơ leakage)
3814	gói cẩn_thận , bên shop hàng cho bên vận_chuyển nhanh_chóng ...	Target 'gói hàng' không tìm thấy trong text | Target 'giao hàng' không tìm thấy trong text
3847	giao không đúng màu mình chọn nhưng chất đẹp nên mình không ...	Câu đối lập nhưng tất cả sentiment giống nhau (nguy cơ leakage)
3859	May hơi giật lag khi vào những ứng dụng choi nhưng game hpiw...	Câu đối lập nhưng tất cả sentiment giống nhau (nguy cơ leakage)
3868	app bỏ tiền ra quảng_cáo rất nhiều trên các app khác nhưng c...	Câu đối lập nhưng tất cả sentiment giống nhau (nguy cơ leakage)
3874	xin_lỗi shop nhưng mà sản_phẩm quá tệ , đóng_gói không cẩn_t...	Câu đối lập nhưng tất cả sentiment giống nhau (nguy cơ leakage)
3875	ứng_dụng hay nhưng nhiều lúc có shipper thái_độ...	Câu đối lập nhưng tất cả sentiment giống nhau (nguy cơ leakage)
3884	Mới trải nghiệm 1 ngày mà chán quá chơi game song thoát ra h...	Câu đối lập nhưng tất cả sentiment giống nhau (nguy cơ leakage)
3890	mình mua sản phầm này và các sản_phẩm khác tổng_số_lượng là ...	Câu đối lập nhưng tất cả sentiment giống nhau (nguy cơ leakage)
3901	ủa giao thiếu hàng khiếu_nại xong không thèm hoàn tiền luôn ...	Câu đối lập nhưng tất cả sentiment giống nhau (nguy cơ leakage)
3914	mình mua 7 món nhưng shop chỉ giao 5 và vẫn tính tiền 7...	Câu đối lập nhưng tất cả sentiment giống nhau (nguy cơ leakage)
3933	qc như qq bấm chỗ lon nào cũng văng vô_app nói thật nếu ngta...	Câu đối lập nhưng tất cả sentiment giống nhau (nguy cơ leakage)
3940	nhưng nhận được hàng rồi thì thấy ok lắm thấy có niềm tin và...	Câu đối lập nhưng tất cả sentiment giống nhau (nguy cơ leakage)
3964	áo đẹp xuất_sắc , không tương_xứng với giá tiền vì áo quá đẹ...	Câu đối lập nhưng tất cả sentiment giống nhau (nguy cơ leakage)
3965	Mình vừa mới mua sản phẩm này, nói chung cấu hình cao hơn so...	Câu đối lập nhưng tất cả sentiment giống nhau (nguy cơ leakage)
3974	sao lại không lướt được màn_hình trong app vậy các app mua h...	Câu đối lập nhưng tất cả sentiment giống nhau (nguy cơ leakage)
3983	Quá  tệ  với  mức  giá, vừa  mua 2 ngày, màn hình  giọt nước...	Câu đối lập nhưng tất cả sentiment giống nhau (nguy cơ leakage)
3985	hơi đắc hơn áp khác nhưng được_cái có hỗ_trọ vận_chuyển hàng...	Câu đối lập nhưng tất cả sentiment giống nhau (nguy cơ leakage)
3988	rất ưng_ý luôn tầm_giá rẻ mà chất_lượng không hề rẻ...	Câu đối lập nhưng tất cả sentiment giống nhau (nguy cơ leakage)
3989	shop giao nhầm màu cho e rồi , e đặt màu trắng mà_lại giao m...	Câu đối lập nhưng tất cả sentiment giống nhau (nguy cơ leakage)
3993	ứng_dụng xài khá tốt nhưng có vày món chuột sao kiếm hoài kh...	Câu đối lập nhưng tất cả sentiment giống nhau (nguy cơ leakage)
4011	ứng_dụng thì hay nhưng hàng đăng bán trên tiki giá đắt hơn r...	Câu đối lập nhưng tất cả sentiment giống nhau (nguy cơ leakage)
4017	giao hàng chậm vl không đa_dạng mẫu_mã như shoppe không giao...	Câu đối lập nhưng tất cả sentiment giống nhau (nguy cơ leakage)
4025	Lúc đầu thi ok ạ. Tất cả mọi thứ đều ok. Nhưng Mặc dù có dùn...	Câu đối lập nhưng tất cả sentiment giống nhau (nguy cơ leakage)
4026	củ_sạc rất đẹp , rẻ hơn giá bán ở ngoài nhưng chất_lượng cx ...	Câu đối lập nhưng tất cả sentiment giống nhau (nguy cơ leakage)
4030	hic trời ơi chưa thiếu thấy shop nào mà đóng_gói sản_phẩm nh...	Câu đối lập nhưng tất cả sentiment giống nhau (nguy cơ leakage)
4040	Sao ghi là Bộ nhớ 32GB mà mở lên chỉ 20GB xong chỉ tải những...	Câu đối lập nhưng tất cả sentiment giống nhau (nguy cơ leakage)
4065	app dễ tìm_kiếm cây_chổi mà mình cần mua sẽ tiếp_tục ủng_hộ...	Câu đối lập nhưng tất cả sentiment giống nhau (nguy cơ leakage)
4091	Máy_hút_bụi sài tháng cảm thấy thất vọng , hiện tượng đơ yếu...	Câu đối lập nhưng tất cả sentiment giống nhau (nguy cơ leakage)
4115	Nhân viên tư vấn nhiệt tình.. Mới mua xài mấy hôm chưa sử dụ...	Câu đối lập nhưng tất cả sentiment giống nhau (nguy cơ leakage)
4117	nhận hàng được mấy ngày rồi mà nay mới rảnh đánh_giá cho sho...	Câu đối lập nhưng tất cả sentiment giống nhau (nguy cơ leakage)
4124	app dễ tìm_kiếm cây_chổi mà mình cần mua sẽ tiếp_tục ủng_hộ...	Câu đối lập nhưng tất cả sentiment giống nhau (nguy cơ leakage)
4133	Vì tình yêu samsung nên mới mua con này, nhưng khi sử dụng t...	Câu đối lập nhưng tất cả sentiment giống nhau (nguy cơ leakage)
4136	Mua máy ngày hôm qua.công nhận là quá tốt so với số tiền bỏ ...	Câu đối lập nhưng tất cả sentiment giống nhau (nguy cơ leakage)
4146	không ưng cây_chổi này lắm nhưng với giá tiền vậy thì cũng c...	Câu đối lập nhưng tất cả sentiment giống nhau (nguy cơ leakage)
4157	mới đặt cái đơn 0 có mã giảm_giá mà gần tết nó thấy thừa khô...	Câu đối lập nhưng tất cả sentiment giống nhau (nguy cơ leakage)
4164	đặt_hàng giao cho ai đâu không , tui chưa hề được mà báo đã ...	Câu đối lập nhưng tất cả sentiment giống nhau (nguy cơ leakage)
4176	giá rẻ mà nhiệt tình ổn quá...	Target 'chất_lượng' không tìm thấy trong text | Câu đối lập nhưng tất cả sentiment giống nhau (nguy cơ leakage)
4187	Sản phẩm tốt trong tầm giá, cảm ứng mượt mà, chuột đẹp. Chụp...	Câu đối lập nhưng tất cả sentiment giống nhau (nguy cơ leakage)
4190	Mọi thứ đều rất ổn. Xứng đáng với tầm giá pin trâu cam ổn mà...	Câu đối lập nhưng tất cả sentiment giống nhau (nguy cơ leakage)
4198	Hôm nay vừ làm 2 em xong nhé,về cập nhật xong dùng mượt miễn...	Câu đối lập nhưng tất cả sentiment giống nhau (nguy cơ leakage)
4207	Máy cứ bị đơ, dòng a10s tính ra giá cao mà dùng thua máy 1tr...	Câu đối lập nhưng tất cả sentiment giống nhau (nguy cơ leakage)
4230	nhiều cửa_hàng bán hàng kém chất_lượng nhưng tiki không có c...	Câu đối lập nhưng tất cả sentiment giống nhau (nguy cơ leakage)
4235	kết_nối nhân_viên tư_vấn lâu nhân_viên tư_vấn khiếu_nại cũng...	Câu đối lập nhưng tất cả sentiment giống nhau (nguy cơ leakage)
4259	không giải_đáp thắc_mắc cho khách từ cửa_hàng đến app thì t ...	Câu đối lập nhưng tất cả sentiment giống nhau (nguy cơ leakage)
4262	phí ship gấp nhiều lần tiền hàng cùng củ_sạc bên shoppi giá ...	Câu đối lập nhưng tất cả sentiment giống nhau (nguy cơ leakage)
4283	sao lại không lướt được màn_hình trong app vậy các app mua l...	Câu đối lập nhưng tất cả sentiment giống nhau (nguy cơ leakage)
4289	Máy rất tệ.ko chơi nổi free fire.phí tiền.ko bằng con oppo k...	Target 'loa' không tìm thấy trong text
4327	Mọi thứ có vẻ ổn nhưng dung lượng pin 4500mah mà tụt pin nha...	Câu đối lập nhưng tất cả sentiment giống nhau (nguy cơ leakage)
4346	Khuyên những ai tính mua điện thoại này thì suy nghĩ kĩ. Nhữ...	Câu đối lập nhưng tất cả sentiment giống nhau (nguy cơ leakage)
4348	shopee luôn giá tốt hơn sàn khác nhưng cũng_nên quan_tâm đến...	Câu đối lập nhưng tất cả sentiment giống nhau (nguy cơ leakage)
4350	shop ghi freeship nhưng thực_tế không phải...	Câu đối lập nhưng tất cả sentiment giống nhau (nguy cơ leakage)
4361	giá mà có size rộng hơn 1 cỡ thì sẽ càng thoải_mái hơn...	Câu đối lập nhưng tất cả sentiment giống nhau (nguy cơ leakage)
4365	Máy có thiết kế hài hòa thân thiện .  thừa hưởng thiết kế tố...	Câu đối lập nhưng tất cả sentiment giống nhau (nguy cơ leakage)
4391	shop làm_ăn cẩu_thả . áo lỗi cũng đem giao cho khách . tôi y...	Câu đối lập nhưng tất cả sentiment giống nhau (nguy cơ leakage)
4408	màu đẹp vải ổn với tầm giá...	Câu đối lập nhưng tất cả sentiment giống nhau (nguy cơ leakage)
4415	Samsung càng ngày ra máy nhiều mà kém chất lượng cho mọi oha...	Câu đối lập nhưng tất cả sentiment giống nhau (nguy cơ leakage)
4421	shop nên xem_lại cách yếu...	Target 'đóng_gói' không tìm thấy trong text
4429	Tôi mua a70 đc hơn 1 tháng thì phải đem tới trung tâm bảo hà...	Câu đối lập nhưng tất cả sentiment giống nhau (nguy cơ leakage)
4440	kết_nối nhân_viên tư_vấn lâu nhân_viên tư_vấn khiếu_nại cũng...	Câu đối lập nhưng tất cả sentiment giống nhau (nguy cơ leakage)
4446	Máy mới mua hồi sáng nhưng mình đánh giá máy rất chắc chắn r...	Câu đối lập nhưng tất cả sentiment giống nhau (nguy cơ leakage)
4456	pin gì mà tuột nhanh dữ vậy để qua đêm mà tụt hơn 10% dù đã ...	Câu đối lập nhưng tất cả sentiment giống nhau (nguy cơ leakage)
4458	Máy dùng tốt.có vài lỗi là cảm ứng tiệm cận thỉnh thoảng khô...	Câu đối lập nhưng tất cả sentiment giống nhau (nguy cơ leakage)
4466	áo nhỏ quá  mút mỏng nữa ,, đúng là nấy...	Target 'tiền' không tìm thấy trong text
4475	ứng_dụng này rất ưng_ý toàn có hàng săn_seo nữa mà ngon...	Câu đối lập nhưng tất cả sentiment giống nhau (nguy cơ leakage)
4478	tôi đã phải xóa ngay ứng_dụng này khi định mua món hàng đầu_...	Câu đối lập nhưng tất cả sentiment giống nhau (nguy cơ leakage)
4481	nhưng mỗi tội lạc đơn hàng phải đặt lần 2 bù lazada nhiệt_tì...	Câu đối lập nhưng tất cả sentiment giống nhau (nguy cơ leakage)
4483	Mới mua thì ok mà sao sau 2ngay có bản cập nhật máy r  cập n...	Câu đối lập nhưng tất cả sentiment giống nhau (nguy cơ leakage)
4508	ứng_dụng người bán  trả_lời hỏi_lazada thì nhân_viên quá chậ...	Câu đối lập nhưng tất cả sentiment giống nhau (nguy cơ leakage)
4514	rất ưng_ý luôn giá rẻ mà chất_lượng không hề rẻ...	Câu đối lập nhưng tất cả sentiment giống nhau (nguy cơ leakage)
4515	Quá  tệ  với  mức  giá, vừa  mua 2 ngày, màn hình  giọt nước...	Câu đối lập nhưng tất cả sentiment giống nhau (nguy cơ leakage)
4530	ta pamper về giá tầm trung nhưng xài chất_lượng rất ok...	Câu đối lập nhưng tất cả sentiment giống nhau (nguy cơ leakage)
4533	app nhucc hàng đ giao nhưng từ_chối hoàn tiền...	Câu đối lập nhưng tất cả sentiment giống nhau (nguy cơ leakage)
4540	sử_dụng ứng_dụng mà gặp phải quảng_cáo của lazada là rất bực...	Câu đối lập nhưng tất cả sentiment giống nhau (nguy cơ leakage)
4543	nhưq mìh đặt áo đen logo trắq mà giao áo trắq logo đen...	Câu đối lập nhưng tất cả sentiment giống nhau (nguy cơ leakage)
4552	tuy không tiện bằng shope và tiktok nhưng_mà rẻ hơn các sàn ...	Câu đối lập nhưng tất cả sentiment giống nhau (nguy cơ leakage)
4556	app giờ lag vcl tới giờ canh lấy voucher mà đơ trắng tinh_cá...	Câu đối lập nhưng tất cả sentiment giống nhau (nguy cơ leakage)
4593	Mình mua con active được 1 năm. Mặt lưng ọp ẹp. Cảm ứng bị l...	Câu đối lập nhưng tất cả sentiment giống nhau (nguy cơ leakage)
4602	ít_mã giảm_giá phí vận_chuyển quá cao mua cái hàng giá có 15...	Câu đối lập nhưng tất cả sentiment giống nhau (nguy cơ leakage)
4605	giá_thành rẻ nên chất_lượng cũng không dám mong_đợi nhiều nh...	Câu đối lập nhưng tất cả sentiment giống nhau (nguy cơ leakage)
4607	Màn hình tăng độ sáng 100/100 mà nhìn không rõ pin tuột nhan...	Câu đối lập nhưng tất cả sentiment giống nhau (nguy cơ leakage)
4622	chất_lượng sản_phẩm tạm được phù_hợp ổn áp tiền...	Target 'giá tiền' không tìm thấy trong text
4631	Theo tôi thì thua ip một bậc còn bin thì hơi kém chút nhưng ...	Câu đối lập nhưng tất cả sentiment giống nhau (nguy cơ leakage)
4637	ủa giao thiếu hàng khiếu_nại xong không thèm hoàn tiền luôn ...	Câu đối lập nhưng tất cả sentiment giống nhau (nguy cơ leakage)
4645	chất hơi rão nhưng cũng tạm tiền nào của đấy...	Câu đối lập nhưng tất cả sentiment giống nhau (nguy cơ leakage)
4675	tôi hiểu cảm_giác chờ_đợi của các bạn là rất khó_chịu hụt_hẫ...	Câu đối lập nhưng tất cả sentiment giống nhau (nguy cơ leakage)
4676	Mua con 50s sd được 2 tháng thì cảm nhận như sau: chụp hình ...	Câu đối lập nhưng tất cả sentiment giống nhau (nguy cơ leakage)
4693	app khá ổn nhưng giá không quá tốt...	Câu đối lập nhưng tất cả sentiment giống nhau (nguy cơ leakage)
4699	không nên gửi thiếu hàng...	Target 'shop' không tìm thấy trong text
4714	shop giao nhầm màu cho mình...	Câu đối lập nhưng tất cả sentiment giống nhau (nguy cơ leakage)
4718	ít_mã giảm_giá phí vận_chuyển quá cao mua cái hàng giá có 15...	Câu đối lập nhưng tất cả sentiment giống nhau (nguy cơ leakage)
4729	giá 1 k tiền 50 đã v còn kh có mã giảm_giá nữa mua shopper c...	Target 'ship' không tìm thấy trong text
4741	rất ưng_ý luôn giá rẻ mà chất_lượng không hề rẻ...	Câu đối lập nhưng tất cả sentiment giống nhau (nguy cơ leakage)
4742	ngu đơn hàng từ 31 7 đến 19 8 vẫn chưa thấy giao liên_hệ tổn...	Câu đối lập nhưng tất cả sentiment giống nhau (nguy cơ leakage)
4747	giá rẻ nhưng vải khá đẹp...	Câu đối lập nhưng tất cả sentiment giống nhau (nguy cơ leakage)
4758	shopee luôn giá tốt hơn sàn khác nhưng cũng_nên quan_tâm đến...	Câu đối lập nhưng tất cả sentiment giống nhau (nguy cơ leakage)
4764	ứng_dụng không_thể chọn được 2 áo cùng loại nhưng khác màu d...	Câu đối lập nhưng tất cả sentiment giống nhau (nguy cơ leakage)
4770	vẫn biết là tiền nào của nấy nhưng không nghĩ chất xấu như_v...	Câu đối lập nhưng tất cả sentiment giống nhau (nguy cơ leakage)
4784	giá sản_phẩm hơi chát tiền ship đắt nhưng chất_lượng tốt...	Câu đối lập nhưng tất cả sentiment giống nhau (nguy cơ leakage)
4786	thông_báo tới khách_hàng là chiến_lược của các bạn nhưng nó ...	Target 'ứng_dụng' không tìm thấy trong text | Câu đối lập nhưng tất cả sentiment giống nhau (nguy cơ leakage)
4794	Nhân viên tư vấn nhiệt tình.
Mới mua xài mấy hôm chưa sử dụn...	Câu đối lập nhưng tất cả sentiment giống nhau (nguy cơ leakage)
4805	qc như qq bấm chỗ lon nào cũng văng vô_app nói thật nếu ngta...	Câu đối lập nhưng tất cả sentiment giống nhau (nguy cơ leakage)
4808	app hay nhưng nhiều lúc có shipper thái_độ...	Câu đối lập nhưng tất cả sentiment giống nhau (nguy cơ leakage)
4814	giao hang rất nhanh và máy_hút_bụi tốt nhưng sđt thì gi sai_...	Câu đối lập nhưng tất cả sentiment giống nhau (nguy cơ leakage)
4815	rất hợp để mua mà không cần phải đi ra ngoài chi cho mệt có ...	Câu đối lập nhưng tất cả sentiment giống nhau (nguy cơ leakage)
4818	em mình 62 mặc form mình hơi ngắn tí nhưng chất_lượng tốt gi...	Câu đối lập nhưng tất cả sentiment giống nhau (nguy cơ leakage)
4822	các cửa_hàng trong app kém chất_liệu giao hàng sai mà hiệu_q...	Câu đối lập nhưng tất cả sentiment giống nhau (nguy cơ leakage)
4823	đặt 1 đằng giao 1 nẻo nhăn shipper thiếu thân_thiện cửa_hàng...	Target 'thái_độ' không tìm thấy trong text
4827	giá cao hơn app khác nhưng an_toàn về chất_lượng không sợ hà...	Câu đối lập nhưng tất cả sentiment giống nhau (nguy cơ leakage)
4828	Pin rất tệ luôn, không xài gì, kiểm tra k có ứng dụng ngầm. ...	Câu đối lập nhưng tất cả sentiment giống nhau (nguy cơ leakage)
4838	mua được đợt flash sale 19k mà chất rất ok d túi xinh và dễ ...	Câu đối lập nhưng tất cả sentiment giống nhau (nguy cơ leakage)
4844	ứng_dụng gì mà cứ 4 5 đơn hàng là có một đơn bị thiếu hàng đ...	Câu đối lập nhưng tất cả sentiment giống nhau (nguy cơ leakage)
4851	cho 5 sao app 10 điểm lúc nhăn hàng bị hư_hỏng nhẹ...	Target 'người_giao_hàng' không tìm thấy trong text
4854	đóng_gói chắc chăn nhưng không biết khâu vận_chuyển bảo_quản...	Câu đối lập nhưng tất cả sentiment giống nhau (nguy cơ leakage)
4859	giao cũng được ổn nhưng giá tạm chậm...	Target 'giao hàng' không tìm thấy trong text
4866	áo bị tuột len v mà cx giao . sản_phẩm rất tệ . tốn tiền đi ...	Câu đối lập nhưng tất cả sentiment giống nhau (nguy cơ leakage)
4873	sao lại không lướt được màn_hình trong app vậy app mua hàng ...	Câu đối lập nhưng tất cả sentiment giống nhau (nguy cơ leakage)
4905	giá cao hơn app khác nhưng an_toàn về chất_lượng không sợ hà...	Câu đối lập nhưng tất cả sentiment giống nhau (nguy cơ leakage)
4935	mới đặt cái đơn 0 có mã giảm_giá mà gần tết nó thấy vậy khôn...	Câu đối lập nhưng tất cả sentiment giống nhau (nguy cơ leakage)
4939	nhưng lần này hy_vọng shop để_ý hơn chút khi gửi hàng ạ...	Câu đối lập nhưng tất cả sentiment giống nhau (nguy cơ leakage)
4941	sao lại không lướt được màn_hình trong app vậy các app mua h...	Câu đối lập nhưng tất cả sentiment giống nhau (nguy cơ leakage)
4947	Tại sao đang yên đang lành cập nhật xong lại bj lỗi này.máy ...	Câu đối lập nhưng tất cả sentiment giống nhau (nguy cơ leakage)
4961	hi_mình cảm_thấy ứng_dụng rất hay nhưng không hiểu tại_sao t...	Câu đối lập nhưng tất cả sentiment giống nhau (nguy cơ leakage)
4967	chất hơi rão nhưng cũng tạm tiền nào của đấy...	Câu đối lập nhưng tất cả sentiment giống nhau (nguy cơ leakage)
4985	đã nhắc_nhở kĩ_càng mà vẫn giao thiếu 2 món mình cần nhất , ...	Câu đối lập nhưng tất cả sentiment giống nhau (nguy cơ leakage)
4992	Máy sử dụng rất tốt. Với giá tiền này là quá ok.Máy chạy cực...	Câu đối lập nhưng tất cả sentiment giống nhau (nguy cơ leakage)
4993	e đặt chung mà sao nó giao_lẻ tốn tiền ship kinh...	Câu đối lập nhưng tất cả sentiment giống nhau (nguy cơ leakage)
4996	Mới trải nghiệm 1 ngày mà chán quá chơi game song thoát ra h...	Câu đối lập nhưng tất cả sentiment giống nhau (nguy cơ leakage)
5000	nhiều khi vài mua mà giá ship lên trời huhu...	Câu đối lập nhưng tất cả sentiment giống nhau (nguy cơ leakage)
5022	Quá ưng rồi nha. Nhiều người đánh giá là hỏng 1 bên loa nhưn...	Câu đối lập nhưng tất cả sentiment giống nhau (nguy cơ leakage)
5027	tưởng voucher mà giao evoucher hơi thất_vọng tí...	Câu đối lập nhưng tất cả sentiment giống nhau (nguy cơ leakage)
5030	giao bốc nhanh đúng mẫu lựa_chọn...	Target 'giao hàng' không tìm thấy trong text
5048	Quá thất vọng về máy này. Mới mua về mà đã treo máy liên tục...	Câu đối lập nhưng tất cả sentiment giống nhau (nguy cơ leakage)
5059	5 triệu cho 1 sản phẩm màn hình hd,và con chip cùi p35,quả t...	Câu đối lập nhưng tất cả sentiment giống nhau (nguy cơ leakage)
5090	áo hơi nhỏ chất_lượng in không đẹp lắm nhưng mà giá tiền này...	Câu đối lập nhưng tất cả sentiment giống nhau (nguy cơ leakage)
5093	Samsung càng ngày ra máy nhiều mà kém chất lượng cho mọi oha...	Câu đối lập nhưng tất cả sentiment giống nhau (nguy cơ leakage)
5095	Nên cấp nhật lại phần mềm.may chơi gêm hơi yếu. màn hình rễ ...	Câu đối lập nhưng tất cả sentiment giống nhau (nguy cơ leakage)
5099	Giá cao mà xài chán. Hay bị nhảy nhảy. Có khi bị đơ.
Loa mà ...	Câu đối lập nhưng tất cả sentiment giống nhau (nguy cơ leakage)
5106	Vừa hết bao hành đối mới 1 tháng thì máy không làm gì hết tấ...	Câu đối lập nhưng tất cả sentiment giống nhau (nguy cơ leakage)
5140	áo phù_hợp giá tiền , không biết giặt có bị ra màu không , m...	Câu đối lập nhưng tất cả sentiment giống nhau (nguy cơ leakage)
5147	Mới mua thì ok mà sao sau 2ngay có bản cập nhật máy r  cập n...	Câu đối lập nhưng tất cả sentiment giống nhau (nguy cơ leakage)
5149	shop gian ăn_gian , đặt 2 túi giữ nhiệt chỉ giao 1 túi kiểu ...	Câu đối lập nhưng tất cả sentiment giống nhau (nguy cơ leakage)
5152	khách còn chưa nạp được thẻ mà shop cứ như mình chạy mất tiề...	Câu đối lập nhưng tất cả sentiment giống nhau (nguy cơ leakage)
5157	Tại sao đang yên đang lành cập nhật xong lại bj lỗi này.máy ...	Câu đối lập nhưng tất cả sentiment giống nhau (nguy cơ leakage)
5165	trước_đây app dùng tốt mà chừng 1 tháng nay hễ vô giỏ hàng l...	Câu đối lập nhưng tất cả sentiment giống nhau (nguy cơ leakage)
5167	Mình xài dc 1 tháng thấy ok...chắc do mấy bạn k biết cập nhậ...	Câu đối lập nhưng tất cả sentiment giống nhau (nguy cơ leakage)
5171	Sản phẩm tốt trong tầm giá, cảm ứng mượt mà, màn hình đẹp. C...	Câu đối lập nhưng tất cả sentiment giống nhau (nguy cơ leakage)
5179	app hay nhưng nhiều lúc có shipper thái_độ...	Câu đối lập nhưng tất cả sentiment giống nhau (nguy cơ leakage)
5181	mình tưởng ngắn tay , shop giao dài tay , nhưng chất_lượng r...	Câu đối lập nhưng tất cả sentiment giống nhau (nguy cơ leakage)
5183	hic trời ơi chưa bao_giờ thấy shop nào mà đóng_gói sản_phẩm ...	Câu đối lập nhưng tất cả sentiment giống nhau (nguy cơ leakage)
5191	không giải_đáp thắc_mắc cho khách từ cửa_hàng đến app thì t ...	Câu đối lập nhưng tất cả sentiment giống nhau (nguy cơ leakage)
5202	app dùng chả sao mà cái pop up_ngu không chịu được mình là b...	Câu đối lập nhưng tất cả sentiment giống nhau (nguy cơ leakage)
5203	rất nhiều app nhưng hàng shopee tốt hơn nhiều app này to quá...	Câu đối lập nhưng tất cả sentiment giống nhau (nguy cơ leakage)
5215	đặt máy xanh mà giao máy hồng , thời_gian giao hàng lâu...	Câu đối lập nhưng tất cả sentiment giống nhau (nguy cơ leakage)
5221	rất thích mua ở app giá_thành rẻ nhưng đôi_khi shoppe cũng l...	Câu đối lập nhưng tất cả sentiment giống nhau (nguy cơ leakage)
5236	ứng_dụng xài khá tốt nhưng có vày món hàng sao kiếm hoài khô...	Câu đối lập nhưng tất cả sentiment giống nhau (nguy cơ leakage)
5237	mua hàng trên nền_tảng này giá hợp_lí giao hàng nhanh nhưng ...	Câu đối lập nhưng tất cả sentiment giống nhau (nguy cơ leakage)
5238	Quá tệ,  ứng dụng quá nhiều ko cần thiết. mỗi lần mở là phải...	Câu đối lập nhưng tất cả sentiment giống nhau (nguy cơ leakage)
5240	trời ơi lazada choice đang mua ngon_lành cái tăng lên mua 7 ...	Câu đối lập nhưng tất cả sentiment giống nhau (nguy cơ leakage)
5247	qc như qq bấm chỗ lon nào cũng văng vô_app nói thật nếu ngta...	Câu đối lập nhưng tất cả sentiment giống nhau (nguy cơ leakage)
5249	Sản phẩm tốt, nhưng do miui chưa được tối ưu cho mi note 10 ...	Câu đối lập nhưng tất cả sentiment giống nhau (nguy cơ leakage)
5252	đã nhắc_nhở kĩ_càng mà vẫn giao thiếu 2 món mình cần nhất , ...	Câu đối lập nhưng tất cả sentiment giống nhau (nguy cơ leakage)
5263	trước giờ tôi rất thích lazada nhưng kể từ hôm_nay tôi xóa l...	Câu đối lập nhưng tất cả sentiment giống nhau (nguy cơ leakage)
5264	trải_nghiệm tệ_hại lươn_lẹo bất_tín lần đầu dùng app ứng_dụn...	Câu đối lập nhưng tất cả sentiment giống nhau (nguy cơ leakage)
5266	Thề luôn.n hình đều không nhấn đc Đt quá lác  Cảm ứng không ...	Target 'màn hình' không tìm thấy trong text | Câu đối lập nhưng tất cả sentiment giống nhau (nguy cơ leakage)
5270	áo mới mà dính mực . nói_chung tiền nào của đó chất_lượng sả...	Câu đối lập nhưng tất cả sentiment giống nhau (nguy cơ leakage)
5276	ưng , phù_hợp giá...	Target 'giá tiền' không tìm thấy trong text
5287	tôi mua áo_mưa từ shop kangoro họ làm_ăn gian_dối và giao ch...	Câu đối lập nhưng tất cả sentiment giống nhau (nguy cơ leakage)
5288	càng hối_giao nhanh thì càng giao chậm đơn hàng đã để đang g...	Câu đối lập nhưng tất cả sentiment giống nhau (nguy cơ leakage)
5294	tài_khoản của tôi đã bị lỗi cr01 không cho sử_dụng voucher m...	Câu đối lập nhưng tất cả sentiment giống nhau (nguy cơ leakage)
5295	Máy đẹp, ổn nhưng mà xài được hơn tuần thì bị văng mấy ứng d...	Câu đối lập nhưng tất cả sentiment giống nhau (nguy cơ leakage)
5299	Mọi thứ đều tốt trong tầm giá. Riêng phần mở khoá màn hình ,...	Câu đối lập nhưng tất cả sentiment giống nhau (nguy cơ leakage)
5304	giá cao hơn app khác nhưng an_toàn về chất_liệu không sợ hàn...	Câu đối lập nhưng tất cả sentiment giống nhau (nguy cơ leakage)
5313	Có ai xài mà cài được khoá ứng dụng được ko ạ? Ví dụ mình mu...	Câu đối lập nhưng tất cả sentiment giống nhau (nguy cơ leakage)
5314	cửa_hàng trong app kém chất_lượng giao hàng sai mà hiệu_quả ...	Câu đối lập nhưng tất cả sentiment giống nhau (nguy cơ leakage)
5325	áo so với hơi tiền là ok...	Target 'giá tiền' không tìm thấy trong text
5329	với giá tiền đó mà mua được cái áo như thế này phải nói là q...	Câu đối lập nhưng tất cả sentiment giống nhau (nguy cơ leakage)
5332	ổn_áp nhưng chất_liệu khá đẹp...	Target 'giá' không tìm thấy trong text | Câu đối lập nhưng tất cả sentiment giống nhau (nguy cơ leakage)
5338	11 1 2026 khá hài_lòng khi chọn mua sản_phẩm tuy còn có nhữn...	Câu đối lập nhưng tất cả sentiment giống nhau (nguy cơ leakage)
5356	không giao_đơn mà kêu không liên_hệ được cho khách_hàng chịu...	Câu đối lập nhưng tất cả sentiment giống nhau (nguy cơ leakage)
5365	giao hàng_không đúng hẹn 1 đơn hàng mà 5 6 ngày không nhận đ...	Câu đối lập nhưng tất cả sentiment giống nhau (nguy cơ leakage)
5371	Cũng tạm thôi mọi người ạ cấu hình ko mạnh so với tầm giá mà...	Câu đối lập nhưng tất cả sentiment giống nhau (nguy cơ leakage)
5374	mã voucher chx dùng lần nào s bảo dùng r muốn mua hàng mà mã...	Câu đối lập nhưng tất cả sentiment giống nhau (nguy cơ leakage)
5376	nhưng bao silicon đựg pin mình nói shop lấy màu xanh shop đã...	Câu đối lập nhưng tất cả sentiment giống nhau (nguy cơ leakage)
5378	Vì tình yêu nên mới mua con này, nhưng khi sử dụng thì có vẻ...	Câu đối lập nhưng tất cả sentiment giống nhau (nguy cơ leakage)
5380	shopee làm một đường nói một nẻo giao hàng trễ hẹn tặng 15 k...	Câu đối lập nhưng tất cả sentiment giống nhau (nguy cơ leakage)
5384	tạm tb hơi nặng ram 1 gb chạy bị văng ra quài...	Target 'app' không tìm thấy trong text
5407	nhiều khi vài mua mà giá ship lên trời huhu...	Câu đối lập nhưng tất cả sentiment giống nhau (nguy cơ leakage)
5413	giao nhầm màu e đặt màu trắng mà lazada lại giao nhầm màu xa...	Câu đối lập nhưng tất cả sentiment giống nhau (nguy cơ leakage)
5417	app rác mọi người đừng tải mua hàng mà t_tưởng ăn_xin không ...	Câu đối lập nhưng tất cả sentiment giống nhau (nguy cơ leakage)
5422	Tính ra thế giới di động mua sản phẩm samsung A71,nhưng lại ...	Câu đối lập nhưng tất cả sentiment giống nhau (nguy cơ leakage)
5429	ship không đúng màu...	Câu đối lập nhưng tất cả sentiment giống nhau (nguy cơ leakage)
5430	shipper không liên_lạc gì  tự_ý hoàn_hàng màvà báo mình khôn...	Câu đối lập nhưng tất cả sentiment giống nhau (nguy cơ leakage)
5456	mua size xl mà giao size l coi như khỏi mặc luôn...	Câu đối lập nhưng tất cả sentiment giống nhau (nguy cơ leakage)
5463	áo vải đẹp . hơi lỗi ở lai áo . đặt 3 cái 3 màu mà tiki giao...	Câu đối lập nhưng tất cả sentiment giống nhau (nguy cơ leakage)
5465	Em đánh giá khá tốt về sản phẩm này nhưng cho em hỏi sao sau...	Câu đối lập nhưng tất cả sentiment giống nhau (nguy cơ leakage)
5468	trước_đây app dùng tốt mà chừng 1 tháng nay hễ vô giỏ hàng l...	Câu đối lập nhưng tất cả sentiment giống nhau (nguy cơ leakage)
5501	app sale cũng oke mà ít voucher quá ạ...	Câu đối lập nhưng tất cả sentiment giống nhau (nguy cơ leakage)
5503	giao không đúng mẫu đặt , nghĩ sao đặt mẫu 95k giao mẫu 65k ...	Câu đối lập nhưng tất cả sentiment giống nhau (nguy cơ leakage)
5509	giá rẻ mà free ship khuyến_mãi nhiều 90 mua_sắm ở đây...	Câu đối lập nhưng tất cả sentiment giống nhau (nguy cơ leakage)
5518	đặt_hàng 1 màu giao hàng lại là màu khác nhắn_tin gửi mẫu gử...	Câu đối lập nhưng tất cả sentiment giống nhau (nguy cơ leakage)
5543	, giá tốt , check được hidden tag nhưng mình không được màn_...	Câu đối lập nhưng tất cả sentiment giống nhau (nguy cơ leakage)
5544	giải_quyết khiếu_nại khách_hàng vô_cùng yếu_kém hàng dặt 1 t...	Câu đối lập nhưng tất cả sentiment giống nhau (nguy cơ leakage)
5546	Mới mua mà k cài được app messenger vói nhaccuatui trong Ch ...	Câu đối lập nhưng tất cả sentiment giống nhau (nguy cơ leakage)
5563	quá tệ máy ko tải dc ứng dụng mà mới mua chưa dc 1 tháng đề ...	Câu đối lập nhưng tất cả sentiment giống nhau (nguy cơ leakage)
5573	áo thì được nhưng shop làm_ăn cẩu_thả không đọc tin nhắn khá...	Câu đối lập nhưng tất cả sentiment giống nhau (nguy cơ leakage)
5578	thề luôn cái app nó rác để hàng 18 mà vẫn mặt dày cho bán đế...	Câu đối lập nhưng tất cả sentiment giống nhau (nguy cơ leakage)
5583	shipper không hề ổn app cũng được nhưng không có nhiều vouch...	Câu đối lập nhưng tất cả sentiment giống nhau (nguy cơ leakage)
5584	đặt màmà shop lại giao màu nâu đậm u đen...	Câu đối lập nhưng tất cả sentiment giống nhau (nguy cơ leakage)
5597	Mới mua hôm nay. Không tải được ứng dụng trên ch play. Cảm b...	Câu đối lập nhưng tất cả sentiment giống nhau (nguy cơ leakage)
5603	Mk dùng đc mấy ngày thì mướt xong bị tình trạng lướt như đua...	Câu đối lập nhưng tất cả sentiment giống nhau (nguy cơ leakage)
5621	đã nt cho shop đổi size rồi mà vẫn giao size l . đã thế còn ...	Câu đối lập nhưng tất cả sentiment giống nhau (nguy cơ leakage)
5630	shop gửi không đúng hàng , đã gửi hàng chờ shop đổi nhưng ch...	Câu đối lập nhưng tất cả sentiment giống nhau (nguy cơ leakage)
5632	bọn lừa_đảo . tao mua quần tặng vợ mà lai gửi cho tao cái qu...	Câu đối lập nhưng tất cả sentiment giống nhau (nguy cơ leakage)
5633	Rất tốt trong tầm giá. Hơn những hãng khác ở con chip rất mạ...	Câu đối lập nhưng tất cả sentiment giống nhau (nguy cơ leakage)
5640	good app ai đang cần vay gõ_trang tui đợt này thiếu số nên h...	Câu đối lập nhưng tất cả sentiment giống nhau (nguy cơ leakage)
5642	Theo tôi thì thua ip một bậc còn bin thì hơi kém chút nhưng ...	Câu đối lập nhưng tất cả sentiment giống nhau (nguy cơ leakage)
5649	đặt áo size s mà giao nhầm mình , cũng may là mặc được , tho...	Câu đối lập nhưng tất cả sentiment giống nhau (nguy cơ leakage)
5653	rõ là tiền ship 0 k mà ấn vào thấy tiền ship 29 k...	Câu đối lập nhưng tất cả sentiment giống nhau (nguy cơ leakage)
5657	là mình ưng...	Target 'nói_chung' không tìm thấy trong text
5675	lần đầu xóa lazada sau 9 năm sử_dụng với cương_vị vừa là ngư...	Câu đối lập nhưng tất cả sentiment giống nhau (nguy cơ leakage)
5684	chất vải đẹp , mát nhưng hơi dễ nhàu , hàng giao nhanh , màu...	Câu đối lập nhưng tất cả sentiment giống nhau (nguy cơ leakage)
5691	Hôm lấy bàn_phím mình thì vội công việc . Về hôm sau mình mớ...	Câu đối lập nhưng tất cả sentiment giống nhau (nguy cơ leakage)
5694	giao sai sản_phẩm mà không chịu hoàn tiền lại cho người ta ứ...	Câu đối lập nhưng tất cả sentiment giống nhau (nguy cơ leakage)
5695	nhiều cửa_hàng bán hàng kém chất_lượng nhưng tiki không có c...	Câu đối lập nhưng tất cả sentiment giống nhau (nguy cơ leakage)
5699	đóng_gói sản_phẩm không được đẹp nhưng sản_phẩm vừa_vặn , ph...	Câu đối lập nhưng tất cả sentiment giống nhau (nguy cơ leakage)
5700	rõ là tiền ship 0 k mà ấn vào thấy tiền ship 29 k...	Câu đối lập nhưng tất cả sentiment giống nhau (nguy cơ leakage)
5703	Xạc đầy 100% pin không xài mà vẫn tụt pin là sao tat hết ứng...	Câu đối lập nhưng tất cả sentiment giống nhau (nguy cơ leakage)
5732	các cửa_hàng trong app kém chất_lượng giao hàng sai mà hiệu_...	Câu đối lập nhưng tất cả sentiment giống nhau (nguy cơ leakage)
5741	đã nhận hàng không giồng hình lắm nhưng nói_chung là được so...	Câu đối lập nhưng tất cả sentiment giống nhau (nguy cơ leakage)
5759	Vì công việc nên mới xài vị trí... đến lúc xài mất cả 1thoi ...	Câu đối lập nhưng tất cả sentiment giống nhau (nguy cơ leakage)
5764	Mới mua dc 2 ngày lỗi máy_hút_bụi phần mềm vào telegram k cả...	Câu đối lập nhưng tất cả sentiment giống nhau (nguy cơ leakage)
5772	phần_mềm này rất ưng_ý toàn có hàng săn_seo nữa mà ngon...	Câu đối lập nhưng tất cả sentiment giống nhau (nguy cơ leakage)
5777	Sau hơn 1 tháng trải nghiệm mới vào review đây mn ơi. Tầm gi...	Câu đối lập nhưng tất cả sentiment giống nhau (nguy cơ leakage)
5785	app bỏ tiền ra quảng_cáo rất nhiều trên các app khác nhưng c...	Câu đối lập nhưng tất cả sentiment giống nhau (nguy cơ leakage)
5786	shop phục_vụ rất kém , hàng trước khi giao bị dơ_bẩn , shop ...	Câu đối lập nhưng tất cả sentiment giống nhau (nguy cơ leakage)
5789	minh đặt quần ngắn mà giao quần_dài...	Câu đối lập nhưng tất cả sentiment giống nhau (nguy cơ leakage)
5791	app lỗi xoay xoay xong tự đặt đơn rồi éo cho hủy mà bom hàng...	Câu đối lập nhưng tất cả sentiment giống nhau (nguy cơ leakage)
5797	phí ship gấp nhiều lần tiền hàng cùng sản_phẩm bên shoppi gi...	Câu đối lập nhưng tất cả sentiment giống nhau (nguy cơ leakage)
5798	tuy bị sứt , đường nép gấp không nhưng giá_như thế hợp_lý rồ...	Target 'đường may' không tìm thấy trong text
5815	Trong tầm giá dưới 5tr ,mn nên mua máy này, chip ok,màn hình...	Câu đối lập nhưng tất cả sentiment giống nhau (nguy cơ leakage)
5819	giao hang rất nhanh và máy_hút_bụi tốt nhưng sđt thì gi sai_...	Câu đối lập nhưng tất cả sentiment giống nhau (nguy cơ leakage)
5867	các cửa_hàng trong app kém chất_liệu giao hàng sai mà hiệu_q...	Câu đối lập nhưng tất cả sentiment giống nhau (nguy cơ leakage)
5880	Điện thoại không dùng, đóng tất cả các ứng dụng chạy ngầm rồ...	Câu đối lập nhưng tất cả sentiment giống nhau (nguy cơ leakage)
5886	Máy chán lắm. Ai xài hàng cùi bắp đi lên thì thấy oke. Còn a...	Câu đối lập nhưng tất cả sentiment giống nhau (nguy cơ leakage)
5894	cho chọn 3 món bất_kỳ mua với giá 0 đ cho người mới mà shop ...	Câu đối lập nhưng tất cả sentiment giống nhau (nguy cơ leakage)
5896	giá cao hơn app khác nhưng an_toàn về chất_liệu không sợ hàn...	Câu đối lập nhưng tất cả sentiment giống nhau (nguy cơ leakage)
5899	Đã sử dụng đc 30 ngày thấy Sản phẩm tốt trong tầm giá, lướt ...	Target 'nhân viên' không tìm thấy trong text
5914	phí ship gấp nhiều lần tiền hàng cùng sản_phẩm bên shoppi gi...	Câu đối lập nhưng tất cả sentiment giống nhau (nguy cơ leakage)
5918	thật_ra mình ngắm_nghía cả mấy shop , nhưng quyết_định mua ở...	Câu đối lập nhưng tất cả sentiment giống nhau (nguy cơ leakage)
5926	mua hàng trên nền_tảng này giá hợp_lí giao hàng nhanh nhưng ...	Câu đối lập nhưng tất cả sentiment giống nhau (nguy cơ leakage)
5928	tưởng voucher mà giao evoucher nên hơi thất_vọng tí...	Câu đối lập nhưng tất cả sentiment giống nhau (nguy cơ leakage)
5937	chưa sử_dụng nên không_thể đánh_giá được sản_phẩm...	Target 'chất_lượng sản_phẩm' không tìm thấy trong text
5944	Lên miui11 ngon lành hơn bản miui10 cập nhật dì các bạn lên ...	Câu đối lập nhưng tất cả sentiment giống nhau (nguy cơ leakage)
5963	qc như qq bấm chỗ lon nào cũng văng vô_app nói thật nếu ngta...	Câu đối lập nhưng tất cả sentiment giống nhau (nguy cơ leakage)
5970	Mới dùng được 10 ngày thấy ổn trong tầm giá. Chụp ảnh đẹp. C...	Câu đối lập nhưng tất cả sentiment giống nhau (nguy cơ leakage)
5985	shipper không hề ổn app cũng được nhưng không có nhiều vouch...	Câu đối lập nhưng tất cả sentiment giống nhau (nguy cơ leakage)
5989	ta pamper về giá tầm trung nhưng xài chất_lượng rất ok...	Câu đối lập nhưng tất cả sentiment giống nhau (nguy cơ leakage)
5998	Máy_hút_bụi lỗi nghe nhạc bluetooth . Ra bảo hảnh thì nhân v...	Câu đối lập nhưng tất cả sentiment giống nhau (nguy cơ leakage)
5999	app dễ tìm_kiếm sản_phẩm mà mình cần sẽ tiếp_tục ủng_hộ...	Câu đối lập nhưng tất cả sentiment giống nhau (nguy cơ leakage)
6001	Khá tốt trong tầm giá. Pin ổn, loa tốt. Máy chơi game mấy dò...	Câu đối lập nhưng tất cả sentiment giống nhau (nguy cơ leakage)
6010	Bán giá trên trời ! Con này tôi mua chính hãng nửa tháng trư...	Câu đối lập nhưng tất cả sentiment giống nhau (nguy cơ leakage)
6031	biến vân tệ, hình biến chậm , ko mượt cứ như cũ vậy. , nhiều...	Target 'màn hình' không tìm thấy trong text
6033	app xóa tài_khoản vì bên bán hàng_họ giao hàng_không đúng mì...	Câu đối lập nhưng tất cả sentiment giống nhau (nguy cơ leakage)
6044	giá tương đối tốt nhưng app chưa ổn lắm...	Câu đối lập nhưng tất cả sentiment giống nhau (nguy cơ leakage)
6047	Sefie màu da vàng khè. Nút app mờ ko sắc nét. So với tầm giá...	Câu đối lập nhưng tất cả sentiment giống nhau (nguy cơ leakage)
6048	shop giao thiếu hàng , nhắn_tin bảo sẽ bù lại tiền nhưng chẳ...	Câu đối lập nhưng tất cả sentiment giống nhau (nguy cơ leakage)
6082	cấu hình vô địch trong tầm giá , nhưng sóng gió không biết t...	Câu đối lập nhưng tất cả sentiment giống nhau (nguy cơ leakage)
6090	app nhucc hàng đ giao nhưng từ_chối hoàn tiền...	Câu đối lập nhưng tất cả sentiment giống nhau (nguy cơ leakage)
6098	cửa_hàng giao sai sản_phẩm nhưng tiki chỉ hỗ_trợ đổ được chứ...	Target 'đổi size' không tìm thấy trong text | Câu đối lập nhưng tất cả sentiment giống nhau (nguy cơ leakage)
6103	mền giao sai màu đóng_gói sản_phẩm bình thường , chất_lượng ...	Câu đối lập nhưng tất cả sentiment giống nhau (nguy cơ leakage)
6125	giá mua thì ok rùi nhưng giá ship hàng cao lắm mong lazada c...	Câu đối lập nhưng tất cả sentiment giống nhau (nguy cơ leakage)
6126	Máy dep xai ổn mà không hài lòng về pin không xài tat hết ứn...	Câu đối lập nhưng tất cả sentiment giống nhau (nguy cơ leakage)
6133	để 5 sao cho vui thôi cho ace đọc chứ ứng_dụng gì mà xem củ_...	Câu đối lập nhưng tất cả sentiment giống nhau (nguy cơ leakage)
6150	giao hàng chậm vl không đa_dạng mẫu_mã như shoppe không giao...	Câu đối lập nhưng tất cả sentiment giống nhau (nguy cơ leakage)
6153	không biết nói như_thế_nào nữa , chuột vẫn chạy bt qua keo m...	Câu đối lập nhưng tất cả sentiment giống nhau (nguy cơ leakage)
6159	giao hàng bể vở hàng_không đến lấy báo delay đến khi nào hết...	Target 'kiểu' không tìm thấy trong text
6162	chất_lượng ok nhưng mình đặt áo màu đỏ giao cho mình màu đen...	Câu đối lập nhưng tất cả sentiment giống nhau (nguy cơ leakage)
6164	Sạc nhanh. Pin trâu. Loa bé tẹo. Ko có tai nghe kèm. Màu máy...	Câu đối lập nhưng tất cả sentiment giống nhau (nguy cơ leakage)
6174	đã lưu_ý rõ là shop tránh nhầm size , màu thì có_thể giao sa...	Câu đối lập nhưng tất cả sentiment giống nhau (nguy cơ leakage)
6180	giá rẻ nhưng chất_liệu khá đẹp...	Câu đối lập nhưng tất cả sentiment giống nhau (nguy cơ leakage)
6183	khách_hàng vô_cùng quen_thuộc của shopee nhưng có điểm rất k...	Câu đối lập nhưng tất cả sentiment giống nhau (nguy cơ leakage)
6195	áo giao hàng từ nước_ngoài nhưng vải không đẹp , nói_chung t...	Câu đối lập nhưng tất cả sentiment giống nhau (nguy cơ leakage)
6196	giá sản_phẩm hơi chát tiền ship đắt nhưng chất_lượng tốt...	Câu đối lập nhưng tất cả sentiment giống nhau (nguy cơ leakage)
6206	Máy mượt, pin trâu nhưng khi xem phim hay chơi game hay lên ...	Câu đối lập nhưng tất cả sentiment giống nhau (nguy cơ leakage)
6220	giao nhầm địa_chỉ đã từ_chối nhận hàng nhưng hơn 12 ngày rồi...	Câu đối lập nhưng tất cả sentiment giống nhau (nguy cơ leakage)
6222	Từ khi cập nhật Adroid10 bị lag đơ các kiểu loa thì bé xạc c...	Câu đối lập nhưng tất cả sentiment giống nhau (nguy cơ leakage)
6229	Mua được 2 tháng tốt ngon nhưng có 3 nhượt điểm 
1 chơi free...	Câu đối lập nhưng tất cả sentiment giống nhau (nguy cơ leakage)
6235	hên không bắt_mắt...	Target 'thiết_kế' không tìm thấy trong text
6236	Theo mình máy này mà nâng cấp pin lên 3500  + màn hình tràn ...	Câu đối lập nhưng tất cả sentiment giống nhau (nguy cơ leakage)
6252	Mình mua máy đc gần 1 tháng camera k như quảng cáo. Chụp mờ ...	Câu đối lập nhưng tất cả sentiment giống nhau (nguy cơ leakage)
6254	Mới mua dc 2 ngày lỗi máy_hút_bụi phần mềm vào telegram k cả...	Câu đối lập nhưng tất cả sentiment giống nhau (nguy cơ leakage)
6275	giao không đúg màu nhưng chất_lượng sản_phẩm tốt...	Câu đối lập nhưng tất cả sentiment giống nhau (nguy cơ leakage)
6276	giao hàng ổn nhưng app không quá tốt...	Câu đối lập nhưng tất cả sentiment giống nhau (nguy cơ leakage)
6283	giao sản_phẩm áo bị dính màu . sao không kiểm_tra hàng roi g...	Câu đối lập nhưng tất cả sentiment giống nhau (nguy cơ leakage)
6289	Tui mua bên tgdd và đag sài ss a51 theo cảm nhận của tui màn...	Câu đối lập nhưng tất cả sentiment giống nhau (nguy cơ leakage)
6306	trời ơi choice đang mua ngon_lành tăng lên mua 7 món mới đượ...	Câu đối lập nhưng tất cả sentiment giống nhau (nguy cơ leakage)
6316	app khá ổn nhưng tầm_giá không quá tốt...	Câu đối lập nhưng tất cả sentiment giống nhau (nguy cơ leakage)
6333	shop làm_ăn cẩu_thả . áo lỗi cũng đem giao cho khách . tôi y...	Câu đối lập nhưng tất cả sentiment giống nhau (nguy cơ leakage)
6349	giao quần không đúng màu...	Câu đối lập nhưng tất cả sentiment giống nhau (nguy cơ leakage)
6350	hỏi shop thì bảo tại_sao bạn mua hàng không vừa mà shop phải...	Câu đối lập nhưng tất cả sentiment giống nhau (nguy cơ leakage)
6362	giá ổn nhưng app không quá tốt...	Câu đối lập nhưng tất cả sentiment giống nhau (nguy cơ leakage)
6366	tôi đặt_hàng từ 29 10 2018 đến nay 05 11 chưa nhận được hàng...	Câu đối lập nhưng tất cả sentiment giống nhau (nguy cơ leakage)
6382	Tốt trong tầm giá. Pin thì cực kỳ trâu,màn hình amoled. Đừng...	Câu đối lập nhưng tất cả sentiment giống nhau (nguy cơ leakage)
6392	nhờ gỡ khóa vĩnh_viễn số điện_thoại mà nhân_viên trả_lời hời...	Câu đối lập nhưng tất cả sentiment giống nhau (nguy cơ leakage)
6406	Mình mua hồi 30/04/2019 giá tận 14tr mà giờ còn 9tr -.- ipho...	Câu đối lập nhưng tất cả sentiment giống nhau (nguy cơ leakage)
6412	giao nhầm tất 3d 6s thành tất lưới loại rẻ . đã dặn kĩ trc k...	Câu đối lập nhưng tất cả sentiment giống nhau (nguy cơ leakage)
6414	Mình mới mua hàng Xiaomi Note9s thấy ghi thông số kỹ thuật l...	Câu đối lập nhưng tất cả sentiment giống nhau (nguy cơ leakage)
6418	trước tết đặt bao_nhiêu chả giao 1 cái không nói gì qua tết ...	Câu đối lập nhưng tất cả sentiment giống nhau (nguy cơ leakage)
6423	11 1 2026 khá hài_lòng khi chọn mua sản_phẩm tuy còn có nhữn...	Câu đối lập nhưng tất cả sentiment giống nhau (nguy cơ leakage)
6462	Màn hình cực tệ vừa rơi nhẹ đã bể v mà bảo kính cường lực
Lâ...	Câu đối lập nhưng tất cả sentiment giống nhau (nguy cơ leakage)
6473	ngâm đơn hàng từ 31 7 đến 19 8 vẫn chưa thấy giao liên_hệ tổ...	Câu đối lập nhưng tất cả sentiment giống nhau (nguy cơ leakage)
6483	app này là app mua_sắm hay app lừa_đảo vậy thông_báo được hi...	Câu đối lập nhưng tất cả sentiment giống nhau (nguy cơ leakage)
6488	mình đặt size 36 trung_bình lại giao 37...	Target 'shop' không tìm thấy trong text
6495	shop quá tệ , sản_phẩm mặc 1 lần xù luôn . mình mua kèm thẻ ...	Câu đối lập nhưng tất cả sentiment giống nhau (nguy cơ leakage)
6497	lần đầu xóa lazada sau 9 năm sử_dụng với cương_vị vừa là ngư...	Câu đối lập nhưng tất cả sentiment giống nhau (nguy cơ leakage)
6505	giá tương đối tốt nhưng app chưa ổn lắm...	Câu đối lập nhưng tất cả sentiment giống nhau (nguy cơ leakage)
6510	dịch_vụ siêu_siêu_tệ mn không nên mua_sắm trên lazada để trá...	Câu đối lập nhưng tất cả sentiment giống nhau (nguy cơ leakage)
6512	cái choice hồi trước dùng tốt bây_giờ tệ thật_sự giao_lâu hơ...	Câu đối lập nhưng tất cả sentiment giống nhau (nguy cơ leakage)
6533	Sefie màu da vàng khè. Nút ứng dụng mờ ko sắc nét. So với tầ...	Câu đối lập nhưng tất cả sentiment giống nhau (nguy cơ leakage)
6542	Sản phẩm quá tốt trong tầm giá, màn hình hiển thị đẹp, camer...	Câu đối lập nhưng tất cả sentiment giống nhau (nguy cơ leakage)
6543	Mua được 2 tháng tốt ngon nhưng có 3 nhượt điểm 
1 chơi free...	Câu đối lập nhưng tất cả sentiment giống nhau (nguy cơ leakage)
6549	chất_lượng ổn nhưng không bằng quần giống y_vậy 20k cái ạ , ...	Câu đối lập nhưng tất cả sentiment giống nhau (nguy cơ leakage)
6568	Loa hơi nhỏ , đt rất nặng tất cả còn lai đều ổn trong tầm gi...	Câu đối lập nhưng tất cả sentiment giống nhau (nguy cơ leakage)
6576	good app ai đang cần vay gõ_trang tui đợt này thiếu số nên h...	Câu đối lập nhưng tất cả sentiment giống nhau (nguy cơ leakage)
6596	Gửi hình ảnh về cộng dây sạc sạc chưa đc 5 lần, toàn phải mư...	Câu đối lập nhưng tất cả sentiment giống nhau (nguy cơ leakage)
6599	cổ áo bị rách shop nên ktra kĩ trc khi giao , mình 40kg cao ...	Câu đối lập nhưng tất cả sentiment giống nhau (nguy cơ leakage)
6600	Máy sử dụng rất tốt. Với giá tiền này là quá ok.Máy chạy cực...	Câu đối lập nhưng tất cả sentiment giống nhau (nguy cơ leakage)
6613	Sau khi trải nghiệm sản phẩm mình thấy máy đáp ứng tốt những...	Câu đối lập nhưng tất cả sentiment giống nhau (nguy cơ leakage)
6631	đặt một mẫu đã nhắn_tin gửi ảnh cho shop cũng như chọn đúng ...	Câu đối lập nhưng tất cả sentiment giống nhau (nguy cơ leakage)
6632	Mình thân thiện hồi 30/04/2019 giá tận 14tr mà giờ còn 9tr -...	Câu đối lập nhưng tất cả sentiment giống nhau (nguy cơ leakage)
6636	tài_khoản của tôi đã bị lỗi cr01 không cho sử_dụng voucher m...	Câu đối lập nhưng tất cả sentiment giống nhau (nguy cơ leakage)
6640	sản_phẩm đúng mô_tả nhưng hơi rộng nách thời_gian giao hàn r...	Câu đối lập nhưng tất cả sentiment giống nhau (nguy cơ leakage)
6661	Loa rè, Bộ nhớ trong ít mà gắn thẻ nhớ vào thì phần mềm máy ...	Câu đối lập nhưng tất cả sentiment giống nhau (nguy cơ leakage)
6670	shop giao thiếu hàng , nhắn_tin bảo sẽ bù lại tiền nhưng chẳ...	Câu đối lập nhưng tất cả sentiment giống nhau (nguy cơ leakage)
6673	áo không giốg hình dây 1 màu áo 1 màu giao hàng áo dơ như để...	Câu đối lập nhưng tất cả sentiment giống nhau (nguy cơ leakage)
6675	chất khá ổn nhưng shop gửi sai mẫu...	Câu đối lập nhưng tất cả sentiment giống nhau (nguy cơ leakage)
6677	Máy ok Loa thì bé bình_thường ạ 💓💓 đc nhân 3 dụng mes zalo q...	Target 'ứng dụng' không tìm thấy trong text
6698	Sau hơn 1 tháng trải nghiệm mới vào review đây mn ơi. Tầm gi...	Câu đối lập nhưng tất cả sentiment giống nhau (nguy cơ leakage)
6702	tôi mua áo_mưa từ tiki kangoro họ làm_ăn gian_dối và giao ch...	Câu đối lập nhưng tất cả sentiment giống nhau (nguy cơ leakage)
6703	hàng dơ quá vậy_mà cũng dám bán cho khách...	Câu đối lập nhưng tất cả sentiment giống nhau (nguy cơ leakage)
6730	Loa ngoài lâu lâu bị rè không biết là do phần mềm hay phần c...	Câu đối lập nhưng tất cả sentiment giống nhau (nguy cơ leakage)
6731	giải_quyết khiếu_nại khách_hàng vô_cùng yếu_kém hàng dặt 1 t...	Câu đối lập nhưng tất cả sentiment giống nhau (nguy cơ leakage)
6737	Máy về dùng rất mượt hợp với giá tiền,màn hình to phù hợp vớ...	Câu đối lập nhưng tất cả sentiment giống nhau (nguy cơ leakage)
6748	mong là được free ship chứ mua có 20 k_hà mà tiền ship 35 k...	Câu đối lập nhưng tất cả sentiment giống nhau (nguy cơ leakage)
6764	Sản phẩm tốt , giao diện và tùy biến của Samsung hơn hẳng op...	Câu đối lập nhưng tất cả sentiment giống nhau (nguy cơ leakage)
6765	giá_thành rẻ nên chất_lượng cũng không dám mong_đợi nhiều nh...	Câu đối lập nhưng tất cả sentiment giống nhau (nguy cơ leakage)
6775	rất nhiều đơn đang trên đường giao rồi mà_lại bị hoàn_trả kh...	Câu đối lập nhưng tất cả sentiment giống nhau (nguy cơ leakage)
6781	Mình mới mua hàng Xiaomi Note9s thấy ghi thông số kỹ thuật l...	Câu đối lập nhưng tất cả sentiment giống nhau (nguy cơ leakage)
6792	so với lúc trước app đã cải_thiện hơn nhưng vẫn có mấy kênh ...	Câu đối lập nhưng tất cả sentiment giống nhau (nguy cơ leakage)
6797	giao hàng siêu_lâu đặt một món hàng mà đến gần 2 tháng mới g...	Câu đối lập nhưng tất cả sentiment giống nhau (nguy cơ leakage)
6800	áo khá ok so với giá , mình đặt size mình vì nghĩ nó sẽ rộng...	Câu đối lập nhưng tất cả sentiment giống nhau (nguy cơ leakage)
6803	giá k tiền 50 đã kh mã giảm_giá nữa mua bằng còn ngon hơn sa...	Target 'ship' không tìm thấy trong text
6806	Cho hỏi máy vừa mua được 1 ngày từ 00 giờ đên 5 giờ sáng tắt...	Câu đối lập nhưng tất cả sentiment giống nhau (nguy cơ leakage)
6812	hàng này hết nên được chị chủ nhắn_tin tư_vấn tận_tình đổi s...	Câu đối lập nhưng tất cả sentiment giống nhau (nguy cơ leakage)
6827	ngâm đơn hàng từ 31 7 đến 19 8 vẫn chưa thấy giao liên_hệ tổ...	Câu đối lập nhưng tất cả sentiment giống nhau (nguy cơ leakage)
6836	chưa gieo nên chưa biết...	Target 'chất_lượng' không tìm thấy trong text
6860	giao cũng nhanh_đơn cũng rẻ mà mấy này ht cho voucher r qua ...	Câu đối lập nhưng tất cả sentiment giống nhau (nguy cơ leakage)
6867	Huawei p30 lite mọi thứ đều tốt chỉ trừ camera, mình cảm thấ...	Câu đối lập nhưng tất cả sentiment giống nhau (nguy cơ leakage)
6872	trải_nghiệm tệ_hại lươn_lẹo bất_tín lần đầu dùng app phần_mề...	Câu đối lập nhưng tất cả sentiment giống nhau (nguy cơ leakage)
6882	đặt xanh đậm mà giao mảu xám , thất_vọng quá , màu thấy củ_x...	Câu đối lập nhưng tất cả sentiment giống nhau (nguy cơ leakage)
6910	toàn giá ảo_phí ship cao hơn cả giá hàng từ giờ không bh ủng...	Câu đối lập nhưng tất cả sentiment giống nhau (nguy cơ leakage)
6913	trải_nghiệm tệ_hại lươn_lẹo bất_tín lần đầu dùng app phần_mề...	Câu đối lập nhưng tất cả sentiment giống nhau (nguy cơ leakage)
6924	chất_lượng sản_phẩm được sai thì hơi nhỏ shop bảo 70kg vừa m...	Câu đối lập nhưng tất cả sentiment giống nhau (nguy cơ leakage)
6925	xài app thì tốt đấy ổn_định nhưng hàng muốn tìm thì ít quá k...	Câu đối lập nhưng tất cả sentiment giống nhau (nguy cơ leakage)
6934	Đa nhiệm kém! Lúc chuyển sang ứng dụng nặng như Liên Quân th...	Câu đối lập nhưng tất cả sentiment giống nhau (nguy cơ leakage)
6936	ngâm đơn hàng từ 31 7 đến 19 8 vẫn chưa thấy giao liên_hệ tổ...	Câu đối lập nhưng tất cả sentiment giống nhau (nguy cơ leakage)
6937	Mới trải nghiệm 1 ngày mà chán quá chơi game song thoát ra h...	Câu đối lập nhưng tất cả sentiment giống nhau (nguy cơ leakage)
6943	Trong tầm giá thì xài cũng đc .mỗi cái vân tay vs mở khóa kh...	Câu đối lập nhưng tất cả sentiment giống nhau (nguy cơ leakage)
6947	11 1 2026 hài lòng hài_lòng khi chọn mua sản_phẩm tuy còn có...	Câu đối lập nhưng tất cả sentiment giống nhau (nguy cơ leakage)
6956	Máy tốt,pin trâu,tảu phần mềm rất nhanh,camera tạm nhiệt tìn...	Câu đối lập nhưng tất cả sentiment giống nhau (nguy cơ leakage)
6960	Sefie màu da vàng khè. Nút ứng dụng mờ ko sắc nét. So với tầ...	Câu đối lập nhưng tất cả sentiment giống nhau (nguy cơ leakage)
6978	Sản phẩm quá tốt trong tầm giá, chuột hiển thị đẹp, camera c...	Câu đối lập nhưng tất cả sentiment giống nhau (nguy cơ leakage)
6988	ít_mã giảm_giá phí vận_chuyển quá cao mua cái hàng giá có 15...	Câu đối lập nhưng tất cả sentiment giống nhau (nguy cơ leakage)
6996	Hôm nay vừ làm 2 em xong nhé,về cập nhật xong dùng mượt miễn...	Câu đối lập nhưng tất cả sentiment giống nhau (nguy cơ leakage)
7029	Sefie màu da vàng khè. Nút app mờ ko sắc nét. So với tầm giá...	Câu đối lập nhưng tất cả sentiment giống nhau (nguy cơ leakage)
7033	trải_nghiệm tệ_hại lươn_lẹo bất_tín lần đầu dùng app ứng_dụn...	Câu đối lập nhưng tất cả sentiment giống nhau (nguy cơ leakage)
7036	cho 3 sao vì đã đi đầu trong việc sử_dụng blockchain có toke...	Câu đối lập nhưng tất cả sentiment giống nhau (nguy cơ leakage)
7040	mở app lên thấy voucher thì bấm lấy mà báo phát_hiện hoạt_độ...	Câu đối lập nhưng tất cả sentiment giống nhau (nguy cơ leakage)
7055	Máy vào mạng khá chậm. Pin 4000 mà nhanh tụt. Để qua đêm tắt...	Câu đối lập nhưng tất cả sentiment giống nhau (nguy cơ leakage)
7063	Tui mua bên tgdd và đag sài ss a51 theo cảm nhận của tui màn...	Câu đối lập nhưng tất cả sentiment giống nhau (nguy cơ leakage)
7068	đặt_hàng xong chờ mãi đến bưu_cục đích thì không giao mà aut...	Câu đối lập nhưng tất cả sentiment giống nhau (nguy cơ leakage)
7071	cho 3 sao vì đã đi đầu trong việc sử_dụng blockchain có toke...	Câu đối lập nhưng tất cả sentiment giống nhau (nguy cơ leakage)
7074	giao không đúg nhưngu mà chất_lượng sản_phẩm tốt...	Target 'màu' không tìm thấy trong text | Câu đối lập nhưng tất cả sentiment giống nhau (nguy cơ leakage)
7079	lành, mượt. Màn 120hz, Hệ điều hành của oneplus thì khỏi bàn...	Câu đối lập nhưng tất cả sentiment giống nhau (nguy cơ leakage)
7105	rất thích mua ở app giá rẻ nhưng đôi_khi shoppe cũng lỗi nhi...	Câu đối lập nhưng tất cả sentiment giống nhau (nguy cơ leakage)
7107	Tui mua bên tgdd và đag sài ss a51 theo cảm nhận của tui màn...	Câu đối lập nhưng tất cả sentiment giống nhau (nguy cơ leakage)
7111	tuy không tiện bằng shope và tiktok nhưng_mà rẻ hơn các sàn ...	Câu đối lập nhưng tất cả sentiment giống nhau (nguy cơ leakage)
7144	Sau khi trải nghiệm sản phẩm mình thấy máy đáp ứng tốt những...	Câu đối lập nhưng tất cả sentiment giống nhau (nguy cơ leakage)
7146	cl j z tr shipper không giao tới tận_tay khách_hàng mà cứ hẹ...	Câu đối lập nhưng tất cả sentiment giống nhau (nguy cơ leakage)
7162	Quá tệ,  ứng dụng quá nhiều ko cần thiết. mỗi lần mở là phải...	Câu đối lập nhưng tất cả sentiment giống nhau (nguy cơ leakage)
7178	nhưng đổi lại chất_lượng âm_thanh tốt so với giá tiền...	Câu đối lập nhưng tất cả sentiment giống nhau (nguy cơ leakage)
7184	Sóng sánh kém lắm,giữa đất thị trấn mà chỉ đc 2-3 vạch. Wifi...	Câu đối lập nhưng tất cả sentiment giống nhau (nguy cơ leakage)
7194	đặt_hàng giao cho ai đâu không , tui chưa hề nhận được mà bá...	Câu đối lập nhưng tất cả sentiment giống nhau (nguy cơ leakage)
7198	có điều shop giai lộn u đặt màu xanh nhạt shop giao màmàu đe...	Câu đối lập nhưng tất cả sentiment giống nhau (nguy cơ leakage)
7208	shop giao nhâ mình ha ng cho mi nh nhưng sau đo đa trả_lời n...	Câu đối lập nhưng tất cả sentiment giống nhau (nguy cơ leakage)
7220	tài_khoản của tôi đã bị lỗi cr01 không cho sử_dụng voucher m...	Câu đối lập nhưng tất cả sentiment giống nhau (nguy cơ leakage)
7229	Sóng sánh kém lắm,giữa đất thị trấn mà chỉ đc 2-3 vạch. Wifi...	Câu đối lập nhưng tất cả sentiment giống nhau (nguy cơ leakage)
7237	app nhucc hàng đ giao nhưng từ_chối hoàn tiền...	Câu đối lập nhưng tất cả sentiment giống nhau (nguy cơ leakage)
7242	ứng_dụng lỗi thì không nói nhưng cho 1 sao bởi dạo này shope...	Câu đối lập nhưng tất cả sentiment giống nhau (nguy cơ leakage)
7254	lắm hữu_ích tiện_dụng...	Target 'app' không tìm thấy trong text
7257	Sóng sánh kém lắm,giữa đất thị trấn mà chỉ đc 2-3 vạch. Wifi...	Câu đối lập nhưng tất cả sentiment giống nhau (nguy cơ leakage)
7265	giao không đúng hàng thu thêm tiền mà không thông_báo với kh...	Câu đối lập nhưng tất cả sentiment giống nhau (nguy cơ leakage)
7280	Về cấu hình thì ổn nhưng thiết kế vỏ nhựa chưa xứng tầm với ...	Câu đối lập nhưng tất cả sentiment giống nhau (nguy cơ leakage)
7301	rất hợp để mua nhưngmà không cần phải đi ra ngoài chi cho mệ...	Câu đối lập nhưng tất cả sentiment giống nhau (nguy cơ leakage)
7307	Xài đáng đồng tiền.sạc nhanh mà lâu hết pin. Camera chụp ảnh...	Câu đối lập nhưng tất cả sentiment giống nhau (nguy cơ leakage)
7310	đặt_hàng từ tháng 9 đến giờ mới giao lúc hết hạn tìm cách hủ...	Câu đối lập nhưng tất cả sentiment giống nhau (nguy cơ leakage)
7311	đặt_hàng 1 màu giao hàng lại là màu khác nhắn_tin gửi mẫu gử...	Câu đối lập nhưng tất cả sentiment giống nhau (nguy cơ leakage)
7313	Ứng dụng ngày chưa ổn định 8 nhưng đa nhiệm kiếm ứng dụng ch...	Target 'ram' không tìm thấy trong text
7319	shop giao nhầm màu cho mình...	Câu đối lập nhưng tất cả sentiment giống nhau (nguy cơ leakage)
7325	hàng giống vl nhưng giao không giống màu đã ib nhưng không g...	Câu đối lập nhưng tất cả sentiment giống nhau (nguy cơ leakage)
7334	rất ưng_ý luôn tầm_giá rẻ mà chất_lượng không hề rẻ...	Câu đối lập nhưng tất cả sentiment giống nhau (nguy cơ leakage)
7337	rất thích mua ở app giá_thành rẻ nhưng đôi_khi shoppe cũng l...	Câu đối lập nhưng tất cả sentiment giống nhau (nguy cơ leakage)
7353	giao hang rất nhanh và hàng tốt nhưng sđt thì gi sai_số thôn...	Câu đối lập nhưng tất cả sentiment giống nhau (nguy cơ leakage)
7357	Mk mà vẫn bị tình trạng như vậyng đc mấy ngày thì mướt xong ...	Câu đối lập nhưng tất cả sentiment giống nhau (nguy cơ leakage)
7360	app bỏ tiền ra quảng_cáo rất nhiều trên các app khác nhưng c...	Câu đối lập nhưng tất cả sentiment giống nhau (nguy cơ leakage)
7361	áo phù_hợp giá tiền , không biết giặt có bị ra màu không , m...	Câu đối lập nhưng tất cả sentiment giống nhau (nguy cơ leakage)
7371	Ổn trong tầm giá ,pin trâu , cam tạm , màn hình ổn độ sáng c...	Câu đối lập nhưng tất cả sentiment giống nhau (nguy cơ leakage)
7373	Sau hơn 1 tuần sử dụng. Cá nhân mình cảm thấy máy rất tốt so...	Câu đối lập nhưng tất cả sentiment giống nhau (nguy cơ leakage)
7374	Mình mua chính hãng tại thế giới di động nhật MIUI 11 Chỉ có...	Target 'cập nhật' không tìm thấy trong text | Câu đối lập nhưng tất cả sentiment giống nhau (nguy cơ leakage)
7375	app ncl trên app thì thông_báo hàng đã giao thành_công mà ng...	Câu đối lập nhưng tất cả sentiment giống nhau (nguy cơ leakage)
7380	tiền nào của nấy mà ship lâu quá nên trừ 1 sao...	Câu đối lập nhưng tất cả sentiment giống nhau (nguy cơ leakage)
7395	giao thiếu hàng kêu trả lại tiền mà không thấy...	Câu đối lập nhưng tất cả sentiment giống nhau (nguy cơ leakage)
7412	app rất chán_cách làm_việc hỗ_trợ cũng chán_quy_tắc lùng_bùn...	Target 'khách_hàng' không tìm thấy trong text | Câu đối lập nhưng tất cả sentiment giống nhau (nguy cơ leakage)
7428	mik có đặt_cốc ún nước để tặng bạn dễ thw lắm nhưng shipper ...	Câu đối lập nhưng tất cả sentiment giống nhau (nguy cơ leakage)
7429	giá cao hơn app khác nhưng an_toàn về chất_liệu không sợ hàn...	Câu đối lập nhưng tất cả sentiment giống nhau (nguy cơ leakage)
7439	app lỗi xoay xoay xong tự đặt đơn rồi éo cho hủy mà bom hàng...	Câu đối lập nhưng tất cả sentiment giống nhau (nguy cơ leakage)
7444	giao hàng siêu_lâu đặt một món hàng mà đến gần 2 tháng mới g...	Câu đối lập nhưng tất cả sentiment giống nhau (nguy cơ leakage)
7448	đặt 4 đôi mà giao 3 đôi . nt hỏi thì không tl . phải chi láy...	Câu đối lập nhưng tất cả sentiment giống nhau (nguy cơ leakage)
7452	app rác mọi người đừng tải mua hàng mà t_tưởng ăn_xin không ...	Câu đối lập nhưng tất cả sentiment giống nhau (nguy cơ leakage)
7465	Trong tầm giá dưới 5tr ,mn nên mua máy này, chip ok,màn hình...	Câu đối lập nhưng tất cả sentiment giống nhau (nguy cơ leakage)
7471	rất nhiều app nhưng hàng shopee tốt hơn nhiều app này to quá...	Câu đối lập nhưng tất cả sentiment giống nhau (nguy cơ leakage)
7482	Sài OK.Cập xong thấy củ_sạc nhanh hết...	Target 'Cập nhật' không tìm thấy trong text
7504	Đã dùng được một tuần: mình có đánh giá như sau: Máy đẹp, pi...	Câu đối lập nhưng tất cả sentiment giống nhau (nguy cơ leakage)
7515	Mọi thứ đều tốt trong tầm giá. Riêng phần mở khoá màn hình ,...	Câu đối lập nhưng tất cả sentiment giống nhau (nguy cơ leakage)
7519	Máy mua chưa đc 30ngày bị nhiều lỗi ! Mau nóng máy,hay lag,t...	Câu đối lập nhưng tất cả sentiment giống nhau (nguy cơ leakage)
7527	app lúc có phần live dao lúc không là sao có ai có cách nào ...	Câu đối lập nhưng tất cả sentiment giống nhau (nguy cơ leakage)
7534	sản_phẩm đẹp như shop giới_thiệu , giao hàng rất nhanh và đú...	Câu đối lập nhưng tất cả sentiment giống nhau (nguy cơ leakage)
7548	lần sau không lỗi thêm sản_phẩm vàogiỏ hàng rồi mà không có ...	Target 'ứng_dụng' không tìm thấy trong text | Câu đối lập nhưng tất cả sentiment giống nhau (nguy cơ leakage)
7558	Sản phẩm mượt, tốt so với mức giá, pin siêu trâu, mỗi tội kh...	Câu đối lập nhưng tất cả sentiment giống nhau (nguy cơ leakage)
7567	Mua về sài rất tốt trong tầm giá nhân viên TGDD nhiệt tình m...	Câu đối lập nhưng tất cả sentiment giống nhau (nguy cơ leakage)
7570	theo mình thì không nên mua - cam chụp lấy nét gần kém hầu n...	Câu đối lập nhưng tất cả sentiment giống nhau (nguy cơ leakage)
7577	Cũng khá ổn nhưng chưa tốt trong tầm giá nhu cầu cơ bản và g...	Câu đối lập nhưng tất cả sentiment giống nhau (nguy cơ leakage)
7581	màu shop giao màu vàng...	Câu đối lập nhưng tất cả sentiment giống nhau (nguy cơ leakage)
7586	mua sắp rất tiện cho mọi và rất chu_đáo...	Target 'app' không tìm thấy trong text
7592	Máy mới mua xong chưa thấy lỗi gì , tác vụ ổn máy pin trâu ,...	Câu đối lập nhưng tất cả sentiment giống nhau (nguy cơ leakage)
7602	Máy mua chưa đc 30ngày bị nhiều lỗi ! Mau nóng máy,hay lag,t...	Câu đối lập nhưng tất cả sentiment giống nhau (nguy cơ leakage)
7614	Thất vọng a51. Bàn_phím xử lý thông tin chậm, gọi điện, mở a...	Câu đối lập nhưng tất cả sentiment giống nhau (nguy cơ leakage)
7629	cái choice hồi trước dùng tốt bây_giờ thật_sự giao_lâu hơn c...	Câu đối lập nhưng tất cả sentiment giống nhau (nguy cơ leakage)
7642	đặt_hàng ghi là đã giao thành_công nhưng chưa nhận được hàng...	Câu đối lập nhưng tất cả sentiment giống nhau (nguy cơ leakage)
7655	M vốn làn fan của oppo. Mua đt 10c thì đến 7 c oppo r. Mà a9...	Câu đối lập nhưng tất cả sentiment giống nhau (nguy cơ leakage)
7659	Sản phẩm tốt , giao diện và tùy biến của Samsung hơn hẳng op...	Câu đối lập nhưng tất cả sentiment giống nhau (nguy cơ leakage)
7664	rất thích mua ở app giá_thành rẻ nhưng đôi_khi shoppe cũng l...	Câu đối lập nhưng tất cả sentiment giống nhau (nguy cơ leakage)
7666	sản_phẩm rẻ đang tiền nhưng không biêtd mình cảm_thấy mùi th...	Câu đối lập nhưng tất cả sentiment giống nhau (nguy cơ leakage)
7676	điện_thoại thì ổn nhưng mình đặt màu trắng giao màu đen...	Câu đối lập nhưng tất cả sentiment giống nhau (nguy cơ leakage)
7677	giá rẻ mà chất không rẻ xí nào...	Câu đối lập nhưng tất cả sentiment giống nhau (nguy cơ leakage)
7681	nhưng shop giao cho e cái bị lỗi , 1 bên ren may qua ngực . ...	Câu đối lập nhưng tất cả sentiment giống nhau (nguy cơ leakage)
7689	sản_phẩm cũng được , nhưng giá hơi cao...	Câu đối lập nhưng tất cả sentiment giống nhau (nguy cơ leakage)
7690	May Mobell s61 rất tốt mới nhận hàng bắt wi-fi rất mạnh tại ...	Câu đối lập nhưng tất cả sentiment giống nhau (nguy cơ leakage)
7699	Tại sao mình không chỉnh lên được 48mp ở camera sau, sản phẩ...	Câu đối lập nhưng tất cả sentiment giống nhau (nguy cơ leakage)
7702	q chất_lượng nhỏ rất kém...	Target 'chất_lượng sản_phẩm' không tìm thấy trong text
7707	chưa thử nhưng mùi thơm ngọt_lịm , cho 5 sao vì shop đóng_gó...	Câu đối lập nhưng tất cả sentiment giống nhau (nguy cơ leakage)
7709	app rất tệ cực_kỳ tệ cửa_hàng đã bảo_hủy đơn hàng nhưng 1 th...	Câu đối lập nhưng tất cả sentiment giống nhau (nguy cơ leakage)
7716	Samsung galaxy note10 + bị tụt pin nhanh vậy sạc đầy 100% lú...	Câu đối lập nhưng tất cả sentiment giống nhau (nguy cơ leakage)
7723	quần ok . nhưng đặt màu đen mà giao màu_da...	Câu đối lập nhưng tất cả sentiment giống nhau (nguy cơ leakage)
7728	quảng_cáo quài làm đơ khác cửa tôi...	Target 'phần_mềm' không tìm thấy trong text
7732	Máy sử dụng rất tốt. Với giá tiền này là quá ok.Máy chạy cực...	Câu đối lập nhưng tất cả sentiment giống nhau (nguy cơ leakage)
7733	Dùng quá phê trong tầm giá pin trâu tác vụ mượt mà giá chấp ...	Câu đối lập nhưng tất cả sentiment giống nhau (nguy cơ leakage)
7741	Máy rất nhanh hết xa cái opp11.chỉ cái hình và so sánh qua c...	Target 'pin' không tìm thấy trong text
7746	Thật sự chán. Mua sài được 1 tháng mấy .màn hình cứ giật lắc...	Câu đối lập nhưng tất cả sentiment giống nhau (nguy cơ leakage)
7754	Máy sử dụng rất tốt. Với giá tiền này là quá ok.Máy chạy cực...	Câu đối lập nhưng tất cả sentiment giống nhau (nguy cơ leakage)
7758	Theo e đánh giá máy tốt mở 4g từ tối chỉ game thôi chụp hình...	Target 'cập nhật' không tìm thấy trong text
7761	app khá ổn nhưng tầm_giá không quá tạm...	Câu đối lập nhưng tất cả sentiment giống nhau (nguy cơ leakage)
7792	giao thiếu ổ_cứng kêu trả lại tiền mà không thấy...	Câu đối lập nhưng tất cả sentiment giống nhau (nguy cơ leakage)
7793	Lần đầu sd thấy mọi thứ đều ok... Tiếc 1chỗ lâu lâu bấm k ăn...	Câu đối lập nhưng tất cả sentiment giống nhau (nguy cơ leakage)
7796	Máy tốt trong tầm giá: Pin sạc nhanh, xài được hơn 1 ngày, p...	Câu đối lập nhưng tất cả sentiment giống nhau (nguy cơ leakage)
7808	đặt 20 chai mà giao 18 chai , shop nói giải_quyết mà chờ mãi...	Câu đối lập nhưng tất cả sentiment giống nhau (nguy cơ leakage)
7816	ship hàng lâu muộn tận 1 tuần kêu ship nhưng không ship...	Câu đối lập nhưng tất cả sentiment giống nhau (nguy cơ leakage)
7820	áo chất ok với giá nhưng áo đen giặt bị phai màu...	Câu đối lập nhưng tất cả sentiment giống nhau (nguy cơ leakage)
7843	Mình đã mua real me 5 pro thấy khá hài lòng. Mình không biết...	Câu đối lập nhưng tất cả sentiment giống nhau (nguy cơ leakage)
7873	hàng giống hjh nhưng giao không giống màu đã ib nhưng không ...	Câu đối lập nhưng tất cả sentiment giống nhau (nguy cơ leakage)
7888	xài app thì tốt đấy ổn_định nhưng ổ_cứng muốn tìm thì ít quá...	Câu đối lập nhưng tất cả sentiment giống nhau (nguy cơ leakage)
7894	Loa ngoài lâu lâu bị rè không biết do phần mềm hay phần cứng...	Câu đối lập nhưng tất cả sentiment giống nhau (nguy cơ leakage)
7903	Hơi chán, mới mua bàn_phím về dùng 1 ngày đã bị lỗi phần mềm...	Câu đối lập nhưng tất cả sentiment giống nhau (nguy cơ leakage)
7912	mới mua 3 ngày máy củ đã qua sử dụng với giá 8t5 bảo hành 10...	Câu đối lập nhưng tất cả sentiment giống nhau (nguy cơ leakage)
7916	phần_mềm này rất ưng_ý toàn có hàng săn_seo nữa mà ngon...	Câu đối lập nhưng tất cả sentiment giống nhau (nguy cơ leakage)
7925	hình_như mấy sàn thương_mại_điện_tử giờ không cần khách_hàng...	Câu đối lập nhưng tất cả sentiment giống nhau (nguy cơ leakage)
7928	thề luôn cái app nó rác để hàng 18 mà vẫn mặt dày cho bán đế...	Câu đối lập nhưng tất cả sentiment giống nhau (nguy cơ leakage)
7929	Sài ổn, máy đẹp
Camera sau rất khó lấy nét
Có lấy đc nét thì...	Câu đối lập nhưng tất cả sentiment giống nhau (nguy cơ leakage)
7933	app bỏ tiền ra quảng_cáo rất nhiều trên các app khác nhưng c...	Câu đối lập nhưng tất cả sentiment giống nhau (nguy cơ leakage)
7941	Máy sử dụng rất tốt. Với giá tiền này là quá ok.Máy chạy cực...	Câu đối lập nhưng tất cả sentiment giống nhau (nguy cơ leakage)
7943	giá ổn nhưng app không quá tốt...	Câu đối lập nhưng tất cả sentiment giống nhau (nguy cơ leakage)
7946	rất hợp để mua mà không cần phải đi ra ngoài chi cho mệt có ...	Câu đối lập nhưng tất cả sentiment giống nhau (nguy cơ leakage)
7947	vận_chuyển móp hết cả khá về không mang tặng được...	Target 'hộp' không tìm thấy trong text
7950	ứng_dụng ổn nhưng giá không quá tốt...	Câu đối lập nhưng tất cả sentiment giống nhau (nguy cơ leakage)
7958	Hôm mua đang khuyến mãi 3tr1. Mua dc giá khuyến mãi nhưng th...	Câu đối lập nhưng tất cả sentiment giống nhau (nguy cơ leakage)
7960	Sp chất lượng rất ok, giá tốt, vẫn trải nghiệm đầy đủ các tí...	Câu đối lập nhưng tất cả sentiment giống nhau (nguy cơ leakage)
7962	app xóa tài_khoản vì bên bán hàng_họ giao hàng_không đúng mì...	Câu đối lập nhưng tất cả sentiment giống nhau (nguy cơ leakage)
7970	đặt 36 nhưng shop giao 34...	Câu đối lập nhưng tất cả sentiment giống nhau (nguy cơ leakage)
7974	qc như qq bấm chỗ lon nào cũng văng vô_app nói thật nếu ngta...	Câu đối lập nhưng tất cả sentiment giống nhau (nguy cơ leakage)
7980	Mua được 2 tháng tốt ngon nhưng có 3 nhượt điểm 
1 chơi free...	Câu đối lập nhưng tất cả sentiment giống nhau (nguy cơ leakage)
7982	rất thích mua ở app giá rẻ nhưng đôi_khi shoppe cũng lỗi nhi...	Câu đối lập nhưng tất cả sentiment giống nhau (nguy cơ leakage)
7996	tôi mua áo_mưa từ tiki kangoro họ làm_ăn gian_dối và giao ch...	Câu đối lập nhưng tất cả sentiment giống nhau (nguy cơ leakage)
8000	app này là app mua_sắm hay app lừa_đảo vậy thông_báo được hi...	Câu đối lập nhưng tất cả sentiment giống nhau (nguy cơ leakage)
8006	e đặt chung mà sao nó giao_lẻ tốn tiền ship kinh...	Câu đối lập nhưng tất cả sentiment giống nhau (nguy cơ leakage)
8028	Sản phẩm quá tốt trong tầm giá, chuột hiển thị đẹp, camera c...	Câu đối lập nhưng tất cả sentiment giống nhau (nguy cơ leakage)
8033	mua hàng trên nền_tảng này giá hợp_lí giao hàng nhanh nhưng ...	Câu đối lập nhưng tất cả sentiment giống nhau (nguy cơ leakage)
8044	lần đầu xóa lazada sau 9 năm sử_dụng với cương_vị vừa là ngư...	Câu đối lập nhưng tất cả sentiment giống nhau (nguy cơ leakage)
8049	shipper gọi hàng đã đến tôi bảo shipper giao đến nhà mà khôn...	Câu đối lập nhưng tất cả sentiment giống nhau (nguy cơ leakage)
8053	ứng_dụng lm ăn kiểu gì vậy giao hàng như không giao vậy đó c...	Câu đối lập nhưng tất cả sentiment giống nhau (nguy cơ leakage)
8062	trải_nghiệm tệ_hại lươn_lẹo bất_tín lần đầu dùng app ứng_dụn...	Câu đối lập nhưng tất cả sentiment giống nhau (nguy cơ leakage)
8068	giao hành nhanh cáp_sạc tốt đúng màu...	Câu đối lập nhưng tất cả sentiment giống nhau (nguy cơ leakage)
8074	voucher chưa dùng nhưng đúng như shop mô_tả...	Câu đối lập nhưng tất cả sentiment giống nhau (nguy cơ leakage)
8081	giao không đúng màu còn sai kích_cỡ . thất_vọng ghê...	Câu đối lập nhưng tất cả sentiment giống nhau (nguy cơ leakage)
8099	Sản phẩm cũ mặt lưng xước nhiềun hình hơi nhỏ., Còn lại chấp...	Target 'màn hình' không tìm thấy trong text | Câu đối lập nhưng tất cả sentiment giống nhau (nguy cơ leakage)
8104	Camera giọt nước to hơn hình minh họa, còn nhũng chức năng k...	Câu đối lập nhưng tất cả sentiment giống nhau (nguy cơ leakage)
8105	rất hợp để mua mà không cần phải đi ra ngoài chi cho mệt có ...	Câu đối lập nhưng tất cả sentiment giống nhau (nguy cơ leakage)
8132	mền giao sai màu đóng_gói sản_phẩm tốt , chất_lượng sản_phẩm...	Câu đối lập nhưng tất cả sentiment giống nhau (nguy cơ leakage)
8136	app cải_tiến đâu không thấy toàn cải_lùi lọc đã đời bấm vô x...	Câu đối lập nhưng tất cả sentiment giống nhau (nguy cơ leakage)
8137	so với giá đó thì chất_lượng sản_phẩm đã quá ok , ngoài sự m...	Câu đối lập nhưng tất cả sentiment giống nhau (nguy cơ leakage)
8181	có điều shop giai lộn màu đặt màu xanh nhạt shop giao màu đe...	Câu đối lập nhưng tất cả sentiment giống nhau (nguy cơ leakage)
8185	sử_dụng ứng_dụng mà gặp phải quảng_cáo của lazada là rất bực...	Câu đối lập nhưng tất cả sentiment giống nhau (nguy cơ leakage)
8186	ứng_dụng ổn nhưng giá không quá tốt...	Câu đối lập nhưng tất cả sentiment giống nhau (nguy cơ leakage)
8199	ổn áp dùng được...	Target 'phần_mềm' không tìm thấy trong text
8210	đóng_gói sản_phẩm không được đẹp nhưng sản_phẩm vừa_vặn , ph...	Câu đối lập nhưng tất cả sentiment giống nhau (nguy cơ leakage)
8211	ok đấy shipper nhiệt_tình phần_mềm dùng mượt mà dung tôi khá...	Câu đối lập nhưng tất cả sentiment giống nhau (nguy cơ leakage)
8218	mặc_dù có chú thíc rõ là mua 2 màu khác nhau 1 xám và 1 đen ...	Câu đối lập nhưng tất cả sentiment giống nhau (nguy cơ leakage)
8228	ệt tiện_lợi nhưngtuy khâu quản_lý giao hàng cần đúng mẫu hơn...	Câu đối lập nhưng tất cả sentiment giống nhau (nguy cơ leakage)
8241	càng hối_giao nhanh thì càng giao chậm đơn hàng đã để đang g...	Câu đối lập nhưng tất cả sentiment giống nhau (nguy cơ leakage)
8242	Tui mua bên tgdd và đag sài ss a51 theo cảm nhận của tui màn...	Câu đối lập nhưng tất cả sentiment giống nhau (nguy cơ leakage)
8243	Sài ổn, máy đẹp
Camera sau rất khó lấy nét
Có lấy đc nét thì...	Câu đối lập nhưng tất cả sentiment giống nhau (nguy cơ leakage)
8254	Mới dùng được 10 ngày thấy ổn trong tầm giá. Chụp ảnh đẹp. C...	Câu đối lập nhưng tất cả sentiment giống nhau (nguy cơ leakage)
8272	đặt_hàng giao cho ai đâu không , tui chưa hề nhận được mà bá...	Câu đối lập nhưng tất cả sentiment giống nhau (nguy cơ leakage)
8280	không giao_đơn mà kêu không liên_hệ được cho khách_hàng chịu...	Câu đối lập nhưng tất cả sentiment giống nhau (nguy cơ leakage)
8284	app không_thể chọn được 2 áo cùng loại nhưng khác màu dev nê...	Câu đối lập nhưng tất cả sentiment giống nhau (nguy cơ leakage)
8295	dịch_vụ siêu_siêu_tệ mn không nên mua_sắm trên lazada để trá...	Câu đối lập nhưng tất cả sentiment giống nhau (nguy cơ leakage)
8299	quần thì đẹp mà hơi ngắn , mình 1m63 mặc trên mắt_cá gần gan...	Câu đối lập nhưng tất cả sentiment giống nhau (nguy cơ leakage)
8301	Đt mới mua đc vài ngày là màn hình bị đơ quài đổi cái mới tớ...	Câu đối lập nhưng tất cả sentiment giống nhau (nguy cơ leakage)
8302	shipper không hề ổn app cũng được nhưng không có nhiều vouch...	Câu đối lập nhưng tất cả sentiment giống nhau (nguy cơ leakage)
8308	Dùng tạm ổn tầm giá chụp ảnh đẹp sạc nhanh nhân viên TGDD nh...	Câu đối lập nhưng tất cả sentiment giống nhau (nguy cơ leakage)
8315	sử_dụng tiki từ ngày mới ra_mắt tới giờ nhưng_mà có_lẽ chỉ đ...	Câu đối lập nhưng tất cả sentiment giống nhau (nguy cơ leakage)
8318	shop lừa_đảo thật đấy . mình đặt quần size xl mà_lại giao ch...	Câu đối lập nhưng tất cả sentiment giống nhau (nguy cơ leakage)
8320	Quá thất vọng về máy này. Mới mua về mà đã treo máy liên tục...	Câu đối lập nhưng tất cả sentiment giống nhau (nguy cơ leakage)
8324	sao lại không lướt được màn_hình trong app vậy các app mua h...	Câu đối lập nhưng tất cả sentiment giống nhau (nguy cơ leakage)
8332	đặt size l nhưng lại giao size mình , bù lại sản_phẩm cũng r...	Câu đối lập nhưng tất cả sentiment giống nhau (nguy cơ leakage)
8334	Vừa mua lúc chiều 
Máy ok ko vấn đề gì tuy nhiên máy cấu hìn...	Câu đối lập nhưng tất cả sentiment giống nhau (nguy cơ leakage)
8336	nhiều cửa_hàng bán hàng kém chất_lượng nhưng tiki không có c...	Câu đối lập nhưng tất cả sentiment giống nhau (nguy cơ leakage)
8339	để 5 sao cho vui thôi cho ace đọc chứ ứng_dụng gì mà xem củ_...	Câu đối lập nhưng tất cả sentiment giống nhau (nguy cơ leakage)
8343	Điện thoại vẫn còn trong thời gian bảo hành nhưng bị bể kính...	Câu đối lập nhưng tất cả sentiment giống nhau (nguy cơ leakage)
8344	giao thiếu hàng kêu trả lại tiền mà không thấy...	Câu đối lập nhưng tất cả sentiment giống nhau (nguy cơ leakage)
8355	các cửa_hàng trong app kém chất_liệu giao hàng sai mà hiệu_q...	Câu đối lập nhưng tất cả sentiment giống nhau (nguy cơ leakage)
8356	tiền nào của nấy nhưng được cái nhân_viên trả_lời nhẹ_nhàng ...	Câu đối lập nhưng tất cả sentiment giống nhau (nguy cơ leakage)
8362	app giờ lag vcl tới giờ canh lấy voucher mà đơ trắng tinh_cá...	Câu đối lập nhưng tất cả sentiment giống nhau (nguy cơ leakage)
8364	giá rẻ mà chất_lượng ổn quá...	Câu đối lập nhưng tất cả sentiment giống nhau (nguy cơ leakage)
8371	giao sai size . đặt cùng size mà giao cái hơi cái nhỏ_xíu...	Câu đối lập nhưng tất cả sentiment giống nhau (nguy cơ leakage)
8372	Sản phẩm tốt , giao diện và tùy biến của Samsung hơn hẳng op...	Câu đối lập nhưng tất cả sentiment giống nhau (nguy cơ leakage)
8375	shop giao sai màu đặt trắng giao đỏ...	Câu đối lập nhưng tất cả sentiment giống nhau (nguy cơ leakage)
8378	qc như qq bấm chỗ lon nào cũng văng vô_app nói thật nếu ngta...	Câu đối lập nhưng tất cả sentiment giống nhau (nguy cơ leakage)
8391	shipper không liên_lạc gì mà tự_ý hoàn_hàng và báo mình khôn...	Câu đối lập nhưng tất cả sentiment giống nhau (nguy cơ leakage)
8403	Hôm mua đang khuyến mãi 3tr1. Mua dc giá khuyến mãi nhưng th...	Câu đối lập nhưng tất cả sentiment giống nhau (nguy cơ leakage)
8405	dù nhắn_tin shop , để lại ghi_chú và chọn sản_phẩm trên ap ,...	Câu đối lập nhưng tất cả sentiment giống nhau (nguy cơ leakage)
8407	Lần đầu sd thấy mọi thứ đều ok.,.màn hìnhmà K tai nghe. Tiếc...	Câu đối lập nhưng tất cả sentiment giống nhau (nguy cơ leakage)
8408	Mk dùng đc mấy ngày thì mướt xong bị tình trạng lướt như đua...	Câu đối lập nhưng tất cả sentiment giống nhau (nguy cơ leakage)
8414	giao hàng siêu_lâu đặt một món hàng mà đến gần 2 tháng mới g...	Câu đối lập nhưng tất cả sentiment giống nhau (nguy cơ leakage)
8418	1, Pin hao hơi nhanh. Hao nhanh hơn Oppo A5s mới đã dùng thá...	Câu đối lập nhưng tất cả sentiment giống nhau (nguy cơ leakage)
8429	thề luôn cái app nó rác để hàng 18 mà vẫn mặt dày cho bán đế...	Câu đối lập nhưng tất cả sentiment giống nhau (nguy cơ leakage)
8439	chất đẹp nhưng shop giao nhầm mẫu cho mình...	Câu đối lập nhưng tất cả sentiment giống nhau (nguy cơ leakage)
8452	Sau hơn 1 tuần sử dụng. Cá nhân mình cảm thấy máy rất tốt so...	Câu đối lập nhưng tất cả sentiment giống nhau (nguy cơ leakage)
8461	Máy vi vo y19 chất lương trung bình so với tầm giá ,cài đặt ...	Câu đối lập nhưng tất cả sentiment giống nhau (nguy cơ leakage)
8464	chăm_sóc khách_hàng kém đơn 28 mới giao 22 vừa đặt vẫn đang ...	Câu đối lập nhưng tất cả sentiment giống nhau (nguy cơ leakage)
8468	phom bộ đồ...	Target 'sản_phẩm' không tìm thấy trong text
8484	giao sai màu , sai size...	Câu đối lập nhưng tất cả sentiment giống nhau (nguy cơ leakage)
8485	áo bị tuột len v mà cx giao . sản_phẩm rất tệ . tốn tiền đi ...	Câu đối lập nhưng tất cả sentiment giống nhau (nguy cơ leakage)
8487	ê_má chưa gọi điện đã hoàn_trả về ng gửi đùa hả đợi bn ngày ...	Câu đối lập nhưng tất cả sentiment giống nhau (nguy cơ leakage)
8490	đẹp rất tiện_lợi...	Target 'ứng_dụng' không tìm thấy trong text
8495	Samsung a21s rất tệ về mọi mặt như : Pin hảo nhiều, màn hình...	Câu đối lập nhưng tất cả sentiment giống nhau (nguy cơ leakage)
8499	nhiều cửa_hàng bán hàng kém chất_lượng nhưng tiki không có c...	Câu đối lập nhưng tất cả sentiment giống nhau (nguy cơ leakage)
8518	t bị vô hoài_phiền chết...	Target 'app' không tìm thấy trong text
8519	ứng_dụng hay nhưng nhiều lúc có shipper thái_độ...	Câu đối lập nhưng tất cả sentiment giống nhau (nguy cơ leakage)
8532	chưa thử nhưng mùi thơm ngọt_lịm , cho 5 sao vì shop đóng_gó...	Câu đối lập nhưng tất cả sentiment giống nhau (nguy cơ leakage)
8540	Tôi restore các ứng dụng từ máy cũ sang, danh bạ nhập tốt, m...	Câu đối lập nhưng tất cả sentiment giống nhau (nguy cơ leakage)
8553	tôi đã phải xóa ngay ứng_dụng này khi định mua món hàng đầu_...	Câu đối lập nhưng tất cả sentiment giống nhau (nguy cơ leakage)
8556	ứng_dụng thì hay nhưng hàng đăng bán trên tiki giá đắt hơn r...	Câu đối lập nhưng tất cả sentiment giống nhau (nguy cơ leakage)
8566	lần đầu mua q . ao trên shopee lúc đầu thấy lo vì mình đặt 3...	Câu đối lập nhưng tất cả sentiment giống nhau (nguy cơ leakage)
8569	nhận lúc xong chán luôn...	Target 'hàng' không tìm thấy trong text
8574	bị khóa tài_khoản lần đầu dùng lúc...	Target 'ứng_dụng' không tìm thấy trong text
8582	ứng_dụng lỗi thì không nói nhưng cho 1 sao bởi dạo này shope...	Câu đối lập nhưng tất cả sentiment giống nhau (nguy cơ leakage)
8584	nhưq mìh đặt áo đen logo trắq mà giao áo trắq logo đen...	Câu đối lập nhưng tất cả sentiment giống nhau (nguy cơ leakage)
8598	cũng được tạm dùng được...	Target 'ứng_dụng' không tìm thấy trong text
8600	tôi đặt_hàng từ 29 10 2018 đến nay 05 11 chưa nhận được hàng...	Câu đối lập nhưng tất cả sentiment giống nhau (nguy cơ leakage)
8610	lừa_đảo dịch_vụ quá tệ đặt đơn hàng đã thanh_toán nhưng hơn ...	Câu đối lập nhưng tất cả sentiment giống nhau (nguy cơ leakage)
8612	tương_tác với khách_hàng quá kém cả phía nhà bán lẫn nền_tản...	Câu đối lập nhưng tất cả sentiment giống nhau (nguy cơ leakage)
8617	phần_mềm lỗi thêm sản_phẩm vàogiỏ hàng rồi mà không có gì hế...	Câu đối lập nhưng tất cả sentiment giống nhau (nguy cơ leakage)
8620	hi_mình cảm_thấy ứng_dụng rất hay nhưng không hiểu tại_sao t...	Câu đối lập nhưng tất cả sentiment giống nhau (nguy cơ leakage)
8626	Máy_hút_bụi lỗi nghe nhạc bluetooth . Ra bảo hảnh thì nhân v...	Câu đối lập nhưng tất cả sentiment giống nhau (nguy cơ leakage)
8628	Sản phẩm tốt trong tầm giá, cấu hình ổn, thời gian sử dụng p...	Câu đối lập nhưng tất cả sentiment giống nhau (nguy cơ leakage)
8629	mua shop này lúc mất áo không mặc được...	Target 'tiền' không tìm thấy trong text
8654	giao không đúng hàng thu thêm tiền mà không thông_báo với kh...	Câu đối lập nhưng tất cả sentiment giống nhau (nguy cơ leakage)
8655	không giao_đơn mà kêu không liên_hệ được cho khách_hàng chịu...	Câu đối lập nhưng tất cả sentiment giống nhau (nguy cơ leakage)
8658	Máy dep xai ổn mà không hài lòng về pin không xài tat hết ứn...	Câu đối lập nhưng tất cả sentiment giống nhau (nguy cơ leakage)
8666	Mua con 50s sd được 2 tháng thì cảm nhận như sau: chụp hình ...	Câu đối lập nhưng tất cả sentiment giống nhau (nguy cơ leakage)
8668	quần ok . nhưng đặt màu đen mà giao màu_da...	Câu đối lập nhưng tất cả sentiment giống nhau (nguy cơ leakage)
8678	app xóa tài_khoản vì bên bán hàng_họ giao hàng_không đúng mì...	Câu đối lập nhưng tất cả sentiment giống nhau (nguy cơ leakage)
8683	giao nhầm màu . 1 trắng 1 xanh mà giao cho 2 xanh...	Câu đối lập nhưng tất cả sentiment giống nhau (nguy cơ leakage)
8687	Con này rất là tốt trong tầm giá nha mn ơi. Sài 1 năm mấy rồ...	Câu đối lập nhưng tất cả sentiment giống nhau (nguy cơ leakage)
8689	Sp ok trong tầm giá. Mượt mà ổn định, camera trước và sau đề...	Câu đối lập nhưng tất cả sentiment giống nhau (nguy cơ leakage)
8694	chậm như đb...	Target 'app' không tìm thấy trong text
8697	qc như qq bấm chỗ lon nào cũng văng vô_app nói thật nếu ngta...	Câu đối lập nhưng tất cả sentiment giống nhau (nguy cơ leakage)
8705	ok đấy shipper nhiệt_tình phần_mềm dùng mượt mà dung tôi khá...	Câu đối lập nhưng tất cả sentiment giống nhau (nguy cơ leakage)
8718	đơn_vị vận_chuyển của lazda làm_ăn tắc_trách không thèm gọi ...	Câu đối lập nhưng tất cả sentiment giống nhau (nguy cơ leakage)
8722	Pin trâu bò , dùng cả ngày lướt lướt hao có 20% pin , phân k...	Câu đối lập nhưng tất cả sentiment giống nhau (nguy cơ leakage)
8726	shop làm_ăn cẩu_thả . áo lỗi cũng đem giao cho khách . tôi y...	Câu đối lập nhưng tất cả sentiment giống nhau (nguy cơ leakage)
8729	cho chọn 3 món bất_kỳ mua với giá 0 đ cho người mới mà shop ...	Câu đối lập nhưng tất cả sentiment giống nhau (nguy cơ leakage)
8738	Dt tốt trong tầm giá không có gì mà mình có thể chê được pin...	Câu đối lập nhưng tất cả sentiment giống nhau (nguy cơ leakage)
8747	ủa giao thiếu hàng khiếu_nại xong không thèm hoàn tiền luôn ...	Câu đối lập nhưng tất cả sentiment giống nhau (nguy cơ leakage)
8749	Từ khi cập nhật Adroid10 bị lag đơ các kiểu loa thì bé xạc p...	Câu đối lập nhưng tất cả sentiment giống nhau (nguy cơ leakage)
8751	áo không giốg hình dây 1 màmàu áo 1 u giao hàng áo dơ như để...	Câu đối lập nhưng tất cả sentiment giống nhau (nguy cơ leakage)
8753	mình đặt 5 áo mà shop giao có 3 áo mà tổng_tiền vẫn là trả c...	Câu đối lập nhưng tất cả sentiment giống nhau (nguy cơ leakage)
8759	mik có đặt_cốc ún nước để tặng bạn dễ thw lắm nhưng shipper ...	Câu đối lập nhưng tất cả sentiment giống nhau (nguy cơ leakage)
8779	Pin 5000mah mà ko có xạc nhanh thì xạc khi nào mới đầy . Cam...	Câu đối lập nhưng tất cả sentiment giống nhau (nguy cơ leakage)
8785	trên tiêu_đề shop ghi date 2020 nhưng nhận hàng date 2019...	Câu đối lập nhưng tất cả sentiment giống nhau (nguy cơ leakage)
8798	Tui mua bên tgdd và đag sài ss a51 theo cảm nhận của tui màn...	Câu đối lập nhưng tất cả sentiment giống nhau (nguy cơ leakage)
8800	giao không đúng màu mình chọn nhưng chất đẹp nên mình không ...	Câu đối lập nhưng tất cả sentiment giống nhau (nguy cơ leakage)
8807	Mua điện thoại về  dc 2 ngày.. pin nhanh hết.vân tay   không...	Câu đối lập nhưng tất cả sentiment giống nhau (nguy cơ leakage)
8811	mình mua 7 món nhưng shop chỉ giao 5 và vẫn tính tiền 7...	Câu đối lập nhưng tất cả sentiment giống nhau (nguy cơ leakage)
8812	dùng máy rất tốt, hệ điều hành mượt mà. camera đẹp chụp rất ...	Câu đối lập nhưng tất cả sentiment giống nhau (nguy cơ leakage)
8813	giao thiếu hàng kêu trả lại tiền mà không thấy...	Câu đối lập nhưng tất cả sentiment giống nhau (nguy cơ leakage)
8827	tiki giao thiếu hàng , nhắn_tin bảo sẽ bù lại tiền nhưng chẳ...	Câu đối lập nhưng tất cả sentiment giống nhau (nguy cơ leakage)
8828	tiki giao thiếu hàng , nhắn_tin bảo sẽ bù lại tiền nhưng chẳ...	Câu đối lập nhưng tất cả sentiment giống nhau (nguy cơ leakage)
8836	dùng vài lỗi là cảm ứng tiệm cận thỉnh thoảng không sáng màn...	Câu đối lập nhưng tất cả sentiment giống nhau (nguy cơ leakage)
8840	Hơi giày nhưng mượt mà chạy ứng dụng tốt nhân viên OK hài lò...	Câu đối lập nhưng tất cả sentiment giống nhau (nguy cơ leakage)
8841	giao không đúng mẫu đặt , nghĩ sao mẫu 95k giao 65k vui , bu...	Câu đối lập nhưng tất cả sentiment giống nhau (nguy cơ leakage)
8845	theo mình thì không nên mua - cam chụp lấy nét gần kém hầu n...	Câu đối lập nhưng tất cả sentiment giống nhau (nguy cơ leakage)
8847	Mới mua xong giờ giảm giá xuống còn  23 tr tiếc ghê máy tốt ...	Câu đối lập nhưng tất cả sentiment giống nhau (nguy cơ leakage)
8850	trải_nghiệm tệ_hại lươn_lẹo bất_tín lần đầu dùng app phần_mề...	Câu đối lập nhưng tất cả sentiment giống nhau (nguy cơ leakage)
8851	đặt_hàng ghi là đã giao thành_công nhưng chưa nhận được hàng...	Câu đối lập nhưng tất cả sentiment giống nhau (nguy cơ leakage)
8870	Nên cấp nhật lại phần mềm.may chơi gêm hơi yếu. màn hình rễ ...	Câu đối lập nhưng tất cả sentiment giống nhau (nguy cơ leakage)
8874	giao đúng màu ạ...	Câu đối lập nhưng tất cả sentiment giống nhau (nguy cơ leakage)
8875	một phần_mềm uy_tín hàng chất_lượng mà ít người dùng hơn sho...	Câu đối lập nhưng tất cả sentiment giống nhau (nguy cơ leakage)
8879	Đầu tiên về chất lượng phục vụ ở tgdd rất tốt, nhân viên vô ...	Câu đối lập nhưng tất cả sentiment giống nhau (nguy cơ leakage)
8881	nt note mua 1 hồng 1 ghi shop đã ok nhưng vẫn giao 2 ghi...	Câu đối lập nhưng tất cả sentiment giống nhau (nguy cơ leakage)
8900	Nói về công nghệ và ứng dụng thì chẳng thua ai. Mẫu mã đẹp. ...	Câu đối lập nhưng tất cả sentiment giống nhau (nguy cơ leakage)
8903	rất tốt v19 xài rất mượt rất ok, giá tốt trong phân khúc. ca...	Câu đối lập nhưng tất cả sentiment giống nhau (nguy cơ leakage)
8911	tôi đã phải xóa ngay ứng_dụng này khi định mua món hàng đầu_...	Câu đối lập nhưng tất cả sentiment giống nhau (nguy cơ leakage)
8912	shop giao sai màu...	Câu đối lập nhưng tất cả sentiment giống nhau (nguy cơ leakage)
8916	mua hàng trên nền_tảng này giá hợp_lí giao hàng nhanh nhưng ...	Câu đối lập nhưng tất cả sentiment giống nhau (nguy cơ leakage)
8917	cơ_mà tôi mua hôm_nay , ngày_mai shop làm flash sale là sao...	Câu đối lập nhưng tất cả sentiment giống nhau (nguy cơ leakage)
8921	một phần_mềm uy_tín hàng chất_lượng mà ít người dùng hơn sho...	Câu đối lập nhưng tất cả sentiment giống nhau (nguy cơ leakage)
8922	cảm_ơn shop đã giải_cứu cơn sợ mềm của em...	Target 'giá' không tìm thấy trong text
8929	app bỏ tiền ra quảng_cáo rất nhiều trên các app khác nhưng c...	Câu đối lập nhưng tất cả sentiment giống nhau (nguy cơ leakage)
8940	app sale cũng oke mà ít voucher quá ạ...	Câu đối lập nhưng tất cả sentiment giống nhau (nguy cơ leakage)
8947	xử_lý vđe không tốt thời giá_mà xử_lý chuyên_nghiệp như tikt...	Câu đối lập nhưng tất cả sentiment giống nhau (nguy cơ leakage)
8950	Sản phẩm a70 cảm ứng vân tay cực kém.chất lượng hình ảnh cũn...	Câu đối lập nhưng tất cả sentiment giống nhau (nguy cơ leakage)
8951	giá rẻ nhưng chất_lượng sản_phẩm tốt , chuẩn nhật...	Câu đối lập nhưng tất cả sentiment giống nhau (nguy cơ leakage)
8959	đặt xanh đậm mà giao mảu xám , thất_vọng quá , màu thấy củ_x...	Câu đối lập nhưng tất cả sentiment giống nhau (nguy cơ leakage)
8968	sàn nát cskh vô_trách_nhiệm chỉ biết copy trả_lời rồi kết_th...	Câu đối lập nhưng tất cả sentiment giống nhau (nguy cơ leakage)
8972	giá bàn_phím hơi chát tiền ship đắt nhưng chất_lượng tốt...	Câu đối lập nhưng tất cả sentiment giống nhau (nguy cơ leakage)
8974	giá ổn nhưng app không quá tốt...	Câu đối lập nhưng tất cả sentiment giống nhau (nguy cơ leakage)
8990	Sài 1 tháng là thấy máy xuống cấp trầm trọngvà mãi không khở...	Câu đối lập nhưng tất cả sentiment giống nhau (nguy cơ leakage)
8991	nhờ gỡ khóa vĩnh_viễn số điện_thoại mà nhân_viên trả_lời hời...	Câu đối lập nhưng tất cả sentiment giống nhau (nguy cơ leakage)
9002	Vì tình yêu samsung nên mới mua con này, nhưng khi sử dụng t...	Câu đối lập nhưng tất cả sentiment giống nhau (nguy cơ leakage)
9006	Mua về sài rất tốt trong tầm giá nhân viên TGDD nhiệt tình m...	Câu đối lập nhưng tất cả sentiment giống nhau (nguy cơ leakage)
9008	Mình mua chính hãng tại thế giới di động đã cập nhật MIUI 11...	Câu đối lập nhưng tất cả sentiment giống nhau (nguy cơ leakage)
9011	chất_liệu tốt mà hơi rộng mà thôi cho shop 5 sak...	Câu đối lập nhưng tất cả sentiment giống nhau (nguy cơ leakage)
9012	app lởm_vkl đặt_hàng từ 21 hẹn 27 giao không hiểu đặt_hàng s...	Câu đối lập nhưng tất cả sentiment giống nhau (nguy cơ leakage)
9014	giao không đúng màu . đặt màu hồng mà s giao màu gạch . khôn...	Câu đối lập nhưng tất cả sentiment giống nhau (nguy cơ leakage)
9020	giao sai sản_phẩm mà không chịu hoàn tiền lại cho người ta ứ...	Câu đối lập nhưng tất cả sentiment giống nhau (nguy cơ leakage)
9022	giao cũng nhanh_đơn cũng rẻ mà mấy này ht cho voucher r qua ...	Câu đối lập nhưng tất cả sentiment giống nhau (nguy cơ leakage)
9024	Máy dùng tốt.có vài lỗi là cảm ứng tiệm cận thỉnh thoảng khô...	Câu đối lập nhưng tất cả sentiment giống nhau (nguy cơ leakage)
9028	app như cl đăng_ký để lập tài_khoản cũng không được mà đăng_...	Câu đối lập nhưng tất cả sentiment giống nhau (nguy cơ leakage)
9049	A70 bị lỗi cảm ứng đa điểm khi chơi game la bị còn xài bình ...	Câu đối lập nhưng tất cả sentiment giống nhau (nguy cơ leakage)
9051	app này là app mua_sắm hay app lừa_đảo vậy thông_báo được hi...	Câu đối lập nhưng tất cả sentiment giống nhau (nguy cơ leakage)
9054	Nói chung la với giá tiền này thì máy oke so với mong đợi, b...	Câu đối lập nhưng tất cả sentiment giống nhau (nguy cơ leakage)
9069	giá rẻ mà chất thì quá ok...	Câu đối lập nhưng tất cả sentiment giống nhau (nguy cơ leakage)
9071	giao sai sản_phẩm nhưng không được chấp_nhận trả hàng có dấu...	Câu đối lập nhưng tất cả sentiment giống nhau (nguy cơ leakage)
9087	mở app lên thấy voucher thì bấm lấy mà báo phát_hiện hoạt_độ...	Câu đối lập nhưng tất cả sentiment giống nhau (nguy cơ leakage)
9095	app rác mọi người đừng tải mua hàng mà t_tưởng ăn_xin không ...	Câu đối lập nhưng tất cả sentiment giống nhau (nguy cơ leakage)
9098	sử dụng hơi lag, phiền phức ở chổ cái ứng dụng premision con...	Câu đối lập nhưng tất cả sentiment giống nhau (nguy cơ leakage)
9101	mình lâu note là màu trắng_đen đỏ , shop lại giao màu kem đe...	Câu đối lập nhưng tất cả sentiment giống nhau (nguy cơ leakage)
9132	chất vải đẹp , mát nhưng hơi dễ nhàu , hàng giao nhanh , màu...	Câu đối lập nhưng tất cả sentiment giống nhau (nguy cơ leakage)
9140	app cải_tiến đâu không thấy toàn cải_lùi lọc đã đời bấm vô x...	Câu đối lập nhưng tất cả sentiment giống nhau (nguy cơ leakage)
9156	sản_phẩm đẹp như shop giới_thiệu , giao hàng rất nhanh và đú...	Câu đối lập nhưng tất cả sentiment giống nhau (nguy cơ leakage)
9158	phí ship gấp nhiều lần tiền hàng cùng củ_sạc bên shoppi giá ...	Câu đối lập nhưng tất cả sentiment giống nhau (nguy cơ leakage)
9163	vải không đẹp lắm tiền nào của ấy . gửi nhầm màu áo...	Câu đối lập nhưng tất cả sentiment giống nhau (nguy cơ leakage)
9167	Mình mới mua hàng Xiaomi Note9s thấy ghi thông kỹ thuật là d...	Target 'phần mềm' không tìm thấy trong text | Câu đối lập nhưng tất cả sentiment giống nhau (nguy cơ leakage)
9179	app giờ lag vcl tới giờ canh lấy voucher mà đơ trắng tinh_cá...	Câu đối lập nhưng tất cả sentiment giống nhau (nguy cơ leakage)
9183	Mới mua, thấy ổn hơn cả nokia5, không chơi game, nghe gọi ổn...	Câu đối lập nhưng tất cả sentiment giống nhau (nguy cơ leakage)
9184	shop giao sai màu dù đã ghi_chú và chat rồi...	Câu đối lập nhưng tất cả sentiment giống nhau (nguy cơ leakage)
9185	quá tốt trong tầm giá. Pin trâu, thiết kế đẹp, màn hình rộng...	Câu đối lập nhưng tất cả sentiment giống nhau (nguy cơ leakage)
9186	qc như qq bấm chỗ lon nào cũng văng vô_app nói thật nếu ngta...	Câu đối lập nhưng tất cả sentiment giống nhau (nguy cơ leakage)
9194	giá ổn nhưng app không quá tốt...	Câu đối lập nhưng tất cả sentiment giống nhau (nguy cơ leakage)
9197	Rất ngon trong tầm giá camera đẹp pin trâu game mượt nhưng c...	Câu đối lập nhưng tất cả sentiment giống nhau (nguy cơ leakage)
9204	Thất vọng a51. Bàn_phím xử lý thông tin chậm, wtf điện, mở a...	Câu đối lập nhưng tất cả sentiment giống nhau (nguy cơ leakage)
9216	Samsung càng ngày ra máy nhiều mà kém chất lượng cho mọi oha...	Câu đối lập nhưng tất cả sentiment giống nhau (nguy cơ leakage)
9228	kết_nối nhân_viên tư_vấn lâu nhân_viên tư_vấn khiếu_nại cũng...	Câu đối lập nhưng tất cả sentiment giống nhau (nguy cơ leakage)
9235	Dùng thấy ổn hết ở giá tiền này nhưng wifi thì quá bất ổn, h...	Câu đối lập nhưng tất cả sentiment giống nhau (nguy cơ leakage)
9241	Mua dc 3 tuần về bắt đầu đơ, phải ấn nút tắt màn hình mới đư...	Câu đối lập nhưng tất cả sentiment giống nhau (nguy cơ leakage)
9251	shop ki quá mình mua 2 size l mà shop giao mình ah...	Câu đối lập nhưng tất cả sentiment giống nhau (nguy cơ leakage)
9252	Có ai xài mà cài được khoá ứng dụng được ko ạ? Ví dụ mình mu...	Câu đối lập nhưng tất cả sentiment giống nhau (nguy cơ leakage)
9253	TGDD làm ăn cứng nhắc quá mua cái máy lổi pin về cảm giác kh...	Câu đối lập nhưng tất cả sentiment giống nhau (nguy cơ leakage)
9259	ghét cái quảng_cáo vớ vẩn...	Target 'ứng_dụng' không tìm thấy trong text
9266	sử_dụng ứng_dụng mà gặp phải quảng_cáo của lazada là rất bực...	Câu đối lập nhưng tất cả sentiment giống nhau (nguy cơ leakage)
9269	hình_ảnh thì free ship mà tiền ship tận 44 k hình_ảnh thì gi...	Câu đối lập nhưng tất cả sentiment giống nhau (nguy cơ leakage)
9270	đã nhắc_nhở kĩ_càng mà vẫn giao thiếu 2 món mình cần nhất , ...	Câu đối lập nhưng tất cả sentiment giống nhau (nguy cơ leakage)
9274	Mua hồi tháng 2 lúc giảm còn 5 triệu mấy .Ai cũng chê nhưng ...	Câu đối lập nhưng tất cả sentiment giống nhau (nguy cơ leakage)
9281	app ncl trên app thì thông_báo hàng đã giao thành_công mà 2 ...	Câu đối lập nhưng tất cả sentiment giống nhau (nguy cơ leakage)
9307	chất_lượng thích tốt , vải thun co_giãn , chất mát...	Target 'chất_lượng sản_phẩm' không tìm thấy trong text
9311	Mua dc 3 bắt đầu đơ, phải ấn nút tắt hình mới được, haizz. l...	Target 'màn hình' không tìm thấy trong text
9314	Vừa túi tiền . Đẹp chất lượng màn hình tràn viền 
Nhà sản xu...	Câu đối lập nhưng tất cả sentiment giống nhau (nguy cơ leakage)
9319	các cửa_hàng trong app kém chất_lượng giao hàng sai mà hiệu_...	Câu đối lập nhưng tất cả sentiment giống nhau (nguy cơ leakage)
9321	giá cao hơn app khác nhưng an_toàn về chất_lượng không sợ hà...	Câu đối lập nhưng tất cả sentiment giống nhau (nguy cơ leakage)
9324	Ai nói xài không mượt. Riêng bản thân thấy ngon hơn những dò...	Câu đối lập nhưng tất cả sentiment giống nhau (nguy cơ leakage)
9326	sản_phẩm đúng mô_tả nhưng hơi rộng nách thời_gian giao hàn r...	Câu đối lập nhưng tất cả sentiment giống nhau (nguy cơ leakage)
9327	Mua điện thoại về dc 2 ngày.. pin nhanh hết.vân tay không đư...	Câu đối lập nhưng tất cả sentiment giống nhau (nguy cơ leakage)
9328	máy dùng tốt trong tầm giá nhưng khi chơi game phần màn hình...	Câu đối lập nhưng tất cả sentiment giống nhau (nguy cơ leakage)
9330	Máy cứ bắt nhật, cứ 2 - 3 ngày laii bắt cập nhật lại Sau khi...	Câu đối lập nhưng tất cả sentiment giống nhau (nguy cơ leakage)
9335	Mới mua dk hơn 1 tuần đánh giá thì pin trâu. Chụp hình dk nh...	Câu đối lập nhưng tất cả sentiment giống nhau (nguy cơ leakage)
9336	qoảng_cáo một kiểu giao hàng một kiểu không đúng sản_phẩm mà...	Câu đối lập nhưng tất cả sentiment giống nhau (nguy cơ leakage)
9337	app lỗi xoay xoay xong tự đặt đơn rồi éo cho hủy mà bom hàng...	Câu đối lập nhưng tất cả sentiment giống nhau (nguy cơ leakage)
9342	Sau khi trải nghiệm sản phẩm mình thấy máy đáp ứng tốt những...	Câu đối lập nhưng tất cả sentiment giống nhau (nguy cơ leakage)
9350	lần sau thiếu hàng shop nên nt với ng mua trc , chứ đừng tự_...	Câu đối lập nhưng tất cả sentiment giống nhau (nguy cơ leakage)
9354	đặt cái này lại giao cái màu hồng kiểu khác , cực_kì vô trác...	Câu đối lập nhưng tất cả sentiment giống nhau (nguy cơ leakage)
9357	ứng_dụng thì hay nhưng hàng đăng bán trên tiki giá đắt hơn r...	Câu đối lập nhưng tất cả sentiment giống nhau (nguy cơ leakage)
9372	mua gì 230k mà còn tính shop . trên shoope mua 160k là không...	Câu đối lập nhưng tất cả sentiment giống nhau (nguy cơ leakage)
9375	shop giao nhầm màu...	Câu đối lập nhưng tất cả sentiment giống nhau (nguy cơ leakage)
9380	chất vải đẹp , nhưng giao nhầm màu chon màu be ma giao màu k...	Câu đối lập nhưng tất cả sentiment giống nhau (nguy cơ leakage)
9384	Tạm ổn camera ở mức khá,màn hình mấy app k rõ lắm,được cái p...	Câu đối lập nhưng tất cả sentiment giống nhau (nguy cơ leakage)
9396	app bán cho bọn tây hay j mà chọn tiếng việt r cũng tiếng an...	Câu đối lập nhưng tất cả sentiment giống nhau (nguy cơ leakage)
9402	app khá ổn nhưng tầm_giá ko quá tốt...	Câu đối lập nhưng tất cả sentiment giống nhau (nguy cơ leakage)
9406	cửa_hàng giao sai sản_phẩm nhưng tiki chỉ hỗ_trợ đổ sản_phẩm...	Câu đối lập nhưng tất cả sentiment giống nhau (nguy cơ leakage)
9415	tài_khoản của tôi đã bị lỗi cr01 không cho sử_dụng voucher m...	Câu đối lập nhưng tất cả sentiment giống nhau (nguy cơ leakage)
9416	app dễ tìm_kiếm cây_chổi mà mình cần mua sẽ tiếp_tục ủng_hộ...	Câu đối lập nhưng tất cả sentiment giống nhau (nguy cơ leakage)
9436	Máy thấy cũng dk tùy giá rẻ thấy cũng hài lòng những mà ko c...	Câu đối lập nhưng tất cả sentiment giống nhau (nguy cơ leakage)
9439	ok đấy shipper nhiệt_tình phần_mềm dùng mượt mà dung tôi khá...	Câu đối lập nhưng tất cả sentiment giống nhau (nguy cơ leakage)
9452	đừng lượng pin 5000 nhưng không dùng pin vẫn tụt dù app ngầm...	Câu đối lập nhưng tất cả sentiment giống nhau (nguy cơ leakage)
9480	tài_khoản của tôi đã bị lỗi cr01 không cho sử_dụng voucher m...	Câu đối lập nhưng tất cả sentiment giống nhau (nguy cơ leakage)
9486	app dễ tìm_kiếm sản_phẩm mà mình cần mua sẽ tiếp_tục ủng_hộ...	Câu đối lập nhưng tất cả sentiment giống nhau (nguy cơ leakage)
9488	nhưng với giá 144k hi_vọng shop cải_thiện vải sẽ mỏng nhẹ th...	Câu đối lập nhưng tất cả sentiment giống nhau (nguy cơ leakage)
9492	app rất tệ cực_kỳ tệ bảo_hủy đơn hàng nhưng 1 tháng sau vẫn ...	Câu đối lập nhưng tất cả sentiment giống nhau (nguy cơ leakage)
9507	lúc trước mik đặt buổi tối nếu ở tp hcm là sáng_mai có rồi v...	Câu đối lập nhưng tất cả sentiment giống nhau (nguy cơ leakage)
9512	Chất lượng kém vs giá , 5000 tụt nhanh quá, camera k đẹp , d...	Target 'ổ_cứng' không tìm thấy trong text
9515	quần thì đẹp mà ngắn , mình 1m63 trên mắt_cá gần gang tay , ...	Câu đối lập nhưng tất cả sentiment giống nhau (nguy cơ leakage)
9518	Máy tốt,pin trâu,tảu phần mềm rất nhanh,camera tạm ổn chứ kh...	Câu đối lập nhưng tất cả sentiment giống nhau (nguy cơ leakage)
9523	Lần đầu thử mua máy hãng trung quốc xài mà quá thất vọng, má...	Câu đối lập nhưng tất cả sentiment giống nhau (nguy cơ leakage)
9533	rõ là tiền ship 0 k mà ấn vào thấy tiền ship 29 k...	Câu đối lập nhưng tất cả sentiment giống nhau (nguy cơ leakage)
9555	trải_nghiệm mua_sắm 2 lần nhưng không lần nào giao đúng hẹn ...	Câu đối lập nhưng tất cả sentiment giống nhau (nguy cơ leakage)
9562	shop giao nhâ mình ha ng cho mi nh nhưng sau đo đa trả_lời n...	Câu đối lập nhưng tất cả sentiment giống nhau (nguy cơ leakage)
9566	phí ship gấp nhiều lần tiền hàng cùng sản_phẩm bên shoppi gi...	Câu đối lập nhưng tất cả sentiment giống nhau (nguy cơ leakage)
9582	Điện thoại mua được hơn 1 tuần nhưng pin tụt rất nhanh, tắt ...	Câu đối lập nhưng tất cả sentiment giống nhau (nguy cơ leakage)
9585	Ổn trong tầm giá ,pin trâu , cam tạm , màn hình ổn độ sáng c...	Câu đối lập nhưng tất cả sentiment giống nhau (nguy cơ leakage)
9586	đặt 4 đôi mà giao 3 đôi . nt hỏi thì không tl . phải chi láy...	Câu đối lập nhưng tất cả sentiment giống nhau (nguy cơ leakage)
9601	ứng_dụng ổn nhưng giá không quá tốt...	Câu đối lập nhưng tất cả sentiment giống nhau (nguy cơ leakage)
9606	A71 bắt wifi kém. .n hình u sắc đẹpmà Điện thoại mới mua đượ...	Target 'màn hình màu' không tìm thấy trong text
9618	hàng dơ quá vậy_mà cũng dám bán đơ khách...	Câu đối lập nhưng tất cả sentiment giống nhau (nguy cơ leakage)
9620	Mình mới mua hôm 15/10 Về dùng nói chung màn hình ko nét cam...	Câu đối lập nhưng tất cả sentiment giống nhau (nguy cơ leakage)
9622	giao thiếu ổ_cứng kêu trả lại tiền mà không thấy...	Câu đối lập nhưng tất cả sentiment giống nhau (nguy cơ leakage)
9631	Máy xài ok trong tầm giá mặc dù pin 5000 nhưng có vẻ k trâu ...	Câu đối lập nhưng tất cả sentiment giống nhau (nguy cơ leakage)
9639	shop giao thiếu hàng , nhắn_tin bảo sẽ bù lại tiền nhưng chẳ...	Câu đối lập nhưng tất cả sentiment giống nhau (nguy cơ leakage)
9643	app như cak chưa gọi giao nhưng đã lấy lí_do gọi không được ...	Câu đối lập nhưng tất cả sentiment giống nhau (nguy cơ leakage)
9645	treo đầu dê bán thịt chó hình đăng thì khác giao hàng thì kh...	Câu đối lập nhưng tất cả sentiment giống nhau (nguy cơ leakage)
9653	giá bàn_phím hơi chát tiền ship đắt nhưng chất_lượng tốt...	Câu đối lập nhưng tất cả sentiment giống nhau (nguy cơ leakage)
9655	ứng_dụng người bán và người giao hàng_không liên_kết gì nhau...	Câu đối lập nhưng tất cả sentiment giống nhau (nguy cơ leakage)
9672	đẹp , bốc mẫu...	Target 'hàng' không tìm thấy trong text
9673	tưởng voucher mà giao evoucher nên hơi rộng...	Câu đối lập nhưng tất cả sentiment giống nhau (nguy cơ leakage)
9689	ứng_dụng không_thể chọn được 2 áo cùng loại nhưngmà khác u d...	Target 'màu' không tìm thấy trong text | Câu đối lập nhưng tất cả sentiment giống nhau (nguy cơ leakage)
9705	Lên miui11 ngon lành hơn bản miui10 cập nhật dì các bạn lên ...	Câu đối lập nhưng tất cả sentiment giống nhau (nguy cơ leakage)
9710	ok đấy shipper nhiệt_tình ứng_dụng dùng mượt mà dung tôi khá...	Câu đối lập nhưng tất cả sentiment giống nhau (nguy cơ leakage)
9722	nói_chung quá hài_lòng , ngoại_trừ việc giao nhầm 1 áo mà mì...	Câu đối lập nhưng tất cả sentiment giống nhau (nguy cơ leakage)
9723	ứng_dụng lm ăn kiểu gì vậy giao hàng như không giao vậy đó c...	Câu đối lập nhưng tất cả sentiment giống nhau (nguy cơ leakage)
9724	Sau hơn 1 tháng trải nghiệm mới vào review đây mn ơi. Tầm gi...	Câu đối lập nhưng tất cả sentiment giống nhau (nguy cơ leakage)
9730	mua hàng trên nền_tảng này giá hợp_lí giao hàng nhanh nhưng ...	Câu đối lập nhưng tất cả sentiment giống nhau (nguy cơ leakage)
9747	cổ áo bị rách shop nên ktra kĩ trc khi giao , mình 40kg cao ...	Câu đối lập nhưng tất cả sentiment giống nhau (nguy cơ leakage)
9751	con này 2 tuần mình cũng chơi game hoặc xài nhìu lâu mà ko b...	Target 'ứng dụng' không tìm thấy trong text
9761	để 5 sao cho vui thôi cho ace đọc chứ ứng_dụng gì mà xem hàn...	Câu đối lập nhưng tất cả sentiment giống nhau (nguy cơ leakage)
9773	Mình mua đt này dùng nhưng tháng trc có cập nhật hệ điều hàn...	Câu đối lập nhưng tất cả sentiment giống nhau (nguy cơ leakage)
9792	_hàng bán giá rẻ mà chất luong from áo mặc vo đẹp lắm shop ....	Câu đối lập nhưng tất cả sentiment giống nhau (nguy cơ leakage)
9796	tiền nào của nấy mà ship lâu quá nên trừ 1 sao...	Câu đối lập nhưng tất cả sentiment giống nhau (nguy cơ leakage)
9799	Máy vi vo y19 chất lương trung bình so với tầm giá ,cài chữ ...	Câu đối lập nhưng tất cả sentiment giống nhau (nguy cơ leakage)
9800	đặt 41 mà shop giao bằng 43...	Câu đối lập nhưng tất cả sentiment giống nhau (nguy cơ leakage)
9818	Mới dùng được 10 ngày thấy ổn trong tầm giá. Chụp ảnh đẹp. C...	Câu đối lập nhưng tất cả sentiment giống nhau (nguy cơ leakage)
9821	dùng máy rất tốt, hệ điều hành mượt mà. camera đẹp chụp rất ...	Câu đối lập nhưng tất cả sentiment giống nhau (nguy cơ leakage)
9835	sàn nát cskh thì vô_trách_nhiệm chỉ biết copy văn_mẫu trả_lờ...	Câu đối lập nhưng tất cả sentiment giống nhau (nguy cơ leakage)
9864	mã voucher chx dùng lần nào s bảo dùng r muốn mua hàng mà mã...	Câu đối lập nhưng tất cả sentiment giống nhau (nguy cơ leakage)
9865	Pin 5000 mà cứ như 3000 tuộc nhanh số với dự kiến . Mới mua ...	Câu đối lập nhưng tất cả sentiment giống nhau (nguy cơ leakage)
9871	Vsmart à! Wifi chập chờn, cảm ứng hay đơ,cam thì tệ! Bảo hàn...	Câu đối lập nhưng tất cả sentiment giống nhau (nguy cơ leakage)
9873	shopee làm một đường nói một nẻo giao hàng trễ hẹn tặng 15 k...	Câu đối lập nhưng tất cả sentiment giống nhau (nguy cơ leakage)
9886	so với giá đó thì chất_lượng sản_phẩm đã quá ok , ngoài sự m...	Câu đối lập nhưng tất cả sentiment giống nhau (nguy cơ leakage)
9887	Nói về công nghệ  ứng dụng thì chẳng thua ai Mà quan trọng l...	Câu đối lập nhưng tất cả sentiment giống nhau (nguy cơ leakage)
9889	Mới mua hồi tối thấy chụp hình cũng đẹp nhưng bin mau hết . ...	Câu đối lập nhưng tất cả sentiment giống nhau (nguy cơ leakage)
9890	ứng_dụng lm ăn kiểu gì vậy giao hàng như không giao vậy đó c...	Câu đối lập nhưng tất cả sentiment giống nhau (nguy cơ leakage)
9895	nhìn_chung thì giá này là ok rồi nhưng không ưng cái khoá , ...	Câu đối lập nhưng tất cả sentiment giống nhau (nguy cơ leakage)
9907	giao màu đen ! ! ? ?...	Câu đối lập nhưng tất cả sentiment giống nhau (nguy cơ leakage)
9912	Mình mua máy mới mà pin chai hết 7% mình đo bằng ứng dụng an...	Câu đối lập nhưng tất cả sentiment giống nhau (nguy cơ leakage)
9927	app rất tệ cực_kỳ tệ cửa_hàng đã bảo_hủy đơn hàng nhưng 1 th...	Câu đối lập nhưng tất cả sentiment giống nhau (nguy cơ leakage)
9931	Vì công việc nên mới xài vị trí... đến lúc xài mất cả 1thoi ...	Câu đối lập nhưng tất cả sentiment giống nhau (nguy cơ leakage)
9950	shop ship nhầm màu nhưng cho ship lại đúng màu luôn mà mình ...	Câu đối lập nhưng tất cả sentiment giống nhau (nguy cơ leakage)
9958	Chất lượng kém so vs giá sp , pin 5000 mà tụt nhanh quá, cam...	Câu đối lập nhưng tất cả sentiment giống nhau (nguy cơ leakage)
9964	app ổn nhưng giá không quá tốt...	Câu đối lập nhưng tất cả sentiment giống nhau (nguy cơ leakage)
9969	Vì công việc nên mới xài vị trí ứng dụng tải về thì ít,, rất...	Câu đối lập nhưng tất cả sentiment giống nhau (nguy cơ leakage)
9976	bình_thường bông không dày lắm...	Target 'lóp' không tìm thấy trong text
9979	giao sai sản_phẩm nhưng không được chấp_nhận trả hàng có dấu...	Câu đối lập nhưng tất cả sentiment giống nhau (nguy cơ leakage)
9987	Mua máy từ ngày 22/12/2019 hư phần mềm máy không nhận nguồn ...	Câu đối lập nhưng tất cả sentiment giống nhau (nguy cơ leakage)
9989	Vừa hết bao hành đối mới 1 tháng thì máy không làm gì hết tấ...	Câu đối lập nhưng tất cả sentiment giống nhau (nguy cơ leakage)
9991	lúc trước mik đặt buổi tối nếu ở tp hcm là sáng_mai có rồi v...	Câu đối lập nhưng tất cả sentiment giống nhau (nguy cơ leakage)
9993	rách cực_kì lag...	Target 'app' không tìm thấy trong text
10001	Máy ngon. Giá rẻ. Cấu hình tốt. Pin ổn. Có cái màu không giố...	Câu đối lập nhưng tất cả sentiment giống nhau (nguy cơ leakage)
10010	Lần trước mình có dt iphon mua ở tgdd ko may cho mình vừa hế...	Câu đối lập nhưng tất cả sentiment giống nhau (nguy cơ leakage)
10016	ứng_dụng thì hay nhưng hàng đăng bán trên tiki giá đắt hơn r...	Câu đối lập nhưng tất cả sentiment giống nhau (nguy cơ leakage)
10026	đặt 1 màu giao 1 màu . chán thật...	Câu đối lập nhưng tất cả sentiment giống nhau (nguy cơ leakage)
10033	Mới mua được hơn 1 tháng màn hình bị lỗi có 1 chấm xanh trên...	Câu đối lập nhưng tất cả sentiment giống nhau (nguy cơ leakage)
10046	các cửa_hàng trong app kém chất_lượng giao hàng sai mà hiệu_...	Câu đối lập nhưng tất cả sentiment giống nhau (nguy cơ leakage)
10052	làm ơn bên kho dùm cái lấy hàng xong giao thùng không...	Target 'vận_chuyển' không tìm thấy trong text
10061	nhưng đổi lại chất_lượng âm_thanh tốt so với giá tiền...	Câu đối lập nhưng tất cả sentiment giống nhau (nguy cơ leakage)
10063	cho 3 sao vì đã đi đầu trong việc sử_dụng blockchain có toke...	Câu đối lập nhưng tất cả sentiment giống nhau (nguy cơ leakage)
10091	nhưng nhận được hàng rồi thì thấy ok lắm thấy có niềm tin và...	Câu đối lập nhưng tất cả sentiment giống nhau (nguy cơ leakage)
10098	Máy mượt, pin trâu nhưng khi phim hay chơi game hay lên mạng...	Target 'điện thoại' không tìm thấy trong text | Câu đối lập nhưng tất cả sentiment giống nhau (nguy cơ leakage)
10105	Lỗi pin, tụt % pin theo ngày chứ không phải lâu mới tụt. Lỗi...	Câu đối lập nhưng tất cả sentiment giống nhau (nguy cơ leakage)
10110	Máy vào mạng khá chậm. Pin 4000 mà nhanh tụt. Để qua đêm tắt...	Câu đối lập nhưng tất cả sentiment giống nhau (nguy cơ leakage)
10112	Em mới mua đc hơn tuần nhưng pin tụt rất là nhanh, tắt màn h...	Câu đối lập nhưng tất cả sentiment giống nhau (nguy cơ leakage)
10114	ứng_dụng gì mà cứ 4 5 đơn hàng là có một đơn bị thiếu hàng đ...	Câu đối lập nhưng tất cả sentiment giống nhau (nguy cơ leakage)
10119	thấy đang sale nên đặt_hàng r giao cho 1 đống rác cái app nh...	Câu đối lập nhưng tất cả sentiment giống nhau (nguy cơ leakage)
10142	Sefie màu da vàng khè. Nút ứng dụng mờ ko sắc nét. So với tầ...	Câu đối lập nhưng tất cả sentiment giống nhau (nguy cơ leakage)
10166	đặt một màu ghi một màu xanh nhưng lại giao 2 màu xanh...	Câu đối lập nhưng tất cả sentiment giống nhau (nguy cơ leakage)
10181	Vừa hết bao hành đối mới 1 tháng thì máy không làm gì hết tấ...	Câu đối lập nhưng tất cả sentiment giống nhau (nguy cơ leakage)
10186	chất vải đẹp , mát nhưng hơi dễ nhàu , hàng giao nhanh , màu...	Câu đối lập nhưng tất cả sentiment giống nhau (nguy cơ leakage)
10190	sử_dụng tiki từ ngày mới ra_mắt tới giờ nhưng_mà có_lẽ chỉ đ...	Câu đối lập nhưng tất cả sentiment giống nhau (nguy cơ leakage)
10197	sử_dụng tiki từ ngày mới ra_mắt tới giờ nhưng_mà có_lẽ chỉ đ...	Câu đối lập nhưng tất cả sentiment giống nhau (nguy cơ leakage)
10208	Máy mua chưa đc 30ngày bị nhiều lỗi ! Mau nóng máy,hay lag,t...	Câu đối lập nhưng tất cả sentiment giống nhau (nguy cơ leakage)
10209	Mua con này chip có 450 8 nhân thế thì bớt chút tiền mua con...	Câu đối lập nhưng tất cả sentiment giống nhau (nguy cơ leakage)
10230	app dễ tìm_kiếm sản_phẩm mà mình cần mua sẽ tiếp_tục ủng_hộ...	Câu đối lập nhưng tất cả sentiment giống nhau (nguy cơ leakage)
10262	app hay nhưng nhiều lúc có shipper thái_độ...	Câu đối lập nhưng tất cả sentiment giống nhau (nguy cơ leakage)
10265	shop wtf nhầm màu đặt màu nâu sữa giao màu vàng !...	Câu đối lập nhưng tất cả sentiment giống nhau (nguy cơ leakage)
10268	Đầu tiên về chất lượng phục vụ ở rất tốtnhưng nhân vô cùng n...	Target 'nhân viên' không tìm thấy trong text | Target 'tầm giá' không tìm thấy trong text | Câu đối lập nhưng tất cả sentiment giống nhau (nguy cơ leakage)
10280	giao sai màu , sai kích_cỡ , liên_hệ mấy ngày kêu mua lại rồ...	Câu đối lập nhưng tất cả sentiment giống nhau (nguy cơ leakage)
10283	Thề luôn. Sài bao nhiêu hãng samsung lần này thật sự thất vọ...	Câu đối lập nhưng tất cả sentiment giống nhau (nguy cơ leakage)
10319	tuy_nhiên shop nên kiểm_tra trước khi giao tránh trường_hợp ...	Target 'hàng' không tìm thấy trong text
10322	lúc trước mik đặt buổi tối nếu ở tp hcm là sáng_mai có rồi v...	Câu đối lập nhưng tất cả sentiment giống nhau (nguy cơ leakage)
10332	hình_ảnh thì free ship mà tiền ship tận 44 k hình_ảnh thì gi...	Câu đối lập nhưng tất cả sentiment giống nhau (nguy cơ leakage)
10339	trước_đây app dùng tốt mà chừng 1 tháng nay hễ vô giỏ hàng l...	Câu đối lập nhưng tất cả sentiment giống nhau (nguy cơ leakage)
10343	Nó hay nhảy màn hình, đơ máy cs khi đang xem phim tự tắt ra,...	Câu đối lập nhưng tất cả sentiment giống nhau (nguy cơ leakage)
10345	mình đã note là màu trắng_đen đỏ , shop lại giao màu kem đen...	Câu đối lập nhưng tất cả sentiment giống nhau (nguy cơ leakage)
10352	sử_dụng ứng_dụng mà gặp phải quảng_cáo của lazada là rất bực...	Câu đối lập nhưng tất cả sentiment giống nhau (nguy cơ leakage)
10353	shop giao nhầm màu đặt màu nâu sữa giao màu vàng !...	Câu đối lập nhưng tất cả sentiment giống nhau (nguy cơ leakage)
10361	Đã sử dụng máy máy mượt cam hơi ảo tí nhưng mình thấy đáng m...	Câu đối lập nhưng tất cả sentiment giống nhau (nguy cơ leakage)
10366	chất vải đẹp màu chon mà mà giao nhầm u be ma giao nhưng,u k...	Câu đối lập nhưng tất cả sentiment giống nhau (nguy cơ leakage)
10375	giá mua thì ok rùi nhưng giá ship hàng cao lắm mong lazada c...	Câu đối lập nhưng tất cả sentiment giống nhau (nguy cơ leakage)
10379	thật sự là tệ khi cập nhật mắc mềm mới. máy đơ vào face và z...	Target 'phần mềm' không tìm thấy trong text
10392	Sóng sánh kém lắm,giữa đất thị trấn mà chỉ đc 2-3 vạch. Wifi...	Câu đối lập nhưng tất cả sentiment giống nhau (nguy cơ leakage)
10394	app như lờ_shiper cục súc không giao mà lừa_dối giao rồi chỉ...	Câu đối lập nhưng tất cả sentiment giống nhau (nguy cơ leakage)
10395	mình gặp lỗi_mã giảm_giá không khả_dụng số tiền tự điều_chỉn...	Câu đối lập nhưng tất cả sentiment giống nhau (nguy cơ leakage)
10398	giao không đúng hàng thu thêm tiền mà không thông_báo với kh...	Câu đối lập nhưng tất cả sentiment giống nhau (nguy cơ leakage)
10401	không hề nhận được cuộc_gọi giao hàng từ shipper mà trên đơn...	Câu đối lập nhưng tất cả sentiment giống nhau (nguy cơ leakage)
10420	đặt_hàng giao cho ai đâu không , tui chưa hề nhận được mà bá...	Câu đối lập nhưng tất cả sentiment giống nhau (nguy cơ leakage)
10427	Huawei p30 lite mọi thứ đều tốt chỉ trừ camera, mình cảm thấ...	Câu đối lập nhưng tất cả sentiment giống nhau (nguy cơ leakage)
10446	giao sai màu , vải nóng...	Câu đối lập nhưng tất cả sentiment giống nhau (nguy cơ leakage)
10452	Cho hỏi máy vừa mua được 1 ngày từ 00 giờ đên 5 giờ sáng tắt...	Câu đối lập nhưng tất cả sentiment giống nhau (nguy cơ leakage)
10459	Sau hơn 1 tháng trải nghiệm mới vào review đây mn ơi. Tầm gi...	Câu đối lập nhưng tất cả sentiment giống nhau (nguy cơ leakage)
10464	Sản phẩm đẹp, sang trọng, chất lượng! Hệ điều hành iOS tuyệt...	Câu đối lập nhưng tất cả sentiment giống nhau (nguy cơ leakage)
10476	ủa giao thiếu hàng khiếu_nại xong không thèm hoàn tiền luôn ...	Câu đối lập nhưng tất cả sentiment giống nhau (nguy cơ leakage)
10483	Mình vừa mới mua sản phẩm này, nói chung cấu hình cao hơn so...	Câu đối lập nhưng tất cả sentiment giống nhau (nguy cơ leakage)
10484	Sau khi trải nghiệm sản phẩm mình thấy máy đáp ứng tốt những...	Câu đối lập nhưng tất cả sentiment giống nhau (nguy cơ leakage)
10501	Mới mua hôm nay Không chụp được n hình điện thoại Cảm biến v...	Target 'màn hình' không tìm thấy trong text | Câu đối lập nhưng tất cả sentiment giống nhau (nguy cơ leakage)
10520	gói hàng chắc_chắn và mềm nhanh...	Target 'giao' không tìm thấy trong text
10524	cho chọn 3 món bất_kỳ mua với giá 0 đ cho người mới mà cửa_h...	Câu đối lập nhưng tất cả sentiment giống nhau (nguy cơ leakage)
10534	không ưng cây_chổi này lắm nhưng với giá tiền vậy thì cũng c...	Câu đối lập nhưng tất cả sentiment giống nhau (nguy cơ leakage)
10535	một phần_mềm uy_tín hàng chất_lượng mà ít người dùng hơn sho...	Câu đối lập nhưng tất cả sentiment giống nhau (nguy cơ leakage)
10537	Cảm biến vân tay không nhạy ,nhận dạng khuôn mặt chậm như rù...	Câu đối lập nhưng tất cả sentiment giống nhau (nguy cơ leakage)
10548	Máy đẹp, ổn nhưng mà xài được hơn tuần thì bị văng mấy ứng d...	Câu đối lập nhưng tất cả sentiment giống nhau (nguy cơ leakage)
10552	đặt_hàng mà không giao còn lúc đặt_hàng áp_mã voucher vào th...	Câu đối lập nhưng tất cả sentiment giống nhau (nguy cơ leakage)
10596	sản_phẩm không có vấn_đề nhưng shipper cua shopee thô_lỗ với...	Câu đối lập nhưng tất cả sentiment giống nhau (nguy cơ leakage)
10602	Máy dùng tốt.có vài lỗi là cảm ứng tiệm cận thỉnh thoảng khô...	Câu đối lập nhưng tất cả sentiment giống nhau (nguy cơ leakage)
10621	, giá tốt , check được hidden tag nhưng mình không chụp được...	Câu đối lập nhưng tất cả sentiment giống nhau (nguy cơ leakage)
10624	shopee luôn giá tốt hơn sàn khác nhưng cũng_nên quan_tâm đến...	Câu đối lập nhưng tất cả sentiment giống nhau (nguy cơ leakage)
10628	Sao pin 5000 mà nó tuộc nhanh quá chơi liên quân từ 9h sáng ...	Câu đối lập nhưng tất cả sentiment giống nhau (nguy cơ leakage)
10639	chưa sử_dụng thử nhưng vẫn cho shop 5 vì đóng_gói rất chắc_c...	Câu đối lập nhưng tất cả sentiment giống nhau (nguy cơ leakage)
10641	xử_lý vđe không tốt thời giá_mà xử_lý chuyên_nghiệp như tikt...	Câu đối lập nhưng tất cả sentiment giống nhau (nguy cơ leakage)
