content,score,app_source,sentiment,language,review_text_clean,review_text_segmented
Rất đáng để tải,5,com.shopee.vn,positive,vi,rất đáng để tải,rất đáng để tải
Đặt hàng về tới kho gần nhà rồi mà không thấy đi giao. Khiếu nại thì nói chờ 24h từ ngày này qua ngày khác. Kêu nhân viên hỗ trợ thì kêu bận không rảnh tiếp khách hàng rồi cho con Ai shopee nhắn không giải quyết được vấn đề. Nói chung là app tệ hơn cả chữ tệ. Khắc phục giùm đi người ta đặt trả tiền mà cứ như cho không thích thì giao không thích thì để đó không thèm giao cho ngta.,1,com.shopee.vn,negative,vi,đặt hàng về tới kho gần nhà rồi mà không thấy đi giao khiếu nại thì nói chờ 24h từ ngày này qua ngày khác kêu nhân viên hỗ trợ thì kêu bận không rảnh tiếp khách hàng rồi cho con ai shopee nhắn không giải quyết được vấn đề nói chung là app tệ hơn cả chữ tệ khắc phục giùm đi người ta đặt trả tiền mà cứ như cho không thích thì giao không thích thì để đó không thèm giao cho ngta,đặt_hàng về tới kho gần nhà rồi mà không thấy đi giao khiếu_nại thì nói chờ 24 h từ ngày này qua_ngày khác kêu nhân_viên hỗ_trợ thì kêu bận không rảnh tiếp khách_hàng rồi cho con ai shopee nhắn không giải_quyết được vấn_đề nói_chung là app_tệ hơn cả chữ_tệ khắc_phục giùm đi người ta đặt trả tiền mà cứ như cho không thích thì giao không thích thì để đó không thèm giao cho ngta
"Trải nghiệm tệ đơn bị shop hủy và shopee giải quyết ko thoả đáng, cskh cũng không giải quyết được vấn đề mà còn bắt khách hàng đợi phản hồi lâu, đã cảm thông và không đánh giá kém cho nhân viên cskh nhưng hôm nay phải đánh giá lại vì trải nghiệm tệ cực",1,com.shopee.vn,negative,vi,trải nghiệm tệ đơn bị shop hủy và shopee giải quyết không thoả đáng cskh cũng không giải quyết được vấn đề mà còn bắt khách hàng đợi phản hồi lâu đã cảm thông và không đánh giá kém cho nhân viên cskh nhưng hôm nay phải đánh giá lại vì trải nghiệm tệ cực,trải_nghiệm tệ_đơn bị shop_hủy và shopee giải_quyết không thỏa đáng cskh cũng không giải_quyết được vấn_đề mà_còn bắt khách_hàng đợi phản_hồi lâu đã cảm_thông và không đánh_giá kém cho nhân_viên cskh nhưng hôm_nay phải đánh_giá lại vì trải_nghiệm tệ cực
tại sao tôi tải Shopee về để mua sắm mà lại ko đặt hàng uk tôi ko tại sao lại hiểu xứng đáng 1 sao,1,com.shopee.vn,negative,vi,tại sao tôi tải shopee về để mua sắm mà lại không đặt hàng uk tôi không tại sao lại hiểu xứng đáng 1 sao,tại_sao tôi tải shopee về để mua_sắm mà_lại không đặt_hàng uk tôi không tại_sao lại hiểu xứng_đáng 1 sao
tốt ạ,5,com.shopee.vn,positive,vi,tốt ạ,tốt ạ
hay,5,com.shopee.vn,positive,vi,hay,hay
sài ok không dung lượng nặng và ít quảng cáo.,5,com.shopee.vn,positive,vi,sài ok không dung lượng nặng và ít quảng cáo,sài ok không dung_lượng nặng và ít quảng_cáo
ok,5,com.shopee.vn,positive,vi,ok,ok
tuyệt vời,5,com.shopee.vn,positive,vi,tuyệt vời,tuyệt_vời
minh rat hài lòng với shopee,5,com.shopee.vn,positive,vi,minh rat hài lòng với shopee,minh rat hài_lòng với shopee
"riêng mình rất thích mua sắm trên shopee ! mọi thắc mắc ,đơn trả hàng rất nhanh chóng tiền hoàn về rất đúng ,rất uy tính ...",5,com.shopee.vn,positive,vi,riêng mình rất thích mua sắm trên shopee mọi thắc mắc đơn trả hàng rất nhanh chóng tiền hoàn về rất đúng rất uy tính,riêng mình rất thích mua_sắm trên shopee mọi thắc_mắc đơn trả hàng rất nhanh_chóng tiền hoàn về rất đúng rất uy_tính
"mình thấy giao lâu, đăng nhập cg k đc, app cứ tự đẩy ra th, cho cái voocher mà dùng k đc chả hiểu luôn",1,com.shopee.vn,negative,vi,mình thấy giao lâu đăng nhập cg không đc app cứ tự đẩy ra th cho cái voocher mà dùng không đc chả hiểu luôn,mình thấy giao lâu đăng_nhập cg không đc_app cứ tự đẩy ra th cho cái voocher mà dùng không đc chả hiểu luôn
tốt,5,com.shopee.vn,positive,vi,tốt,tốt
tự nhiên khoá tài khoản,1,com.shopee.vn,negative,vi,tự nhiên khoá tài khoản,tự_nhiên khóa tài_khoản
tốt hơn mỗi dịch vụ khác,5,com.shopee.vn,positive,vi,tốt hơn mỗi dịch vụ khác,tốt hơn mỗi dịch_vụ khác
"sdt, thông tin tôi cho đều đúng, hôm đầu gọi đc nhưng mấy hôm sau bảo ko gọi đc trong khi máy tôi ko có cuộc gọi nào, xong bị hủy đơn",1,com.shopee.vn,negative,vi,sdt thông tin tôi cho đều đúng hôm đầu gọi đc nhưng mấy hôm sau bảo không gọi đc trong khi máy tôi không có cuộc gọi nào xong bị hủy đơn,sdt thông_tin tôi cho đều đúng hôm đầu gọi đc nhưng mấy hôm sau bảo không gọi đc trong khi máy tôi không có cuộc_gọi nào xong bị hủy đơn
kém,1,com.shopee.vn,negative,vi,kém,kém
giao không đúng hẹn chả biết sao ngày nào luôn chịu,1,com.shopee.vn,negative,vi,giao không đúng hẹn chả biết sao ngày nào luôn chịu,giao không đúng hẹn chả biết sao ngày nào luôn chịu
Cập nhật ko được,1,com.shopee.vn,negative,vi,cập nhật không được,cập_nhật không được
app như l,1,com.shopee.vn,negative,vi,app như l,app như l
ok tốt,5,com.shopee.vn,positive,vi,ok tốt,ok tốt
càng ngày chất lượng càng tệ,1,com.shopee.vn,negative,vi,càng ngày chất lượng càng tệ,càng ngày chất_lượng càng tệ
hàng mua rẻ uy tín giao hàng nhanh,5,com.shopee.vn,positive,vi,hàng mua rẻ uy tín giao hàng nhanh,hàng mua rẻ uy_tín giao hàng nhanh
nhiều đơn hàng giá rẻ và miễn phí vận chuyển hãy cài đặt ngay để cùng săn nhiều đơn hàng giá rẻ nào,5,com.shopee.vn,positive,vi,nhiều đơn hàng giá rẻ và miễn phí vận chuyển hãy cài đặt ngay để cùng săn nhiều đơn hàng giá rẻ nào,nhiều đơn hàng giá rẻ và miễn_phí vận_chuyển hãy cài_đặt ngay để cùng săn nhiều đơn hàng giá rẻ nào
tạm ổn,1,com.shopee.vn,negative,vi,tạm ổn,tạm ổn
"mua hàng của shopee rất đa dạng, rẻ và yên tâm.",4,com.shopee.vn,positive,vi,mua hàng của shopee rất đa dạng rẻ và yên tâm,mua hàng của shopee rất đa_dạng rẻ và yên_tâm
tối ngày cứ quảng cáo mệt hết cả người,1,com.shopee.vn,negative,vi,tối ngày cứ quảng cáo mệt hết cả người,tối_ngày cứ quảng_cáo mệt hết cả người
oke good job,5,com.shopee.vn,positive,vi,oke good job,oke good job
"đơn hàng trong kv tphcm shop cũng ở kv tphcm, mà dự kiến trong 3 ngày giao,đợi 3 ngày rồi không thấy đâu, tao đâu có cần cái voucher 15k của tụi mày, cái tao cần là đúng hẹn đúng giờ, lấy voucher 15k của tụi mày để đốt ăn hay gì, tao hủy luôn 6 đơn còn lại, tao xoá app luôn",1,com.shopee.vn,negative,vi,đơn hàng trong kv tphcm shop cũng ở kv tphcm mà dự kiến trong 3 ngày giao đợi 3 ngày rồi không thấy đâu tao đâu có cần cái voucher 15k của tụi mày cái tao cần là đúng hẹn đúng giờ lấy voucher 15k của tụi mày để đốt ăn hay gì tao hủy luôn 6 đơn còn lại tao xoá app luôn,đơn hàng trong kv tphcm shop cũng ở kv tphcm mà dự_kiến trong 3 ngày giao đợi 3 ngày rồi không thấy đâu tao đâu có cần cái voucher 15 k của tụi mày cái tao cần là đúng hẹn đúng giờ lấy voucher 15 k của tụi mày để đốt ăn hay gì tao hủy luôn 6 đơn còn lại tao xóa app luôn
có giao hay không chứ đúng hẹn có là gì,1,com.shopee.vn,negative,vi,có giao hay không chứ đúng hẹn có là gì,có giao hay không chứ đúng hẹn có là gì
"giao hàng rất lâu, có đơn đặt trc 1 tuần tết mà sau tết mới giao, mã giảm giá shop tặng vì giao chậm ko dùng đc, sử dụng mấy số điện để đặt hàng thì cx ko dùng đc. Quá thất vọng",2,com.shopee.vn,negative,vi,giao hàng rất lâu có đơn đặt trc 1 tuần tết mà sau tết mới giao mã giảm giá shop tặng vì giao chậm không dùng đc sử dụng mấy số điện để đặt hàng thì cũng không dùng đc quá thất vọng,giao hàng rất lâu có đơn đặt trc 1 tuần tết mà sau tết mới giao_mã giảm_giá shop tặng vì giao chậm không dùng đc sử_dụng mấy số điện để đặt_hàng thì cũng không dùng đc quá thất_vọng
tôi rất thích dùng theo mẫu,5,com.shopee.vn,positive,vi,tôi rất thích dùng theo mẫu,tôi rất thích dùng theo mẫu
đã đánh giá nhưng ko thấy cho xu kkkkk,4,com.shopee.vn,positive,vi,đã đánh giá nhưng không thấy cho xu kkkkk,đã đánh_giá nhưng không thấy cho xu kkkkk
không tìm được điện thoại mini chỉ cho ba sao thôi chứ không phải cho 4 sao,4,com.shopee.vn,positive,vi,không tìm được điện thoại mini chỉ cho ba sao thôi chứ không phải cho 4 sao,không tìm được điện_thoại mini chỉ cho ba sao thôi chứ không phải cho 4 sao
Shopee rất tiện lợi.,5,com.shopee.vn,positive,vi,shopee rất tiện lợi,shopee rất tiện_lợi
sp ok tuy theo chủ xop,4,com.shopee.vn,positive,vi,sp ok tuy theo chủ xop,sp ok tuy theo chủ xop
ôk,4,com.shopee.vn,positive,vi,ôk,ôk
càng ngày ship càng chậm,3,com.shopee.vn,neutral,vi,càng ngày ship càng chậm,càng ngày ship càng chậm
chán luôn,1,com.shopee.vn,negative,vi,chán luôn,chán luôn
Tuyệt vời,5,com.shopee.vn,positive,vi,tuyệt vời,tuyệt_vời
"nhiều lúc bọn shipper tự ý trưa gọi nhận hàng đã cho đơn quay trả về, shipper nhiều lúc bố náo",5,com.shopee.vn,positive,vi,nhiều lúc bọn shipper tự ý trưa gọi nhận hàng đã cho đơn quay trả về shipper nhiều lúc bố náo,nhiều lúc bọn shipper tự_ý trưa gọi nhận hàng đã cho đơn quay trả về shipper nhiều lúc bố náo
mua nhanh giá rẻ,5,com.shopee.vn,positive,vi,mua nhanh giá rẻ,mua nhanh giá rẻ
Tôi cảm thấy xài rất là tốt nhưng mà có một cái tôi không hài lòng đó chính là tôi không làm gì mà bị shopee cấm nhận xu live hết tôi mong shopee có thể Bồi thường cho tôi 3000 xu :(,4,com.shopee.vn,positive,vi,tôi cảm thấy xài rất là tốt nhưng mà có một cái tôi không hài lòng đó chính là tôi không làm gì mà bị shopee cấm nhận xu live hết tôi mong shopee có thể bồi thường cho tôi 3000 xu,tôi cảm_thấy xài rất là tốt nhưng_mà có một cái tôi không hài_lòng đó chính là tôi không làm gì mà bị shopee cấm nhận xu_live hết tôi mong_shopee có_thể bồi_thường cho tôi 3000 xu
má cho vch người mới còn còn bị lỗi này lỗi kia nhất quyết k cho đặt mặc dù t tạo đúng 2 acc 2 sdt khác nhau,1,com.shopee.vn,negative,vi,má cho vch người mới còn còn bị lỗi này lỗi kia nhất quyết không cho đặt mặc dù t tạo đúng 2 tài khoản 2 sdt khác nhau,má cho vch người mới còn còn bị lỗi này lỗi kia nhất_quyết không cho đặt mặc_dù t tạo đúng 2 tài_khoản 2 sdt khác nhau
khóa bừa,1,com.shopee.vn,negative,vi,kho a bư a,kho a_bư a
ngày càng ra những chính sách vô lý. k tôn trọng lợi ích của khách hàng. RẤT TỆ,1,com.shopee.vn,negative,vi,ngày càng ra những chính sách vô lý không tôn trọng lợi ích của khách hàng rất tệ,ngày_càng ra những chính_sách vô_lý không tôn_trọng lợi_ích của khách_hàng rất tệ
s ẽ không . .,1,com.shopee.vn,negative,vi,s ẽ không,s ẽ không
đánh giá 5 sao,5,com.shopee.vn,positive,vi,đánh giá 5 sao,đánh_giá 5 sao
Ok.thêm một sao nữa là 06 nhé.thêm môt sao nữa là 07.,5,com.shopee.vn,positive,vi,ok thêm một sao nữa là 06 nhé thêm môt sao nữa là 07,ok thêm một sao nữa là 06 nhé thêm môt sao nữa là 07
giao hàng nhanh,5,com.shopee.vn,positive,vi,giao hàng nhanh,giao hàng nhanh
"không chịu giao hàng, đặt 10 đơn thì bị hủy hết 10 đơn không lý do, khiếu nại thì bảo giải quyết nhưng cũng không giải quyết, shipper thì chứng nào tật đó, giao hàng không điện, giao cho nhà người khác, bôn điện một cuộc là chết hay gì?",1,com.shopee.vn,negative,vi,không chịu giao hàng đặt 10 đơn thì bị hủy hết 10 đơn không lý do khiếu nại thì bảo giải quyết nhưng cũng không giải quyết shipper thì chứng nào tật đó giao hàng không điện giao cho nhà người khác bôn điện một cuộc là chết hay gì,không chịu giao hàng đặt 10 đơn thì bị hủy hết 10 đơn không lý_do khiếu_nại thì bảo giải_quyết nhưng cũng không giải_quyết shipper thì chứng nào_tật đó giao hàng_không điện giao cho nhà người khác bôn_điện một cuộc là chết hay gì
sao tìm kiếm shop mall mà ra toàn shop yêu thích ?,1,com.shopee.vn,negative,vi,sao tìm kiếm shop mall mà ra toàn shop yêu thích,sao tìm_kiếm shop mall mà ra toàn shop yêu thích
tôi đặt 2 đơn mà toàn tự hoàn trả hàng mà ko chịu giao cho tôi,2,com.shopee.vn,negative,vi,tôi đặt 2 đơn mà toàn tự hoàn trả hàng mà không chịu giao cho tôi,tôi đặt 2 đơn mà toàn tự hoàn_trả hàng mà không chịu giao cho tôi
rẻ hơn tiktok,5,com.shopee.vn,positive,vi,rẻ hơn tiktok,rẻ hơn tiktok
giao hàng chậm..không cập nhật đơn hàng,1,com.shopee.vn,negative,vi,giao hàng chậm không cập nhật đơn hàng,giao hàng chậm không cập_nhật đơn hàng
Good Shopee,5,com.shopee.vn,positive,vi,good shopee,good shopee
"Tệ,đvvc làm ăn như gì v cầm nhầm đơn t sáng kq khác trong khi mấy lần trước giao rất bth giờ thì cầm nhầm xong còn bảo t ghi địa chỉ sai nữa",1,com.shopee.vn,negative,vi,tệ đvvc làm ăn như gì v cầm nhầm đơn t sáng kq khác trong khi mấy lần trước giao rất bth giờ thì cầm nhầm xong còn bảo t ghi địa chỉ sai nữa,tệ đvvc làm_ăn như gì v cầm nhầm đơn t sáng kq khác trong khi mấy lần trước giao rất bth giờ thì cầm nhầm xong còn bảo t ghi địa_chỉ sai nữa
vui,5,com.shopee.vn,positive,vi,vui,vui
"phương thức hoàn hàng rút đi còn 2 cái, bắt phải liên kết với tknh nhưng đến lúc ngta liên kết thì báo lỗi liên tục không cho liên kết",1,com.shopee.vn,negative,vi,phương thức hoàn hàng rút đi còn 2 cái bắt phải liên kết với tknh nhưng đến lúc ngta liên kết thì báo lỗi liên tục không cho liên kết,phương_thức hoàn_hàng rút đi còn 2 cái bắt phải liên_kết với tknh nhưng đến lúc ngta liên_kết thì báo lỗi liên_tục không cho liên_kết
ĐVVC shoppe và người bán cấu kết nhau lừa tiền khách hàng . đặt đơn này giao thiếu mà tráo hàng khách nữa . giờ không hoàn tiền người bán gửi hàng trở về trong khi lỗi của bên đó . tui đặt chai tím chứ có đặt quà tặng mà không đúng đó đâu . làm ăn lừa đảo,1,com.shopee.vn,negative,vi,đvvc shoppe và người bán cấu kết nhau lừa tiền khách hàng đặt đơn này giao thiếu mà tráo hàng khách nữa giờ không hoàn tiền người bán gửi hàng trở về trong khi lỗi của bên đó tui đặt chai tím chứ có đặt quà tặng mà không đúng đó đâu làm ăn lừa đảo,đvvc shoppe và người bán cấu_kết nhau lừa tiền khách_hàng đặt đơn này giao thiếu mà tráo hàng khách nữa giờ không hoàn tiền người bán gửi hàng trở về trong khi lỗi của bên đó tui đặt chai tím chứ có đặt quà tặng mà không đúng đó đâu làm_ăn lừa_đảo
hàng chất lượng tốt bền đẹp,5,com.shopee.vn,positive,vi,hàng chất lượng tốt bền đẹp,hàng chất_lượng tốt bền đẹp
tự nhiên khóa nich và sdt,1,com.shopee.vn,negative,vi,tự nhiên khóa nich và sdt,tự_nhiên khóa_nich và sdt
"có nhiều cái hay , hay mở mấy đợt sale sốc á",5,com.shopee.vn,positive,vi,có nhiều cái hay hay mở mấy đợt sale sốc á,có nhiều cái hay hay mở mấy đợt sale sốc á
ok rất tốt,5,com.shopee.vn,positive,vi,ok rất tốt,ok rất tốt
sản phẩm chất lượng tốt như shop quảng cáo,5,com.shopee.vn,positive,vi,sản phẩm chất lượng tốt như shop quảng cáo,sản_phẩm chất_lượng tốt như shop quảng_cáo
tot,5,com.shopee.vn,positive,vi,tot,tot
quảng cáo cc,1,com.shopee.vn,negative,vi,quảng cáo cc,quảng_cáo cc
rất nhiều tiệm ích,5,com.shopee.vn,positive,vi,rất nhiều tiệm ích,rất nhiều tiệm_ích
"đang lướt phở bò hoặc tiktok, không làm gì, không đụng chạm tới app shoppe, mà nó cũng tự bật lên ứng dụng shoppe, gây khó chịu. app tự chạy ngầm 1,3gb ram ?? Chơi games cũng bị, giờ mỗi lần mua đồ trên shoppe xong lại phải xóa app, nào muốn mua thì tải lại rồi lại xóa ?? chứ còn cách nào nữa đâu app Shoppe gây khó chịu cho người dùng mong nhà phát triển xem xét điều chỉnh lại",1,com.shopee.vn,negative,vi,đang lươ t phở bò hoă c tiktok không la m gi không đụng chạm tới app shoppe mà nó cu người tự bâ t lên ư người du người shoppe gây kho chịu app tự chạy ngầm 1 3gb ram chơi games cu người bị giờ mỗi lần mua đồ trên shoppe xong lại phải xo a app nào muô n mua thì tải lại rô i lại xóa chứ co n ca ch nào nữa đâu app shoppe gây khó chịu cho ngươ i du người mong nha pha t triê n xem xe t điều chi nh lại,đang lươ t phở bò hoă c tiktok không la m gi không đụng_chạm tới app shoppe mà nó cu người tự bâ t lên ư người du_người shoppe gây kho chịu app tự chạy ngầm 1 3 gb ram chơi games cu người bị giờ mỗi lần mua đồ trên shoppe xong lại phải xo a_app nào muô n mua thì tải lại rô i lại xóa chứ co_n ca ch nào nữa đâu app_shoppe gây khó_chịu cho ngươ i_du người mong_nha pha t triê n xem xe t điều chi_nh lại
lâu cx đc mấy đơn 0₫ cx đc á,5,com.shopee.vn,positive,vi,lâu cũng đc mấy đơn 0 cũng đc á,lâu cũng đc mấy đơn 0 cũng đc á
shop này lừa đảo quá nói sỉ ba hộp cuối cùng có một hộp thôi cho một sao thôi,1,com.shopee.vn,negative,vi,shop này lừa đảo quá nói sỉ ba hộp cuối cùng có một hộp thôi cho một sao thôi,shop này lừa_đảo quá nói sỉ ba hộp cuối_cùng có một hộp thôi cho một sao thôi
giá rât re và thât tuyet voi nhung mua nhieu thi lai tang gia thui và đa lay hang rui ma con bi huy nua,5,com.shopee.vn,positive,vi,giá rât re và thât tuyet voi nhung mua nhieu thi lai tang gia thui và đa lay hang rui ma con bi huy nua,giá rât re và thât tuyet voi nhung mua nhieu thi lai_tang gia_thui và đa_lay hang rui ma con bi_huy_nua
ứng dụng tiện lợi tốt,5,com.shopee.vn,positive,vi,ứng dụng tiện lợi tốt,ứng_dụng tiện_lợi tốt
quảng cáo quá nhiều,3,com.shopee.vn,neutral,vi,quảng cáo quá nhiều,quảng_cáo quá nhiều
sử dụng sdt vẫn thế mà bảo rằng không thể vào được là sao vậy??,1,com.shopee.vn,negative,vi,sử dụng sdt vẫn thế mà bảo rằng không thể vào được là sao vậy,sử_dụng sdt vẫn thế_mà bảo rằng không_thể vào được là sao vậy
nhìn rất xinh,5,com.shopee.vn,positive,vi,nhìn rất xinh,nhìn rất xinh
"nó giúp tôi mua đồ,có vocher và rẻ hơn bên ngoài",5,com.shopee.vn,positive,vi,nó giúp tôi mua đồ có vocher và rẻ hơn bên ngoài,nó giúp tôi mua đồ có vocher và rẻ hơn bên ngoài
Mua hàng ở tin áp cũng được,4,com.shopee.vn,positive,vi,mua hàng ở tin áp cũng được,mua hàng ở tin_áp cũng được
mua hàng online ngon,5,com.shopee.vn,positive,vi,mua hàng online ngon,mua hàng online ngon
có những lúc bị lag và đơ,4,com.shopee.vn,positive,vi,có những lúc bị lag và đơ,có những lúc bị lag và đơ
giáo hàng nhanh rẻ,5,com.shopee.vn,positive,vi,giáo hàng nhanh rẻ,giáo hàng nhanh rẻ
rất tốt,5,com.shopee.vn,positive,vi,rất tốt,rất tốt
5 sao,5,com.shopee.vn,positive,vi,5 sao,5 sao
giá rẻ. mua trả thuận tiện,5,com.shopee.vn,positive,vi,giá rẻ mua trả thuận tiện,giá rẻ mua trả thuận_tiện
cũng được,3,com.shopee.vn,neutral,vi,cũng được,cũng được
shoppe luôn luôn tốt,5,com.shopee.vn,positive,vi,shoppe luôn luôn tốt,shoppe luôn_luôn tốt
Shopee hiện nay làm việc chỉnh chu và rất nghiêm túc cho nên cách phục vụ tốt lên nhiều . Rất hài lòng với trang TMĐT của shopee . Chúc cho SHOPEE luôn cải thiện và ngày càng phát triển mạnh . Rât cám ơn .,5,com.shopee.vn,positive,vi,shopee hiện nay làm việc chỉnh chu và rất nghiêm túc cho nên cách phục vụ tốt lên nhiều rất hài lòng với trang tmđt của shopee chúc cho shopee luôn cải thiện và ngày càng phát triển mạnh rât cám ơn,shopee hiện_nay làm_việc chỉnh_chu và rất nghiêm_túc cho_nên cách phục_vụ tốt lên nhiều rất hài_lòng với trang_tmđt của shopee_chúc cho shopee luôn cải_thiện và ngày_càng phát_triển mạnh rât cám_ơn
"ok , giao hơi lâu , nhưng uy tín đấy 🙂‍↔️",5,com.shopee.vn,positive,vi,ok giao hơi lâu nhưng uy tín đấy,ok giao_hơi lâu nhưng uy_tín đấy
"yêu cầu trả hàng, shipper thì không vào lấy hàng, yêu cầu 2 lần cũng như không, khiếu nại với nhận viên thì cũng chả được tích sự gì. đúng là bọn phế vật, ra tính năng trả hàng chắc chỉ để chưng với ngầu, tăng uy tín ngu. đúng là bọn bịp",1,com.shopee.vn,negative,vi,yêu cầu trả hàng shipper thì không vào lấy hàng yêu cầu 2 lần cũng như không khiếu nại với nhận viên thì cũng chả được tích sự gì đúng là bọn phế vật ra tính năng trả hàng chắc chỉ để chưng với ngầu tăng uy tín ngu đúng là bọn bịp,yêu_cầu trả hàng shipper thì không vào lấy hàng yêu_cầu 2 lần cũng như không khiếu_nại với nhận_viên thì cũng chả được tích_sự gì đúng là bọn phế_vật ra tính_năng trả hàng chắc chỉ để chưng với ngầu tăng uy_tín_ngu đúng là bọn bịp
OK,5,com.shopee.vn,positive,vi,ok,ok
"app thân thiện với người dùng, cần quy định các nhà bán hàng phải đăng đúng sản phẩm, nhiều gian hàng đang QC gây hiểu lằm và sai sản phẩm. cần khóa gian hàng người bán hàng lừa đảo.",4,com.shopee.vn,positive,vi,app thân thiện với người dùng cần quy định các nhà bán hàng phải đăng đúng sản phẩm nhiều gian hàng đang qc gây hiểu lằm và sai sản phẩm cần khóa gian hàng người bán hàng lừa đảo,app thân_thiện với người dùng cần quy_định các nhà bán hàng phải đăng đúng sản_phẩm nhiều gian_hàng đang qc gây hiểu lằm và sai sản_phẩm cần khóa gian_hàng người bán hàng lừa_đảo
thông báo mất dạy,1,com.shopee.vn,negative,vi,thông báo mất dạy,thông_báo mất dạy
app toàn bán điêu,1,com.shopee.vn,negative,vi,app toàn bán điêu,app toàn bán điêu
Giao hàng quá kém bắt khách hàng đợi lâu hơn dự kiến mấy ngày vẫn hẹn . hẹn ngày hẹn lượt. không có uy tính. hẹn tới hẹn lui chẳng thấy hàng đâu.,1,com.shopee.vn,negative,vi,giao hàng quá kém bắt khách hàng đợi lâu hơn dự kiến mấy ngày vẫn hẹn hẹn ngày hẹn lượt không có uy tính hẹn tới hẹn lui chẳng thấy hàng đâu,giao hàng quá kém bắt khách_hàng đợi lâu hơn dự_kiến mấy ngày vẫn hẹn hẹn ngày hẹn lượt không có uy_tính hẹn tới hẹn_lui chẳng thấy hàng đâu
"khá là ok, giảm giá quá ngon",5,com.shopee.vn,positive,vi,khá là ok giảm giá quá ngon,khá là ok giảm_giá quá ngon
tệ,1,com.shopee.vn,negative,vi,tệ,tệ
đơn về kho mấy hôm mà không thấy giao,1,com.shopee.vn,negative,vi,đơn về kho mấy hôm mà không thấy giao,đơn về kho mấy hôm mà không thấy giao
tôi thấy khá OK vận chuyển hơi lâu nhưng với nông thôn thì không có gì đòi hỏi. nói chung vậy khá hài lòng rồi,4,com.shopee.vn,positive,vi,tôi thấy khá ok vận chuyển hơi lâu nhưng với nông thôn thì không có gì đòi hỏi nói chung vậy khá hài lòng rồi,tôi thấy khá ok vận_chuyển hơi lâu nhưng với nông_thôn thì không có gì đòi_hỏi nói_chung vậy khá hài_lòng rồi
Mua hàng đổi trả được không mất phí ship,5,com.shopee.vn,positive,vi,mua hàng đổi trả được không mất phí ship,mua hàng đổi trả được không mất phí ship
ưu,3,com.shopee.vn,neutral,vi,ưu,ưu
ít voucher 0đ,5,com.shopee.vn,positive,vi,ít voucher 0đ,ít voucher 0 đ
trả tiền cho shipper shipper không đưa hàng,1,com.shopee.vn,negative,vi,trả tiền cho shipper shipper không đưa hàng,trả tiền cho shipper shipper không đưa hàng
☆☆☆☆☆,5,com.shopee.vn,positive,vi,,
mua dễ dàng,5,com.shopee.vn,positive,vi,mua dễ dàng,mua dễ_dàng
hơn 5 sao,5,com.shopee.vn,positive,vi,hơn 5 sao,hơn 5 sao
"Hiện tại Shopee thay đổi chính sách, Khi hoàn hàng, Shopee không có hình thức đến lấy hàng tại nhà, mà chỉ có MANG ĐẾN BƯU CỤC, và TỰ SẮP XẾP, cho dù đơn đó hàng có lỗi hay không. Như vậy Shopee đang ""ép"" người dùng không cho trả hàng. Sẽ chuyển sang Tiktok mua hàng",1,com.shopee.vn,negative,vi,hiện tại shopee thay đổi chính sách khi hoàn hàng shopee không có hình thức đến lấy hàng tại nhà mà chỉ có mang đến bưu cục và tự sắp xếp cho dù đơn đó hàng có lỗi hay không như vậy shopee đang ép người dùng không cho trả hàng sẽ chuyển sang tiktok mua hàng,hiện_tại shopee thay_đổi chính_sách khi hoàn_hàng shopee không có hình_thức đến lấy hàng tại nhà mà chỉ có mang đến bưu_cục và tự sắp_xếp cho_dù đơn đó hàng có lỗi hay không như_vậy shopee đang ép người dùng không cho trả hàng sẽ chuyển sang tiktok mua hàng
tiện dụng,5,com.shopee.vn,positive,vi,tiện dụng,tiện_dụng
cũng cũng đôi khi hàng ko tới như đã hẹn nhưng vẫn tốt hơn ko tới và hàng đôi khi ko như trong hình ảnh nhưng tạm chấp nhận đc,3,com.shopee.vn,neutral,vi,cũng cũng đôi khi hàng không tới như đã hẹn nhưng vẫn tốt hơn không tới và hàng đôi khi không như trong hình ảnh nhưng tạm chấp nhận đc,cũng cũng đôi_khi hàng_không tới như đã hẹn nhưng vẫn tốt hơn không tới và hàng đôi_khi không như trong hình_ảnh nhưng tạm chấp_nhận đc
"Ngâm đơn hàng rất rất lâu, có hối cũng không giải quyết cho khách hàng",1,com.shopee.vn,negative,vi,ngâm đơn hàng rất rất lâu có hối cũng không giải quyết cho khách hàng,ngâm đơn hàng rất rất lâu có hối cũng không giải_quyết cho khách_hàng
"nhanh, tiện lợi, cơ bản gì cũng có đầy đủ theo nhu cầu",5,com.shopee.vn,positive,vi,nhanh tiện lợi cơ bản gì cũng có đầy đủ theo nhu cầu,nhanh tiện_lợi cơ_bản gì cũng có đầy_đủ theo nhu_cầu
"đặt hàng mà chỉ thấy hàng hoàn về người gửi. mấy đơn liền rồi.ngày giao hàng thì ko chính xác.tự ý hủy đơn của người mua luôn.lần đầu mua đc giảm 80k mà ko thấy giao,hoàn về người gửi phí mấy quyền lợi lần đầu mua luôn.",1,com.shopee.vn,negative,vi,đặt hàng mà chỉ thấy hàng hoàn về người gửi mấy đơn liền rồi ngày giao hàng thì không chính xác tự ý hủy đơn của người mua luôn lần đầu mua đc giảm 80k mà không thấy giao hoàn về người gửi phí mấy quyền lợi lần đầu mua luôn,đặt_hàng mà chỉ thấy hàng hoàn về người gửi mấy đơn liền rồi ngày giao hàng thì không chính_xác tự_ý hủy_đơn của người mua luôn lần đầu mua đc giảm 80 k mà không thấy giao_hoàn về người gửi phí mấy quyền_lợi lần đầu mua luôn
Rất tiện lợi,5,com.shopee.vn,positive,vi,rất tiện lợi,rất tiện_lợi
không cho dùng voucher,1,com.shopee.vn,negative,vi,không cho dùng voucher,không cho dùng voucher
"đvvc spx để đơn tại kho quá lâu, không tiến hành giao cho khách, bị quá nhiều lần",1,com.shopee.vn,negative,vi,đvvc spx để đơn tại kho quá lâu không tiến hành giao cho khách bị quá nhiều lần,đvvc spx để đơn tại kho quá lâu không tiến_hành giao cho khách bị quá nhiều lần
"ngồi đợi 2 đơn mãi không thấy giao, vào xem thông báo thì thấy bị hủy, hỏi thì toàn trả lời đại khái ""giao không thành công nên hủy"". 1 đơn không nói, này 2 đơn.",1,com.shopee.vn,negative,vi,ngồi đợi 2 đơn mãi không thấy giao vào xem thông báo thì thấy bị hủy hỏi thì toàn trả lời đại khái giao không thành công nên hủy 1 đơn không nói này 2 đơn,ngồi đợi 2 đơn mãi không thấy giao vào xem thông_báo thì thấy bị hủy hỏi thì toàn trả_lời đại_khái giao không thành_công nên hủy 1 đơn không nói này 2 đơn
nhiều đồ chơi đẹp,5,com.shopee.vn,positive,vi,nhiều đồ chơi đẹp,nhiều đồ_chơi đẹp
"đơn hàng tự hủy dù là lỗi shipper 😡😡😡😡👏😡😡😡, có gọi nhưng lại nói là nhờ tôi đi tới chổ ổng đang giao vì ko bt đường , đi ko đc nói mai giao thì cúp máy rồi hủy hàng tôi . Riết ko bt shipper hay ông nội ng ta nữa . Báo cáo app thì ko trả lại hàng tôi đc , hàng đã đợi mà ko giao , uổng công mua 😡😡😡😡😡 . App🫷🫷🫷🫷🫷🫷tệ , chê . Shipper tệ x10",1,com.shopee.vn,negative,vi,đơn hàng tự hủy dù là lỗi shipper có gọi nhưng lại nói là nhờ tôi đi tới chổ ổng đang giao vì không bt đường đi không đc nói mai giao thì cúp máy rồi hủy hàng tôi riết không bt shipper hay ông nội người ta nữa báo cáo app thì không trả lại hàng tôi đc hàng đã đợi mà không giao uổng công mua app tệ chê shipper tệ x10,đơn hàng tự hủy dù là lỗi shipper có gọi nhưng lại nói là nhờ tôi đi tới chổ ổng đang giao vì không bt đường đi không đc nói mai giao thì cúp máy rồi hủy hàng tôi riết không bt shipper hay ông nội người ta nữa báo_cáo app thì không trả lại hàng tôi đc hàng đã đợi mà không giao_uổng công mua app_tệ chê shipper_tệ x10
ok.okokokok,5,com.shopee.vn,positive,vi,ok okokokok,ok okokokok
xóa quảng cáo,1,com.shopee.vn,negative,vi,xóa quảng cáo,xóa quảng_cáo
ko thấy đánh giá shopeer chưa kể đơn sao mà toàn mùi nc đái ấy phiền chỗ của ghệ hơn nhà quan chết chủ,1,com.shopee.vn,negative,vi,không thấy đánh giá shopeer chưa kể đơn sao mà toàn mùi nc đái ấy phiền chỗ của ghệ hơn nhà quan chết chủ,không thấy đánh_giá shopeer chưa kể đơn_sao mà toàn mùi nc_đái ấy phiền_chỗ của ghệ hơn nhà_quan chết chủ
ứng dụng để biết tín nhắn cũng rất hay hơn mỗi ngày qua các xếp hình chúc Tết góp mặc để thật sự hay hơn để biết đến hong để phiền não đàm tiếu ngạo mạn mắt tình cảm quý mến khàch hàng khó nghe thấy vậy nhé.🤩😍😍😊🤨. bớt nhậu nhẹt bia rượu .,2,com.shopee.vn,negative,vi,ứng dụng để biết tín nhắn cũng rất hay hơn mỗi ngày qua các xếp hình chúc tết góp mặc để thật sự hay hơn để biết đến hong để phiền não đàm tiếu ngạo mạn mắt tình cảm quý mến khàch hàng khó nghe thấy vậy nhé bớt nhậu nhẹt bia rượu,ứng_dụng để biết tín_nhắn cũng rất hay hơn mỗi ngày qua các xếp_hình chúc tết góp_mặc để thật_sự hay hơn để biết đến hong để phiền_não đàm_tiếu ngạo_mạn mắt tình_cảm quý_mến khàch hàng khó nghe thấy vậy nhé bớt nhậu_nhẹt bia rượu
đồ trên Shopee rẻ còn giao hàng tận nhà,5,com.shopee.vn,positive,vi,đồ trên shopee rẻ còn giao hàng tận nhà,đồ trên shopee rẻ còn giao hàng tận nhà
Shoppee vô đối,5,com.shopee.vn,positive,vi,shoppee vô đối,shoppee vô_đối
"Đầu voi đuôi chuột,lừa dối khách hàng, đáng giá 1/2 sao 👇👇mọi người hãy tẩy chay",1,com.shopee.vn,negative,vi,đầu voi đuôi chuột lừa dối khách hàng đáng giá 1 2 sao mọi người hãy tẩy chay,đầu voi đuôi chuột lừa_dối khách_hàng đáng_giá 1 2 sao mọi người hãy tẩy_chay
Trải nghiệm mua hàng cực kì tệ hại sàn k bảo vệ quyền lợi người mua yêu cầu hoàn hàng rắc rối bắt bẻ gây khó khăn. Không hỗ trợ khách hàng khi sản phẩm bị lỗi không sử dụng được. Shop bênh vực người bán bất chấp dù mua ở shope mail nhưng vẫn nhận dc hàng giả hàng nhái khi yêu cầu hoàn hàng thì lại bị hủy khiếu nại. Thái độ của nhân viên CSKH rất trịch thượng yêu cầu shop xem xét lại. H nên mua qua tiktok shop ít nhất quyền lợi người mua được đảm bảo,1,com.shopee.vn,negative,vi,trải nghiệm mua hàng cực kì tệ hại sàn không bảo vệ quyền lợi người mua yêu cầu hoàn hàng rắc rối bắt bẻ gây khó khăn không hỗ trợ khách hàng khi sản phẩm bị lỗi không sử dụng được shop bênh vực người bán bất chấp dù mua ở shope mail nhưng vẫn nhận được hàng giả hàng nhái khi yêu cầu hoàn hàng thì lại bị hủy khiếu nại thái độ của nhân viên cskh rất trịch thượng yêu cầu shop xem xét lại h nên mua qua tiktok shop ít nhất quyền lợi người mua được đảm bảo,trải_nghiệm mua hàng cực_kì tệ_hại sàn không bảo_vệ quyền_lợi người mua yêu_cầu hoàn_hàng rắc_rối bắt_bẻ gây khó_khăn không hỗ_trợ khách_hàng khi sản_phẩm bị lỗi không sử_dụng được shop bênh_vực người bán bất_chấp dù mua ở shope_mail nhưng vẫn nhận được hàng giả hàng nhái khi yêu_cầu hoàn_hàng thì lại bị hủy khiếu_nại thái_độ của nhân_viên cskh rất trịch_thượng yêu_cầu shop xem_xét lại h nên mua qua tiktok_shop ít_nhất quyền_lợi người mua được đảm_bảo
"cho khách hàng mã giảm mà dùng thì k cho dùng,xg bỏ mã giảm lẫn free ship vẫn k cho đặt ,xóa ứng dụng lun đi",1,com.shopee.vn,negative,vi,cho khách hàng mã giảm mà dùng thì không cho dùng xg bỏ mã giảm lẫn free ship vẫn không cho đặt xóa ứng dụng lun đi,cho khách_hàng mã giảm mà dùng thì không cho dùng xg bỏ_mã giảm lẫn free ship vẫn không cho đặt xóa ứng_dụng lun đi
"làm cái gì cũng pop up ở đâu cũng pop up, pop up nhiều lỗi luôn app game đang chơi cay vc, chẳng lẽ gỡ luôn cái app",1,com.shopee.vn,negative,vi,làm cái gì cũng pop up ở đâu cũng pop up pop up nhiều lỗi luôn app game đang chơi cay vc chẳng lẽ gỡ luôn cái app,làm cái gì cũng pop up ở đâu cũng pop up pop up nhiều lỗi luôn app_game đang chơi cay_vc chẳng_lẽ gỡ luôn cái app
hàng hóa thì ko nói j nhưng quảng cáo thì vừa phải thôi chứ để cái nút ấn bộ thiếu ng truy cập lắm hay gì mà kì v spam liên tục mà ấn thì kbh vô chán lắm r đấy ?????????,1,com.shopee.vn,negative,vi,hàng hóa thì không nói j nhưng quảng cáo thì vừa phải thôi chứ để cái nút ấn bộ thiếu người truy cập lắm hay gì mà kì v spam liên tục mà ấn thì kbh vô chán lắm rồi đấy,hàng hóa thì không nói j nhưng quảng_cáo thì vừa_phải thôi chứ để cái nút ấn_bộ thiếu người truy_cập lắm hay gì mà kì v spam liên_tục mà ấn thì kbh vô_chán lắm rồi đấy
"chính sách 15 ngày đổi chả hoàn hàng shopee, chỉ là cái nói rối, tôi mua hàng không cho đồng kiểm bắt thanh toán mới được kiểm tra hàng và chất lượng hàng, tôi kiểm tra hàng xong thấy chất lượng hàng quá kém lỏng lẻo, tôi đã yêu cầu chả hàng ngay hôm đó, giờ lấy được tiền tôi rồi ko cho chả hàng lỗi hàng kém chất lượng, , bên bán chỉ bọc 2 miếng bìa cát tông, shopee từ chối chả hàng với lý do, phải còn nguyên seal nguyên kiện, không cho tôi kiểm tra thì mua về để đó không được đụng vào hả,",1,com.shopee.vn,negative,vi,chính sách 15 ngày đổi chả hoàn hàng shopee chỉ là cái nói rối tôi mua hàng không cho đồng kiểm bắt thanh toán mới được kiểm tra hàng và chất lượng hàng tôi kiểm tra hàng xong thấy chất lượng hàng quá kém lỏng lẻo tôi đã yêu cầu chả hàng ngay hôm đó giờ lấy được tiền tôi rồi không cho chả hàng lỗi hàng kém chất lượng bên bán chỉ bọc 2 miếng bìa cát tông shopee từ chối chả hàng với lý do phải còn nguyên seal nguyên kiện không cho tôi kiểm tra thì mua về để đó không được đụng vào hả,chính_sách 15 ngày đổi chả hoàn hàng shopee chỉ là cái nói_rối tôi mua hàng_không cho đồng kiểm_bắt thanh_toán mới được kiểm_tra hàng và chất_lượng hàng tôi kiểm_tra hàng xong thấy chất_lượng hàng quá kém lỏng_lẻo tôi đã yêu_cầu chả hàng ngay hôm đó giờ lấy được tiền tôi rồi không cho chả hàng lỗi hàng kém chất_lượng bên bán chỉ bọc 2 miếng bìa cát tông_shopee từ_chối chả hàng với lý_do phải còn nguyên seal nguyên_kiện không cho tôi kiểm_tra thì mua về để đó không được đụng vào hả
"giao hàng lâu phải ấn hỗ trợ mới bắt đầu giao , không bằng bên tiktok hàng về từ sáng là giao luôn, app giao hàng đời đầu mà kém quá",1,com.shopee.vn,negative,vi,giao hàng lâu phải ấn hỗ trợ mới bắt đầu giao không bằng bên tiktok hàng về từ sáng là giao luôn app giao hàng đời đầu mà kém quá,giao hàng lâu phải ấn hỗ_trợ mới bắt_đầu giao không bằng bên tiktok hàng về từ sáng là giao luôn app giao hàng đời đầu mà kém quá
app rất tốt!,1,com.shopee.vn,negative,vi,app rất tốt,app rất tốt
rất uy tín,5,com.shopee.vn,positive,vi,rất uy tín,rất uy_tín
"shiper làm ăn chán, lấy hàng thì không lấy, giao thì chậm trễ. Shop đã đóng hàng để đợi ship lấy mà không tới lấy đã đành còn dám để lý do shop không giao hàng cho shiper. Làm mấy ngày như vậy dẫn đến đơn bị hủy làm trễ nãi công việc. Bên xxx giao nhanh mà shiper còn tốt hơn. Rất là chán",1,com.shopee.vn,negative,vi,shiper làm ăn chán lấy hàng thì không lấy giao thì chậm trễ shop đã đóng hàng để đợi ship lấy mà không tới lấy đã đành còn dám để lý do shop không giao hàng cho shiper làm mấy ngày như vậy dẫn đến đơn bị hủy làm trễ nãi công việc bên xxx giao nhanh mà shiper còn tốt hơn rất là chán,shiper làm_ăn chán lấy hàng thì không lấy giao thì chậm_trễ shop đã đóng hàng để đợi ship lấy mà không tới lấy đã_đành còn dám để lý_do shop không giao hàng cho shiper làm mấy ngày như_vậy dẫn đến đơn bị hủy làm trễ nãi công_việc bên xxx giao nhanh mà shiper còn tốt hơn rất là chán
phải tải đi mới,5,com.shopee.vn,positive,vi,phải tải đi mới,phải tải đi mới
mẹ gắn link gắp tg intenet m sập mẹ đi,1,com.shopee.vn,negative,vi,mẹ gắn link gắp tg intenet m sập mẹ đi,mẹ gắn link gắp tg intenet m sập mẹ đi
Quảng cáo trên các nền tảng khác quá nhiều khiến người dùng rất phiền.Tại hiệu ứng dấu X giả để lừa người dùng ấn vào và chuyển thẳng vào ứng dụng RẤT PHIỀN TOÁI.Hi vọng xem lại.Đánh giá 1 sao nhiều lên!,1,com.shopee.vn,negative,vi,quảng cáo trên các nền tảng khác quá nhiều khiến người dùng rất phiền tại hiệu ứng dấu x giả để lừa người dùng ấn vào và chuyển thẳng vào ứng dụng rất phiền toái hi vọng xem lại đánh giá 1 sao nhiều lên,quảng_cáo trên các nền_tảng khác quá nhiều khiến người dùng rất phiền tại hiệu_ứng dấu x giả để lừa người dùng ấn vào và chuyển thẳng vào ứng_dụng rất phiền_toái hi_vọng xem_lại đánh_giá 1 sao nhiều lên
app mua sắm mà t tin tưởng nhất🥰🥰,5,com.shopee.vn,positive,vi,app mua sắm mà t tin tưởng nhất,app mua_sắm mà t tin_tưởng nhất
mua sắm Shopee nhanh chóng và tiện lợi hơn. rất nhiều sản phẩm tùy chọn rất thích 👍,5,com.shopee.vn,positive,vi,mua sắm shopee nhanh chóng và tiện lợi hơn rất nhiều sản phẩm tùy chọn rất thích,mua_sắm shopee nhanh_chóng và tiện_lợi hơn rất nhiều sản_phẩm tùy chọn rất thích
đơn hàng nó bảo 4 ngày mà vào app thì nó 6 ngày đặt đơn hàng chán không thèm nói,1,com.shopee.vn,negative,vi,đơn hàng nó bảo 4 ngày mà vào app thì nó 6 ngày đặt đơn hàng chán không thèm nói,đơn hàng nó bảo 4 ngày mà vào app thì nó 6 ngày đặt đơn hàng chán không thèm nói
"quảng cáo quài, tải r mà cứ lằn nhằn",1,com.shopee.vn,negative,vi,quảng cáo quài tải rồi mà cứ lằn nhằn,quảng_cáo quài_tải rồi mà cứ lằn_nhằn
hàng hoá đa dạng sản phẩm giá cả hợp lý hổ trợ khách hàng OK,5,com.shopee.vn,positive,vi,hàng hoá đa dạng sản phẩm giá cả hợp lý hổ trợ khách hàng ok,hàng hóa đa_dạng sản_phẩm giá_cả hợp_lý hổ_trợ khách_hàng ok
bố m xin phép đánh giá 1s con app rác rưởi này mới thử đặt đồ trên app mà đăng kí 2 số mà khoá tận 2 số luôn thề quả app rác rưởi nhất mà bố từng cài xin phép gỡ 1 lần và mãi mãi,1,com.shopee.vn,negative,vi,bố m xin phép đánh giá 1s con app rác rưởi này mới thử đặt đồ trên app mà đăng kí 2 số mà khoá tận 2 số luôn thề quả app rác rưởi nhất mà bố từng cài xin phép gỡ 1 lần và mãi mãi,bố m xin phép đánh_giá 1 s con app rác_rưởi này mới thử đặt đồ trên app mà đăng_kí 2 số mà khóa tận 2 số luôn thề quả app rác_rưởi nhất mà bố từng cài xin phép gỡ 1 lần và mãi_mãi
ok đếy nhưng nhiều lúc vô web gg mà thấy qc shopee cái là tự động mở luôn app hơi bực mik,4,com.shopee.vn,positive,vi,ok đếy nhưng nhiều lúc vô web gg mà thấy qc shopee cái là tự động mở luôn app hơi bực mik,ok đếy nhưng nhiều lúc vô_web gg mà thấy qc_shopee cái_là tự_động mở luôn app hơi bực_mik
giao lâu quá,1,com.shopee.vn,negative,vi,giao lâu quá,giao lâu quá
chán,1,com.shopee.vn,negative,vi,chán,chán
rất tiện lợi an toàn hài lòng,5,com.shopee.vn,positive,vi,rất tiện lợi an toàn hài lòng,rất tiện_lợi an_toàn hài_lòng
"nên làm việc lại với đơn vị vận chuyển,t đặt 3 đơn,cả 3 đều mất hàng rồI bị hủy",1,com.shopee.vn,negative,vi,nên làm việc lại với đơn vị vận chuyển t đặt 3 đơn cả 3 đều mất hàng rồi bị hủy,nên làm_việc lại với đơn_vị vận_chuyển t đặt 3 đơn cả 3 đều mất hàng rồi bị hủy
tự ý hủy hàng với lí do có hành vi giao dịch bất thường,2,com.shopee.vn,negative,vi,tự ý hủy hàng với lí do có hành vi giao dịch bất thường,tự_ý hủy hàng với lí_do có hành_vi giao_dịch bất_thường
kh nên tải mình nói thật,1,com.shopee.vn,negative,vi,kh nên tải mình nói thật,kh nên tải mình nói thật
"Shopee gọi 1 số, shopee food gọi 1 số khác, tài xế gọi số bị mất sóng, tự hủy đơn, không thể liên lạc lại.",1,com.shopee.vn,negative,vi,shopee gọi 1 số shopee food gọi 1 số khác tài xế gọi số bị mất sóng tự hủy đơn không thể liên lạc lại,shopee gọi 1 số shopee food gọi 1 số khác tài_xế gọi số bị mất sóng tự hủy_đơn không_thể liên_lạc lại
ko xứng đáng,1,com.shopee.vn,negative,vi,không xứng đáng,không xứng_đáng
"quá tệ , đặt có mỗi 1 đơn thôi mà không thanh toán khi nhận hàng được cứ bắt thanh toán bằng thẻ nội địa NAPAS,vocher thì rõ nhiều mà chẳng có sử dụng được cái nào,tiền ship thì rõ đắt tận 32k mẹ nó khó chịu vcl",1,com.shopee.vn,negative,vi,quá tệ đặt có mỗi 1 đơn thôi mà không thanh toán khi nhận hàng được cứ bắt thanh toán bằng thẻ nội địa napas vocher thì rõ nhiều mà chẳng có sử dụng được cái nào tiền ship thì rõ đắt tận 32k mẹ nó khó chịu vcl,quá tệ đặt có mỗi 1 đơn thôi mà không thanh_toán khi nhận hàng được cứ bắt thanh_toán bằng thẻ nội_địa napas vocher thì rõ nhiều mà chẳng có sử_dụng được_cái nào tiền ship thì rõ đắt tận 32 k mẹ nó khó_chịu vcl
rất hữu dụng,5,com.shopee.vn,positive,vi,rất hữu dụng,rất hữu_dụng
"shoppe food mục săn deal là một mớ hỗn độn, phát điên thật sự. quán đóng cửa vẫn để trên đó mặc dù bị trừ tiền không được hoàn lại",1,com.shopee.vn,negative,vi,shoppe food mục săn deal là một mớ hỗn độn phát điên thật sự quán đóng cửa vẫn để trên đó mặc dù bị trừ tiền không được hoàn lại,shoppe food mục săn deal là một mớ hỗn_độn phát_điên thật_sự_quán đóng_cửa vẫn để trên đó mặc_dù bị trừ tiền không được hoàn lại
app dùng đc nhưng thất vọng về shipper ko gọi cho người nhận mà tự hủy 😡,1,com.shopee.vn,negative,vi,app dùng đc nhưng thất vọng về shipper không gọi cho người nhận mà tự hủy,app dùng đc nhưng thất_vọng về shipper không gọi cho người nhận mà tự hủy
Mua đồ rẻ hơn. giao hàng nhanh. Chất lượng tốt,5,com.shopee.vn,positive,vi,mua đồ rẻ hơn giao hàng nhanh chất lượng tốt,mua đồ rẻ hơn giao hàng nhanh chất_lượng tốt
không thích quảng cáo này,1,com.shopee.vn,negative,vi,không thích quảng cáo này,không thích quảng_cáo này
"damn, quảng cáo giật mình",1,com.shopee.vn,negative,vi,damn quảng cáo giật mình,damn quảng_cáo giật_mình
good !,5,com.shopee.vn,positive,vi,good,good
quản cáo nhiều vl,1,com.shopee.vn,negative,vi,quản cáo nhiều vl,quản_cáo nhiều vl
khóa tk 1 cách c vô lý trong khi mới dky shopee vip khách dùng mã gg thì lại kêu lạm dụng mã rồi mua spvip để làm gì h coi như mất ko à điên cả ng vs cái hđ ăn cướp như vậy mà ko bị điều tra rồi phạt đi đặt nick nào khóa nick đấy xàm l lắm r dâyd,1,com.shopee.vn,negative,vi,khóa tk 1 cách c vô lý trong khi mới dky shopee vip khách dùng mã gg thì lại kêu lạm dụng mã rồi mua spvip để làm gì h coi như mất không à điên cả người vs cái hđ ăn cướp như vậy mà không bị điều tra rồi phạt đi đặt nick nào khóa nick đấy xàm l lắm rồi dâyd,khóa tk 1 cách c vô_lý trong khi mới dky shopee vip khách dùng mã_gg thì lại kêu lạm_dụng mã rồi mua spvip để làm_gì h coi như mất không à_điên cả người vs cái hđ ăn_cướp như_vậy mà không bị điều_tra rồi phạt đi đặt nick nào khóa nick đấy xàm_l lắm rồi dâyd
"app lừa đảo, mua hàng khóa nick không hoàn tiền, t sẽ gửi lên an ninh mạng",1,com.shopee.vn,negative,vi,app lừa đảo mua hàng khóa nick không hoàn tiền t sẽ gửi lên an ninh mạng,app lừa_đảo mua hàng khóa nick không hoàn tiền t sẽ gửi lên an_ninh mạng
quá tuyệt vờiiiii,5,com.shopee.vn,positive,vi,quá tuyệt vờiiiii,quá tuyệt_vờiiiii
SpxExpress giờ ngày càng tệ,1,com.shopee.vn,negative,vi,spxexpress giờ ngày càng tệ,spxexpress giờ ngày_càng tệ
bắt đảm bảo chi chi ná,1,com.shopee.vn,negative,vi,bắt đảm bảo chi chi ná,bắt đảm_bảo chi chi ná
"yêu cầu shoppe thận trọg trog phần 'chọn phương thức thanh toán' của người mua, sao t k có tài khoản ngân hàng đâu mà k hủy đơn đc vì phải có tài khoản ngân hàng, r hủy kiêủ j má??? sao bt t k có r mà làm khó thế. báo t đợi đến đơn hàng đang giao r t ms đc 'yêu cầu hủy'. Tệ hơn thì k hủy đc luôn thì đừng trách t bom, mất luôn mã giảm mà chả đc j",2,com.shopee.vn,negative,vi,yêu cầu shoppe thận trọg trog phần chọn phương thức thanh toán của người mua sao t không có tài khoản ngân hàng đâu mà không hủy đơn đc vì phải có tài khoản ngân hàng rồi hủy kiêủ j má sao bt t không có rồi mà làm khó thế báo t đợi đến đơn hàng đang giao rồi t ms đc yêu cầu hủy tệ hơn thì không hủy đc luôn thì đừng trách t bom mất luôn mã giảm mà chả đc j,yêu_cầu shoppe thận trọg trog phần chọn phương_thức thanh_toán của người mua sao t không có tài_khoản ngân_hàng đâu mà không hủy đơn_đc vì phải có tài_khoản ngân_hàng rồi hủy kiêủ j má sao bt t không có rồi mà làm_khó thế báo t_đợi đến đơn hàng đang giao rồi t ms đc yêu_cầu hủy_tệ hơn thì không hủy đc luôn thì đừng trách t bom mất luôn mã_giảm mà chả đc j
đặt hàng đc shop và tép giải lí rất hay và yên tâm,5,com.shopee.vn,positive,vi,đặt hàng đc shop và tép giải lí rất hay và yên tâm,đặt_hàng đc_shop và tép giải_lí rất hay và yên_tâm
oke nhiều lúc hơi ăn chặn,4,com.shopee.vn,positive,vi,oke nhiều lúc hơi ăn chặn,oke nhiều lúc hơi ăn_chặn
rất tiên,4,com.shopee.vn,positive,vi,rất tiên,rất tiên
tạo tài khoản sdt shoppe không làm gì để đó giờ muốn mua hàng thì kêu là tài khoản sdt bị lỗi f02 đơn hàng ảo?? Gọi nvcskh thì họ kêu để xem xét lại làm việc khoảng gần 2 tiếng sau gửi thông báo vì tài khoản vi phạm tiêu chuẩn cộng đồng của shoppe nên khoá vĩnh viễn. Là sao hả shoppe nhiều ?? lắm á,1,com.shopee.vn,negative,vi,tạo tài khoản sdt shoppe không làm gì để đó giờ muốn mua hàng thì kêu là tài khoản sdt bị lỗi f02 đơn hàng ảo gọi nvcskh thì họ kêu để xem xét lại làm việc khoảng gần 2 tiếng sau gửi thông báo vì tài khoản vi phạm tiêu chuẩn cộng đồng của shoppe nên khoá vĩnh viễn là sao hả shoppe nhiều lắm á,tạo tài_khoản sdt shoppe không làm gì để đó giờ muốn mua hàng thì kêu là tài_khoản sdt bị lỗi f02 đơn hàng ảo gọi nvcskh thì họ kêu để xem_xét lại làm_việc khoảng gần 2 tiếng sau gửi thông_báo vì tài_khoản vi_phạm tiêu_chuẩn cộng_đồng của shoppe nên khóa vĩnh_viễn là sao hả shoppe nhiều lắm á
đang mua hành thì bị khoá tài khoản không hiểu lý do??,1,com.shopee.vn,negative,vi,đang mua hành thì bị khoá tài khoản không hiểu lý do,đang mua_hành thì bị khóa tài_khoản không hiểu lý_do
nhiều khi sale giá hời lắm nên tải nha,5,com.shopee.vn,positive,vi,nhiều khi sale giá hời lắm nên tải nha,nhiều khi sale giá hời lắm nên tải nha
"tôi là người mới được cái phiếu giảm giá mà cấm tài khoản không cho tôi dùng phiếu, đã thế còn khoá tài khoản của tôi.",1,com.shopee.vn,negative,vi,tôi là người mới được cái phiếu giảm giá mà cấm tài khoản không cho tôi dùng phiếu đã thế còn khoá tài khoản của tôi,tôi là người mới được cái phiếu giảm_giá mà cấm tài_khoản không cho tôi dùng phiếu đã thế còn khóa tài_khoản của tôi
shop rất uy tín cho khách hàng đồng kiểm mong sop cải thiện nhiều hơn để bảo vệ quyền lợi của khách hàng tặng sop 5sao,5,com.shopee.vn,positive,vi,shop rất uy tín cho khách hàng đồng kiểm mong sop cải thiện nhiều hơn để bảo vệ quyền lợi của khách hàng tặng sop 5sao,shop rất uy_tín cho khách_hàng đồng kiểm_mong sop cải_thiện nhiều hơn để bảo_vệ quyền_lợi của khách_hàng tặng sop 5 sao
Tệ,1,com.shopee.vn,negative,vi,tệ,tệ
Sàn quét sản phẩm hàng giả hàng nhái rất vớ vẩn... Đầy đủ những quy định đăng bán thì chỉ có nhà sản xuất mới có...Bán tạp hoá thì moi làm sao được giấy kiểm nghiệm chứng nhận sản phẩm...Sản phẩm có hoá đơn giá trị gia tăng chứng mình nguồn gốc mà chỉnh sửa bổ sung thì không được vẫn cho là hàng giả hàng nhái,1,com.shopee.vn,negative,vi,sàn quét sản phẩm hàng giả hàng nhái rất vớ vẩn đầy đủ những quy định đăng bán thì chỉ có nhà sản xuất mới có bán tạp hoá thì moi làm sao được giấy kiểm nghiệm chứng nhận sản phẩm sản phẩm có hoá đơn giá trị gia tăng chứng mình nguồn gốc mà chỉnh sửa bổ sung thì không được vẫn cho là hàng giả hàng nhái,sàn quét sản_phẩm hàng giả hàng nhái rất vớ_vẩn đầy_đủ những quy_định đăng_bán thì chỉ có nhà_sản_xuất mới có bán tạp_hóa thì moi làm_sao được giấy kiểm_nghiệm chứng_nhận sản_phẩm sản_phẩm có hóa đơn_giá_trị gia_tăng chứng mình nguồn_gốc mà chỉnh_sửa bổ_sung thì không được vẫn cho là hàng giả hàng nhái
giao hàng quá chậm hàng của tôi bị delay tận 2 tuần tại kho,1,com.shopee.vn,negative,vi,giao hàng quá chậm hàng của tôi bị delay tận 2 tuần tại kho,giao hàng quá chậm hàng của tôi bị delay tận 2 tuần tại kho
tự dưng k cho người ta đăng nhập bằng google mỗi lần bấm đăng nhập bị lỗi L01,1,com.shopee.vn,negative,vi,tự dưng không cho người ta đăng nhập bằng google mỗi lần bấm đăng nhập bị lỗi l01,tự_dưng không cho người ta đăng_nhập bằng google mỗi lần bấm đăng_nhập bị lỗi l01
Hạn chế tự mở app khi người ta đang mở ứng dụng khác thì hay hơn,1,com.shopee.vn,negative,vi,hạn chế tự mở app khi người ta đang mở ứng dụng khác thì hay hơn,hạn_chế tự mở app khi người ta đang mở ứng_dụng khác thì hay hơn
Ok,4,com.shopee.vn,positive,vi,ok,ok
app làm ăn thấy chán hàng thì dự kiến mà ko thấy giao đâu app này nên vứt đi chứ ko nên sài làm ăn cẩu thả như nước đổ lá môn,1,com.shopee.vn,negative,vi,app làm ăn thấy chán hàng thì dự kiến mà không thấy giao đâu app này nên vứt đi chứ không nên sài làm ăn cẩu thả như nước đổ lá môn,app làm_ăn thấy chán hàng thì dự_kiến mà không thấy giao đâu app này nên vứt đi chứ không nên sài làm_ăn cẩu_thả như nước đổ lá môn
okok good good,5,com.shopee.vn,positive,vi,okok good good,okok good good
shopee dạo này tệ quá đặt toàn tự hủy đơn không giao,1,com.shopee.vn,negative,vi,shopee dạo này tệ quá đặt toàn tự hủy đơn không giao,shopee dạo này tệ quá đặt toàn tự hủy đơn không giao
tôi rất thích shoppe nhưng tại sao tôi đặc hàng mà vài tuần cũng chưa có người giao đến😢,3,com.shopee.vn,neutral,vi,tôi rất thích shoppe nhưng tại sao tôi đặc hàng mà vài tuần cũng chưa có người giao đến,tôi rất thích shoppe nhưng tại_sao tôi đặc_hàng mà vài tuần cũng chưa có người giao đến
"dvvc khá chậm , giao hàng không chính xác",1,com.shopee.vn,negative,vi,dvvc khá chậm giao hàng không chính xác,dvvc khá chậm giao hàng_không chính_xác
tư huy hàng của ngk,1,com.shopee.vn,negative,vi,tư huy hàng của ngk,tư huy_hàng của ngk
tốt 👍,5,com.shopee.vn,positive,vi,tốt,tốt
tôi có một đơn hàng chưa kịp nhận thì shopee đã tự hoàn về hoan về cho người bán nhưng khi hôm nay đã giao,1,com.shopee.vn,negative,vi,tôi có một đơn hàng chưa kịp nhận thì shopee đã tự hoàn về hoan về cho người bán nhưng khi hôm nay đã giao,tôi có một đơn hàng chưa kịp nhận thì shopee đã tự hoàn về hoan về cho người bán nhưng khi hôm_nay đã giao
"lag quá, ko load đc luôn",1,com.shopee.vn,negative,vi,lag quá không load đc luôn,lag quá không load đc luôn
nhiều mã 0đ lắm aa,5,com.shopee.vn,positive,vi,nhiều mã 0đ lắm aa,nhiều mã 0 đ lắm aa
đặt hàng liên tiếp mà đơn nào cũng tự hủy hết không nghe shippe gọi gì hết yêu cầu giao lại cũng không có giao làm việc chưa tốt,1,com.shopee.vn,negative,vi,đặt hàng liên tiếp mà đơn nào cũng tự hủy hết không nghe shippe gọi gì hết yêu cầu giao lại cũng không có giao làm việc chưa tốt,đặt_hàng liên_tiếp mà đơn nào cũng tự hủy hết không nghe shippe gọi gì hết yêu_cầu giao lại cũng không có giao làm_việc chưa tốt
"1 ngày chốt mấy đơn, mà nay hàng lỗi cả shop và shopee ko giải quyết, bắt khách chịu mất 139k",1,com.shopee.vn,negative,vi,1 ngày chốt mấy đơn mà nay hàng lỗi cả shop và shopee không giải quyết bắt khách chịu mất 139k,1 ngày chốt mấy đơn mà nay hàng lỗi cả shop và shopee không giải_quyết bắt khách chịu mất 139 k
đa dạng mặc hàng có cái giao hơi lâu,5,com.shopee.vn,positive,vi,đa dạng mặc hàng có cái giao hơi lâu,đa_dạng mặc hàng có cái giao hơi lâu
"trời,đơn hàng của tôi về việt nam rồi vẫn bị trả lại kho xuất ở trung.bộ gửi về ko được hả?🙂tôi đang bức xúc về điều này",1,com.shopee.vn,negative,vi,trời đơn hàng của tôi về việt nam rồi vẫn bị trả lại kho xuất ở trung bộ gửi về không được hả tôi đang bức xúc về điều này,trời đơn hàng của tôi về việt_nam rồi vẫn bị trả lại kho xuất ở trung_bộ gửi về không được hả tôi đang bức_xúc về điều này
không giải quyết được gì,1,com.shopee.vn,negative,vi,không giải quyết được gì,không giải_quyết được gì
Cho 1⭐ tại đặt toàn bị MO2,5,com.shopee.vn,positive,vi,cho 1 tại đặt toàn bị mo2,cho 1 tại đặt toàn bị mo2
tốt nhất hệ thóng chậm và vấn đề hoàn tiền kém,4,com.shopee.vn,positive,vi,tốt nhất hệ thóng chậm và vấn đề hoàn tiền kém,tốt nhất hệ thóng chậm và vấn_đề hoàn_tiền kém
"Làm ăn láo nháo lắm, từ shop bán hàng, đến nhân viên shopee và nhân viên vận chuyển.....",1,com.shopee.vn,negative,vi,làm ăn láo nháo lắm từ shop bán hàng đến nhân viên shopee và nhân viên vận chuyển,làm_ăn láo_nháo lắm từ shop bán hàng đến nhân_viên shopee và nhân_viên vận_chuyển
hài lòng,5,com.shopee.vn,positive,vi,hài lòng,hài_lòng
Làm ơn quản lý bên kho vận chuyển dùm cái. Bị lấy hàng xong giao thùng không 💢,2,com.shopee.vn,negative,vi,làm ơn quản lý bên kho vận chuyển dùm cái bị lấy hàng xong giao thùng không,làm ơn quản_lý bên kho vận_chuyển dùm cái bị lấy hàng xong giao thùng không
không có tiền mua cứ hiện lên quài,1,com.shopee.vn,negative,vi,không có tiền mua cứ hiện lên quài,không có tiền mua cứ hiện lên quài
"bán hàng khôg đúng như quảng cáo hay giao thiếu, khiếu nại shopee khog giải quyết thoả đáng giao hàng lâu cực kì",1,com.shopee.vn,negative,vi,bán hàng khôg đúng như quảng cáo hay giao thiếu khiếu nại shopee khog giải quyết thoả đáng giao hàng lâu cực kì,bán hàng khôg đúng như quảng_cáo hay giao thiếu khiếu_nại shopee_khog giải_quyết thỏa đáng giao hàng lâu cực_kì
"Trải nghiệm mua hàng rất rất tệ, app gì đặt xong toàn khóa tài khoản, hủy đơn vô lý",1,com.shopee.vn,negative,vi,trải nghiệm mua hàng rất rất tệ app gì đặt xong toàn khóa tài khoản hủy đơn vô lý,trải_nghiệm mua hàng rất rất tệ_app gì đặt xong toàn khóa tài_khoản hủy_đơn vô_lý
sử dụng tốt,5,com.shopee.vn,positive,vi,sử dụng tốt,sử_dụng tốt
ok mng,5,com.shopee.vn,positive,vi,ok mng,ok mng
nếu nhiều mã giảm giá hơn,5,com.shopee.vn,positive,vi,nếu nhiều mã giảm giá hơn,nếu nhiều mã giảm_giá hơn
"Cần vay thử vào VayTotNhat nhận 5tr, dành cho ai kẹt lúc này. đvvc để tt ngày nhận hàng ko chính xác gì hết, trước khi đặt để ngày đảm bảo nhận hàng, đến khi đvvc lấy hàng thành công thì lại đổi thành ngày giao hàng dự kiến, shopee nên làm việc lại với đvvc về phần này nha, t ko cần voucher 15k gì đó, t cần giao hàng đúng hẹn",5,com.shopee.vn,positive,vi,cần vay thử vào vaytotnhat nhận 5tr dành cho ai kẹt lúc này đvvc để tt ngày nhận hàng không chính xác gì hết trước khi đặt để ngày đảm bảo nhận hàng đến khi đvvc lấy hàng thành công thì lại đổi thành ngày giao hàng dự kiến shopee nên làm việc lại với đvvc về phần này nha t không cần voucher 15k gì đó t cần giao hàng đúng hẹn,cần vay thử vào vaytotnhat nhận 5 tr dành cho ai kẹt lúc này đvvc để tt ngày nhận hàng_không chính_xác gì hết trước khi đặt để ngày đảm_bảo nhận hàng đến khi đvvc lấy hàng thành_công thì lại đổi thành ngày giao hàng dự_kiến shopee nên làm_việc lại với đvvc về phần này nha t không cần voucher 15 k gì đó t cần giao hàng đúng hẹn
không thanh toán khi nhận hàng được,3,com.shopee.vn,neutral,vi,không thanh toán khi nhận hàng được,không thanh_toán khi nhận hàng được
ổn,3,com.shopee.vn,neutral,vi,ổn,ổn
quá tệ,1,com.shopee.vn,negative,vi,quá tệ,quá tệ
UPDATE thêm thông báo nổi màn hình điện thoại ĐƠN HÀNG ĐANG VẬN CHUYỂN VÀ ĐƠN HÀNG ĐANG TRÊN ĐƯỜNG GIAO ĐẾN BẠN,3,com.shopee.vn,neutral,vi,update thêm thông báo nổi màn hình điện thoại đơn hàng đang vận chuyển và đơn hàng đang trên đường giao đến bạn,update thêm thông_báo nổi màn_hình điện_thoại đơn hàng đang vận_chuyển và đơn hàng đang trên đường giao đến bạn
rất nhiều thứ đẹp,5,com.shopee.vn,positive,vi,rất nhiều thứ đẹp,rất nhiều thứ đẹp
"bắt thanh toán qua ứng dụng, không đặt được sảm phẩm",1,com.shopee.vn,negative,vi,bắt thanh toán qua ứng dụng không đặt được sảm phẩm,bắt thanh_toán qua ứng_dụng không đặt được sảm_phẩm
giao hang rất nhanh và hàng tốt .nhưng sđt thì gi sai số .thông tin có đây đủ sđt và thông tin đúng gi toàn sai sđt,3,com.shopee.vn,neutral,vi,giao hang rất nhanh và hàng tốt nhưng sđt thì gi sai số thông tin có đây đủ sđt và thông tin đúng gi toàn sai sđt,giao hang rất nhanh và hàng tốt nhưng sđt thì gi sai_số thông_tin có đây đủ sđt và thông_tin đúng gi toàn sai sđt
"Shopee nên nâng cấp hệ thống thông báo , cảnh báo sắp đạt giới hạn để người dùng họ chủ động tự kiểm soát hành vi nhận xu khi xem livestream thay vì hệ thống chặn không cho nhận xu nữa. Hệ thống cứ báo "" Ghi nhận họat động bất thường"" không cho nhận xu thưởng sau khi xem live trong khi người dùng không biết mình đã lỗi ở phần nào, sai quy định ở phần nào để còn biết mà sửa. Ngoài ra cần có thông báo rõ ràng người dùng đã vi phạm lỗi nào và cách để hồi phục lại.",3,com.shopee.vn,neutral,vi,shopee nên nâng cấp hệ thống thông báo cảnh báo sắp đạt giới hạn để người dùng họ chủ động tự kiểm soát hành vi nhận xu khi xem livestream thay vì hệ thống chặn không cho nhận xu nữa hệ thống cứ báo ghi nhận họat động bất thường không cho nhận xu thưởng sau khi xem live trong khi người dùng không biết mình đã lỗi ở phần nào sai quy định ở phần nào để còn biết mà sửa ngoài ra cần có thông báo rõ ràng người dùng đã vi phạm lỗi nào và cách để hồi phục lại,shopee nên nâng_cấp hệ_thống thông_báo cảnh_báo sắp đạt giới_hạn để người dùng họ chủ_động tự kiểm_soát hành_vi nhận xu khi xem livestream thay_vì hệ_thống chặn không cho nhận xu nữa hệ_thống cứ báo ghi_nhận hoạt_động bất_thường không cho nhận xu_thưởng sau khi xem live trong khi người dùng không biết mình đã lỗi ở phần_nào sai quy_định ở phần_nào để còn biết mà sửa ngoài_ra cần có thông_báo rõ_ràng người dùng đã vi_phạm lỗi nào và cách để hồi_phục lại
má tao săn hàng 1k và tao thấy có mã freeship thì tao mới dùng dùng xong vừa đặt được cái nó khóa tài khoản vĩnh viễn luôn trong khi tao còn 8 9 đơn hàng đang trong quá trình đóng gói và còn xu chưa dùng hết mà nó khoá tài khoản của tao ??,1,com.shopee.vn,negative,vi,má tao săn hàng 1k và tao thấy có mã freeship thì tao mới dùng dùng xong vừa đặt được cái nó khóa tài khoản vĩnh viễn luôn trong khi tao còn 8 9 đơn hàng đang trong quá trình đóng gói và còn xu chưa dùng hết mà nó khoá tài khoản của tao,má tao săn hàng 1 k và tao thấy có mã_freeship thì tao mới dùng dùng xong vừa đặt được cái nó khóa tài_khoản vĩnh_viễn luôn trong khi tao còn 8 9 đơn hàng đang trong quá_trình đóng_gói và còn xu chưa dùng hết mà nó khóa tài_khoản của tao
tự ý hủy đơn hàng đăng nhập thì toàn lỗi,1,com.shopee.vn,negative,vi,tự ý hủy đơn hàng đăng nhập thì toàn lỗi,tự_ý hủy đơn hàng đăng_nhập thì toàn lỗi
như quần què,1,com.shopee.vn,negative,vi,như quần què,như quần_què
đặt 5 món đồ cứ bị hủy liên tục 1s nhé,1,com.shopee.vn,negative,vi,đặt 5 món đồ cứ bị hủy liên tục 1s nhé,đặt 5 món đồ cứ bị hủy liên_tục 1 s nhé
"shopee dạo gần đây hay trộm đồ vặt lắm. Hàng người ta trả về shop, nhưng không thấy trả về rồi tự hủy và im luôn, tiền hoàn trả chắc là bỏ túi luôn rồi",1,com.shopee.vn,negative,vi,shopee dạo gần đây hay trộm đồ vặt lắm hàng người ta trả về shop nhưng không thấy trả về rồi tự hủy và im luôn tiền hoàn trả chắc là bỏ túi luôn rồi,shopee dạo gần đây hay trộm_đồ vặt lắm hàng người ta trả về shop nhưng không thấy trả về rồi tự_hủy và im luôn tiền hoàn_trả chắc là bỏ_túi luôn rồi
không hài lòng,1,com.shopee.vn,negative,vi,không hài lòng,không hài_lòng
quá vip,5,com.shopee.vn,positive,vi,quá vip,quá vip
kẻ bt dùng có lối đi riêng🤫,5,com.shopee.vn,positive,vi,kẻ bt dùng có lối đi riêng,kẻ bt dùng có lối đi riêng
tuyệt kỹ,5,com.shopee.vn,positive,vi,tuyệt kỹ,tuyệt_kỹ
Trạm nhận hàng hay bưu cục nhận hàng cũng không có để nhận... shipper thì không chịu phối hợp giao hàng với khách... hẹn shipper thì nói là 15h - 15h30 nghĩ không giao nữa... chưa hết giờ hành chánh đã nghĩ... xin địa chỉ bưu cục hay trạm nhận hàng... thì shipper cũng nói nghĩ luôn... làm ăn kiểu này làm gì còn có khách hàng... làm mà muốn nghĩ không àk... dẹp luôn cho rồi....,1,com.shopee.vn,negative,vi,trạm nhận hàng hay bưu cục nhận hàng cũng không có để nhận shipper thì không chịu phối hợp giao hàng với khách hẹn shipper thì nói là 15h 15h30 nghĩ không giao nữa chưa hết giờ hành chánh đã nghĩ xin địa chỉ bưu cục hay trạm nhận hàng thì shipper cũng nói nghĩ luôn làm ăn kiểu này làm gì còn có khách hàng làm mà muốn nghĩ không àk dẹp luôn cho rồi,trạm nhận hàng hay bưu_cục nhận hàng cũng không có để nhận shipper thì không chịu phối_hợp giao hàng với khách hẹn shipper thì nói là 15 h 15 h30 nghĩ không giao nữa chưa hết giờ hành_chánh đã nghĩ xin địa_chỉ bưu_cục hay trạm nhận hàng thì shipper cũng nói nghĩ luôn làm_ăn kiểu này làm gì còn có khách_hàng làm mà muốn nghĩ không àk dẹp luôn cho_rồi
Mong shoppe sẽ có chức năng đặt giờ giao hàng để tôi có thể nhận được hàng mà ko phải hoàn đơn,3,com.shopee.vn,neutral,vi,mong shoppe sẽ có chức năng đặt giờ giao hàng để tôi có thể nhận được hàng mà không phải hoàn đơn,mong shoppe sẽ có chức_năng đặt giờ giao hàng để tôi có_thể nhận được hàng mà không phải hoàn_đơn
giảm nhiều,5,com.shopee.vn,positive,vi,giảm nhiều,giảm nhiều
Toàn chỉ biết hủy đơn khoá acc của khách hàng,1,com.shopee.vn,negative,vi,toàn chỉ biết hủy đơn khoá tài khoản của khách hàng,toàn chỉ biết hủy đơn_khóa tài_khoản của khách_hàng
đc đấy,5,com.shopee.vn,positive,vi,đc đấy,đc đấy
"Mua sắm tốt, giao hàng nhanh",5,com.shopee.vn,positive,vi,mua sắm tốt giao hàng nhanh,mua_sắm tốt giao hàng nhanh
mua mà ko cho mua,1,com.shopee.vn,negative,vi,mua mà không cho mua,mua mà không cho mua
"Sau vài năm xài shoppe thì cũng ko hài lòng vì có những gian hàng bán hàng lỗi, mình toàn trả tiền cho shop hàng trăm đến hàng triệu nhưng khi hoàn lại rất lâu và mất thời gian kèm đó là ship rất lâu mới đến lấy hàng.",3,com.shopee.vn,neutral,vi,sau vài năm xài shoppe thì cũng không hài lòng vì có những gian hàng bán hàng lỗi mình toàn trả tiền cho shop hàng trăm đến hàng triệu nhưng khi hoàn lại rất lâu và mất thời gian kèm đó là ship rất lâu mới đến lấy hàng,sau vài năm xài shoppe thì cũng không hài_lòng vì có những gian_hàng bán hàng lỗi mình toàn trả tiền cho shop hàng trăm đến hàng triệu nhưng khi hoàn lại rất lâu và mất thời_gian kèm đó là ship rất lâu mới đến lấy hàng
"dịch vụ tốt cho 9/10 điểm, tôi thích dịch vụ này",5,com.shopee.vn,positive,vi,dịch vụ tốt cho 9 10 điểm tôi thích dịch vụ này,dịch_vụ tốt cho 9 10 điểm tôi thích dịch_vụ này
"quảng cáo ko tắt đc mà nhảy qua kênh đánh giá, quảng cáo shopee gây khó chịu, tự chuyển, ko cho thời gian tắt, nút tắt thì quá nhỏ cố ý để người xem bấm nhầm chuyển trang, lươn lẹo",1,com.shopee.vn,negative,vi,quảng cáo không tắt đc mà nhảy qua kênh đánh giá quảng cáo shopee gây khó chịu tự chuyển không cho thời gian tắt nút tắt thì quá nhỏ cố ý để người xem bấm nhầm chuyển trang lươn lẹo,quảng_cáo không tắt đc mà nhảy qua kênh đánh_giá quảng_cáo shopee gây khó_chịu tự chuyển không cho thời_gian tắt nút tắt thì quá nhỏ cố_ý để người xem bấm nhầm chuyển_trang lươn lẹo
"Shopee luôn là ứng dụng 10* tuyệt đối trong lòng mình , mình sẽ luôn đồng hành và cảm ơn Shopee rất nhiều !!!",5,com.shopee.vn,positive,vi,shopee luôn là ứng dụng 10 tuyệt đối trong lòng mình mình sẽ luôn đồng hành và cảm ơn shopee rất nhiều,shopee luôn là ứng_dụng 10 tuyệt_đối trong lòng mình mình sẽ luôn đồng_hành và cảm_ơn shopee rất nhiều
rất tiện lợi,5,com.shopee.vn,positive,vi,rất tiện lợi,rất tiện_lợi
shoppee không cho sửa ngày tháng năm sinh cho phù hợp với thực tế. Buộc phải xóa tài khoản. Gây ức chế và ấn tượng rất xấu của khách với shoppee,2,com.shopee.vn,negative,vi,shoppee không cho sửa ngày tháng năm sinh cho phù hợp với thực tế buộc phải xóa tài khoản gây ức chế và ấn tượng rất xấu của khách với shoppee,shoppee không cho sửa ngày_tháng năm sinh cho phù_hợp với thực_tế buộc phải xóa tài_khoản gây ức_chế và ấn_tượng rất xấu của khách với shoppee
đỉnh,5,com.shopee.vn,positive,vi,đỉnh,đỉnh
Shopee rất tuyệt vời,5,com.shopee.vn,positive,vi,shopee rất tuyệt vời,shopee rất tuyệt_vời
trễ thời gian giao hàng quá lâu,1,com.shopee.vn,negative,vi,trễ thời gian giao hàng quá lâu,trễ thời_gian giao hàng quá lâu
"app rất tệ, mục chát phân loại TẤT CẢ & ĐANG HOẠT ĐỘNG, chẳng có tác dụng gì, Thông báo chát ko kịp thời để người bán phản hồi, app rối như canh hẹ",1,com.shopee.vn,negative,vi,app rất tệ mục chát phân loại tất cả đang hoạt động chẳng có tác dụng gì thông báo chát không kịp thời để người bán phản hồi app rối như canh hẹ,app rất tệ mục_chát phân_loại tất_cả đang hoạt_động chẳng có tác_dụng gì thông_báo chát không kịp_thời để người bán phản_hồi app_rối như canh hẹ
"tập trung về bắc ning, thì ngày dự kiến nên cộng 2 3 ngày để còn biết đường, toàn bị giao chậm.",1,com.shopee.vn,negative,vi,tập trung về bắc ning thì ngày dự kiến nên cộng 2 3 ngày để còn biết đường toàn bị giao chậm,tập_trung về bắc ning thì ngày dự_kiến nên cộng 2 3 ngày để còn biết đường toàn bị giao chậm
trả hàng 2 tuần ko ai lấy,4,com.shopee.vn,positive,vi,trả hàng 2 tuần không ai lấy,trả hàng 2 tuần không ai lấy
bán hàng rẻ lại đa dang đồ,5,com.shopee.vn,positive,vi,bán hàng rẻ lại đa dang đồ,bán hàng rẻ lại đa_dang đồ
shopee ko có trách nhiệm như cứ. t,1,com.shopee.vn,negative,vi,shopee không có trách nhiệm như cứ t,shopee không có trách_nhiệm như cứ t
"mẹ app như gì á , đang từ app khác cứ nhảy sang app này .",1,com.shopee.vn,negative,vi,mẹ app như gì á đang từ app khác cứ nhảy sang app này,mẹ app như gì á đang từ app khác cứ nhảy sang app này
ứng dụng dùng tốt,5,com.shopee.vn,positive,vi,ứng dụng dùng tốt,ứng_dụng dùng tốt
"đặc hàng lúc nào giao cx đúng đơn (không lỗi, không sao hàng,...) tui thấy shopee ok lắm nha❤️❤️❤️",5,com.shopee.vn,positive,vi,đặc hàng lúc nào giao cũng đúng đơn không lỗi không sao hàng tui thấy shopee ok lắm nha,đặc hàng lúc_nào giao cũng đúng đơn không lỗi không sao hàng tui thấy shopee_ok lắm nha
app thì lag đơn thì chậm ship thì chán,1,com.shopee.vn,negative,vi,app thì lag đơn thì chậm ship thì chán,app thì lag_đơn thì chậm ship thì chán
liên tục thay đổi ngày đảm bảo nhận hàng từ m3 đến hôm nay báo là m6 mới ship hạt trong khi nhà có 2 bé mèo đang đói,1,com.shopee.vn,negative,vi,liên tục thay đổi ngày đảm bảo nhận hàng từ m3 đến hôm nay báo là m6 mới ship hạt trong khi nhà có 2 bé mèo đang đói,liên_tục thay_đổi ngày đảm_bảo nhận hàng từ m3 đến hôm_nay báo là m6 mới ship hạt trong khi nhà có 2 bé mèo đang đói
"Thất vọng thật sự Đầu năm giao hàng bị thiếu ko dc hoàn về vì trả bằng tiền mặt, buồn Shopee thực sự, thiệt thòi cho những người thanh toán bằng tiền mặt ghê ko dc giải quyết 😡 shop loz ấy cũng chả thèm rep nữa điên vcl mới đầu năm thiệt chứ Ê cái clip ngắn hơi bị bịp nha ngồi treo vừa nghe vừa coi nửa tiếng mà zô check có 4 phút??",3,com.shopee.vn,neutral,vi,thất vọng thật sự đầu năm giao hàng bị thiếu không được hoàn về vì trả bằng tiền mặt buồn shopee thực sự thiệt thòi cho những người thanh toán bằng tiền mặt ghê không được giải quyết shop loz ấy cũng chả thèm rep nữa điên vcl mới đầu năm thiệt chứ ê cái clip ngắn hơi bị bịp nha ngồi treo vừa nghe vừa coi nửa tiếng mà zô check có 4 phút,thất_vọng thật_sự đầu năm giao hàng bị thiếu không được hoàn về vì trả bằng tiền_mặt buồn_shopee thực_sự thiệt_thòi cho những người thanh_toán bằng tiền_mặt ghê không được giải_quyết shop loz ấy cũng chả thèm rep nữa điên_vcl mới đầu năm thiệt chứ ê_cái clip ngắn hơi bị bịp_nha ngồi treo vừa nghe vừa coi nửa tiếng mà zô check có 4 phút
siêu tệ với trải nghiệm người dùng,1,com.shopee.vn,negative,vi,siêu tệ với trải nghiệm người dùng,siêu_tệ với trải_nghiệm người dùng
tự ý hoàn hàng đăt 10 đơn tự hoàn cả 10 RẤT CHÊ,1,com.shopee.vn,negative,vi,tự ý hoàn hàng đăt 10 đơn tự hoàn cả 10 rất chê,tự_ý hoàn hàng đăt 10 đơn_tự hoàn cả 10 rất chê
Tệ thật đấy mình có 1 cái tài khoản có nhiều mã giảm giá mà mình dùng mua liên tục thế mà bị ban luôn mà không chỉ ban 1 acc mình tạo thêm acc mới rồi shop lại ban tiếp chán luôn.,1,com.shopee.vn,negative,vi,tệ thật đấy mình có 1 cái tài khoản có nhiều mã giảm giá mà mình dùng mua liên tục thế mà bị ban luôn mà không chỉ ban 1 tài khoản mình tạo thêm tài khoản mới rồi shop lại ban tiếp chán luôn,tệ thật đấy mình có 1 cái tài_khoản có nhiều mã giảm_giá mà mình dùng mua liên_tục thế_mà bị ban luôn mà không_chỉ ban 1 tài_khoản mình tạo thêm tài_khoản mới rồi shop lại ban tiếp_chán luôn
OK cancel. 👍👍❤️,5,com.shopee.vn,positive,vi,ok cancel,ok cancel
trải nghiệm tệ khi spx giao hàng muộn,1,com.shopee.vn,negative,vi,trải nghiệm tệ khi spx giao hàng muộn,trải_nghiệm tệ khi spx giao hàng muộn
"App có thể cập nhật khi truy cập vào là ở Trang chủ Home luôn được không, hiện tại cứ bấm vào là hiện trang Live&Video đầu tiên phải chuyển lại rất lag điện thoại luôn",1,com.shopee.vn,negative,vi,app có thể cập nhật khi truy cập vào là ở trang chủ home luôn được không hiện tại cứ bấm vào là hiện trang live video đầu tiên phải chuyển lại rất lag điện thoại luôn,app có_thể cập_nhật khi truy_cập vào là ở trang chủ home luôn được không hiện_tại cứ bấm vào là hiện_trang live_video đầu_tiên phải chuyển lại rất lag điện_thoại luôn
"TỆ Shopee khóa tài khoản xong gọi hỏi lý do thì nói không biết để cập nhật sau, sau đó hỏi thì nói là do vi phạm tiêu chuẩn cộng đồng ( hỏi thêm thì kêu bảo mật, chả hiểu bảo mật cái quái gì) , mà trước khi bị khóa là đang mua hàng chứ có làm cái gì khác đâu, rồi hỏi thêm cái khác thì kêu quay màn hình gửi rồi giải quyết, kết cục có giải quyết được đâu mắc công đi quay rồi mất thời gian chờ, thà nói ngay là không giải quyết được đi để XÓA APP.",1,com.shopee.vn,negative,vi,tệ shopee khóa tài khoản xong gọi hỏi lý do thì nói không biết để cập nhật sau sau đó hỏi thì nói là do vi phạm tiêu chuẩn cộng đồng hỏi thêm thì kêu bảo mật chả hiểu bảo mật cái quái gì mà trước khi bị khóa là đang mua hàng chứ có làm cái gì khác đâu rồi hỏi thêm cái khác thì kêu quay màn hình gửi rồi giải quyết kết cục có giải quyết được đâu mắc công đi quay rồi mất thời gian chờ thà nói ngay là không giải quyết được đi để xóa app,tệ shopee khóa tài_khoản xong gọi hỏi lý_do thì nói không biết để cập_nhật sau sau đó hỏi thì nói là do vi_phạm tiêu_chuẩn cộng_đồng hỏi thêm thì kêu bảo_mật chả hiểu bảo_mật cái quái gì mà trước khi bị khóa là đang mua hàng chứ có làm cái gì khác đâu rồi hỏi thêm cái khác thì kêu quay màn_hình gửi rồi giải_quyết kết_cục có giải_quyết được đâu mắc_công đi quay rồi mất thời_gian chờ thà nói ngay là không giải_quyết được đi để xóa app
số 1 trong lòng tui,5,com.shopee.vn,positive,vi,số 1 trong lòng tui,số 1 trong lòng tui
Lỗi màn hình trắng load cực chậm,5,com.shopee.vn,positive,vi,lỗi màn hình trắng load cực chậm,lỗi màn_hình trắng load cực chậm
thic,5,com.shopee.vn,positive,vi,thic,thic
áp lày tốt tiện lợi,5,com.shopee.vn,positive,vi,áp lày tốt tiện lợi,áp_lày tốt_tiện lợi
ko ap voucher thì mua đc mà ap voucher thì hàng lại tự động hủy xong rồi ghi là giao diện bất thường,1,com.shopee.vn,negative,vi,không ap voucher thì mua đc mà ap voucher thì hàng lại tự động hủy xong rồi ghi là giao diện bất thường,không ap voucher thì mua đc mà ap_voucher thì hàng lại tự_động hủy xong rồi ghi là giao_diện bất_thường
App bị j thì ae cứ bật im lặng ?,5,com.shopee.vn,positive,vi,app bị j thì ae cứ bật im lặng,app bị j thì ae cứ bật im_lặng
rất ok,5,com.shopee.vn,positive,vi,rất ok,rất ok
"Thằng ngốc nào nghĩ ra tối kiến mở ứng dụng Shopee lên là vào ngay Shopee video xứng đáng bị cho nghỉ việc ngay và luôn, cải lùi tốn thời gian và dữ liệu đồng thời gây ức chế cho người dùng",1,com.shopee.vn,negative,vi,thằng ngốc nào nghĩ ra tối kiến mở ứng dụng shopee lên là vào ngay shopee video xứng đáng bị cho nghỉ việc ngay và luôn cải lùi tốn thời gian và dữ liệu đồng thời gây ức chế cho người dùng,thằng ngốc nào nghĩ ra tối_kiến mở ứng_dụng shopee lên là vào ngay shopee_video xứng_đáng bị cho nghỉ_việc ngay và luôn cải_lùi tốn thời_gian và dữ_liệu đồng_thời gây ức_chế cho người dùng
Shoppe bị điên rồi rồi đòi hỏi những thủ tục rờm rà vớ vẩn phí thời gian....,1,com.shopee.vn,negative,vi,shoppe bị điên rồi rồi đòi hỏi những thủ tục rờm rà vớ vẩn phí thời gian,shoppe bị điên rồi rồi đòi_hỏi những thủ_tục rờm_rà vớ vẩn_phí thời_gian
shop tốt,1,com.shopee.vn,negative,vi,shop tốt,shop tốt
"Chỉ có vô VayTotNhat mới được 5tr vay về ngay, rất tuyệt. đvvc để tt ngày nhận hàng ko chính xác gì hết, trước khi đặt để ngày đảm bảo nhận hàng, đến khi đvvc lấy hàng thành công thì lại đổi thành ngày giao hàng dự kiến, shopee nên làm việc lại với đvvc về phần này nha, t ko cần voucher 15k gì đó, t cần giao hàng đúng hẹn",5,com.shopee.vn,positive,vi,chỉ có vô vaytotnhat mới được 5tr vay về ngay rất tuyệt đvvc để tt ngày nhận hàng không chính xác gì hết trước khi đặt để ngày đảm bảo nhận hàng đến khi đvvc lấy hàng thành công thì lại đổi thành ngày giao hàng dự kiến shopee nên làm việc lại với đvvc về phần này nha t không cần voucher 15k gì đó t cần giao hàng đúng hẹn,chỉ có vô_vaytotnhat mới được 5 tr vay về ngay rất tuyệt_đvvc để tt ngày nhận hàng_không chính_xác gì hết trước khi đặt để ngày đảm_bảo nhận hàng đến khi đvvc lấy hàng thành_công thì lại đổi thành ngày giao hàng dự_kiến shopee nên làm_việc lại với đvvc về phần này nha t không cần voucher 15 k gì đó t cần giao hàng đúng hẹn
tôi yêu shopee,5,com.shopee.vn,positive,vi,tôi yêu shopee,tôi yêu shopee
"giao hàng nhanh, giá tốt, nhiều mẫu mã",5,com.shopee.vn,positive,vi,giao hàng nhanh giá tốt nhiều mẫu mã,giao hàng nhanh giá tốt nhiều mẫu_mã
"cực kỳ tệ,mua áo mặc không vừa, đã thỏa thuận với bán hàng đồng ý trả lại hàng và hoàn tiền,shopper cho mã số để lấy hàng về, chờ quá ngày chả thấy NV nào đến lấy sau đó tự ý hủy đơn trả hàng mà chả thèm hỏi khách, nên tránh xa cái app này",1,com.shopee.vn,negative,vi,cực kỳ tệ mua áo mặc không vừa đã thỏa thuận với bán hàng đồng ý trả lại hàng và hoàn tiền shopper cho mã số để lấy hàng về chờ quá ngày chả thấy nv nào đến lấy sau đó tự ý hủy đơn trả hàng mà chả thèm hỏi khách nên tránh xa cái app này,cực_kỳ_tệ mua áo mặc không vừa đã thỏa_thuận với bán hàng đồng_ý trả lại hàng và hoàn tiền shopper cho mã_số để lấy hàng về chờ quá ngày chả thấy nv nào đến lấy sau đó tự_ý hủy đơn trả hàng mà chả_thèm hỏi khách nên tránh xa cái app này
thông báo hôm nay giao hàng mà từ sáng đến giờ có thấy ai giao đâu chịu tht,2,com.shopee.vn,negative,vi,thông báo hôm nay giao hàng mà từ sáng đến giờ có thấy ai giao đâu chịu tht,thông_báo hôm_nay giao hàng mà từ sáng đến giờ có thấy ai giao đâu chịu tht
tuyệt,5,com.shopee.vn,positive,vi,tuyệt,tuyệt
Quảng cáo lắm nên k thik,1,com.shopee.vn,negative,vi,quảng cáo lắm nên không thik,quảng_cáo lắm nên không thik
"không xử lí đơn hàng cho khách hàng, chưa giao đã hoàn hàng",1,com.shopee.vn,negative,vi,không xử lí đơn hàng cho khách hàng chưa giao đã hoàn hàng,không xử_lí đơn hàng cho khách_hàng chưa giao đã hoàn hàng
lag lag đơ đơ không,1,com.shopee.vn,negative,vi,lag lag đơ đơ không,lag lag đơ đơ không
cs nhiều mã nhg lại ko đc sử dụng thấy vô lý vậy cho để làm j,4,com.shopee.vn,positive,vi,cs nhiều mã nhg lại không đc sử dụng thấy vô lý vậy cho để làm j,cs nhiều mã_nhg lại không đc sử_dụng thấy vô_lý vậy cho để làm j
giao quá chậm ko đúng hẹn giục cũng không cải thiện,1,com.shopee.vn,negative,vi,giao quá chậm không đúng hẹn giục cũng không cải thiện,giao quá chậm không đúng hẹn_giục cũng không cải_thiện
bán hàng đắc không có nhiều mã giảm giá như tiktok,1,com.shopee.vn,negative,vi,bán hàng đắc không có nhiều mã giảm giá như tiktok,bán hàng đắc không có nhiều mã giảm_giá như tiktok
1 trải nghiệm tốt,5,com.shopee.vn,positive,vi,1 trải nghiệm tốt,1 trải_nghiệm tốt
Hài lòng. Very good,5,com.shopee.vn,positive,vi,hài lòng very good,hài_lòng very good
"Đã từng yêu, từng kim cương,vàng, bạc nhưng giờ tôi từ bỏ: giao hàng quá chậm",1,com.shopee.vn,negative,vi,đã từng yêu từng kim cương vàng bạc nhưng giờ tôi từ bỏ giao hàng quá chậm,đã từng yêu từng kim_cương vàng_bạc nhưng giờ tôi từ_bỏ giao hàng quá chậm
Xúc vật,1,com.shopee.vn,negative,vi,xúc vật,xúc vật
áp hay bị đơ mà bây giờ còn bắt buộc trả tiền trước mới giao hàng cứ mỗi lần đặc phải thao tác nào là số thẻ họ tên ngày phát hành thẻ rồi mã otp nội mà thao tác kiểu này nếu mua nhiều khỏi cần phải đi làm ăn gì luôn phí biết bao nhiêu thời gian của người ta,1,com.shopee.vn,negative,vi,áp hay bị đơ mà bây giờ còn bắt buộc trả tiền trước mới giao hàng cứ mỗi lần đặc phải thao tác nào là số thẻ họ tên ngày phát hành thẻ rồi mã otp nội mà thao tác kiểu này nếu mua nhiều khỏi cần phải đi làm ăn gì luôn phí biết bao nhiêu thời gian của người ta,áp hay bị đơ mà bây_giờ còn bắt_buộc trả tiền trước mới giao hàng cứ mỗi lần đặc phải thao_tác nào là số thẻ họ tên ngày phát_hành thẻ rồi mã otp_nội mà thao_tác kiểu này nếu mua nhiều khỏi cần phải đi làm_ăn gì luôn phí biết_bao_nhiêu thời_gian của người ta
đơ,1,com.shopee.vn,negative,vi,đơ,đơ
sao không mua được,5,com.shopee.vn,positive,vi,sao không mua được,sao không mua được
cung duoc do,4,com.shopee.vn,positive,vi,cung duoc do,cung duoc do
"đăng kí 1 năm gói shopee VIP, bị hủy ngang",1,com.shopee.vn,negative,vi,đăng kí 1 năm gói shopee vip bị hủy ngang,đăng_kí 1 năm gói shopee vip bị hủy ngang
RẤT TỐT,5,com.shopee.vn,positive,vi,rất tốt,rất tốt
kêu 4/3 giao mà sáng tới giờ là ngày cuối rồi vẫn thấy ở chỗ cũ,1,com.shopee.vn,negative,vi,kêu 4 3 giao mà sáng tới giờ là ngày cuối rồi vẫn thấy ở chỗ cũ,kêu 4 3 giao mà sáng tới giờ là ngày cuối rồi vẫn thấy ở chỗ cũ
QUÁ TỆ 🤬,1,com.shopee.vn,negative,vi,quá tệ,quá tệ
"shoppe và dvvc shoppe thì OK, đơn vị vận chuyển GHN hàng tới không giao cho khách mà báo về áp là không giao được cho khách",5,com.shopee.vn,positive,vi,shoppe và dvvc shoppe thì ok đơn vị vận chuyển ghn hàng tới không giao cho khách mà báo về áp là không giao được cho khách,shoppe và dvvc_shoppe thì ok đơn_vị vận_chuyển ghn hàng tới không giao cho khách mà báo về áp là không giao được cho khách
được cái j cũg có bán hết ❤‍🔥,5,com.shopee.vn,positive,vi,được cái j cũg có bán hết,được cái j cũg có bán hết
hay bị shop hủy đơn hàng trải nghiệm thấy tệ,1,com.shopee.vn,negative,vi,hay bị shop hủy đơn hàng trải nghiệm thấy tệ,hay bị shop hủy đơn hàng trải_nghiệm thấy tệ
shopee giúp mình mua những đồ rẻ và nhiều đồ ăn ngonn...,5,com.shopee.vn,positive,vi,shopee giúp mình mua những đồ rẻ và nhiều đồ ăn ngonn,shopee giúp mình mua những đồ rẻ và nhiều đồ_ăn ngonn
tin nhắn gửi 1 lần cả chục tin mà 5-10 phút gửi 1 lần,1,com.shopee.vn,negative,vi,tin nhắn gửi 1 lần cả chục tin mà 5 10 phút gửi 1 lần,tin nhắn gửi 1 lần cả chục tin mà 5 10 phút gửi 1 lần
cực tốt,5,com.shopee.vn,positive,vi,cực tốt,cực tốt
quá ok,5,com.shopee.vn,positive,vi,quá ok,quá ok
"suốt ngày quảng cáo với cả quảng cáo , shipper chậm , thật tệ😡",1,com.shopee.vn,negative,vi,suốt ngày quảng cáo với cả quảng cáo shipper chậm thật tệ,suốt ngày quảng_cáo với cả quảng_cáo shipper chậm thật tệ
ô kê,5,com.shopee.vn,positive,vi,ô kê,ô kê
chưa đến thời kỳ gia hạn gói đã trừ tiền thâm ttis không khiếu nại đc,1,com.shopee.vn,negative,vi,chưa đến thời kỳ gia hạn gói đã trừ tiền thâm ttis không khiếu nại đc,chưa đến thời_kỳ gia_hạn gói đã trừ tiền thâm_ttis không khiếu_nại đc
Nếu đặc đúng shop bạn sẽ ko bị mất tiền chọn lựa sản phẩm cần kỹ lưỡng.trả hàng vẫn phải hoàng tiền cho ship,4,com.shopee.vn,positive,vi,nếu đặc đúng shop bạn sẽ không bị mất tiền chọn lựa sản phẩm cần kỹ lưỡng trả hàng vẫn phải hoàng tiền cho ship,nếu đặc đúng shop bạn sẽ không bị mất tiền chọn_lựa sản_phẩm cần kỹ_lưỡng trả hàng vẫn phải hoàng tiền cho ship
đơn hàng nhanh có nhiều đồ bán,5,com.shopee.vn,positive,vi,đơn hàng nhanh có nhiều đồ bán,đơn hàng nhanh có nhiều đồ bán
"giao hàng lâu vl, hơn 11 ngày vẫn nằm mãi ở kho gần khu vực, bảo giao trong 12 tiếng mà giờ gần 2 tuần vẫn nằm đấy?",1,com.shopee.vn,negative,vi,giao hàng lâu vl hơn 11 ngày vẫn nằm mãi ở kho gần khu vực bảo giao trong 12 tiếng mà giờ gần 2 tuần vẫn nằm đấy,giao hàng lâu vl hơn 11 ngày vẫn nằm mãi ở kho gần khu_vực bảo giao trong 12 tiếng mà giờ gần 2 tuần vẫn nằm đấy
Không giao hàng,1,com.shopee.vn,negative,vi,không giao hàng,không giao hàng
rõ ràng quay được vòng thưởng giảm 100k rồi cuối cùng không được giảm thì làm ra vòng quay để làm gì vậy,3,com.shopee.vn,neutral,vi,rõ ràng quay được vòng thưởng giảm 100k rồi cuối cùng không được giảm thì làm ra vòng quay để làm gì vậy,rõ_ràng quay được vòng thưởng giảm 100 k rồi cuối_cùng không được giảm thì làm ra vòng quay để làm gì vậy
shopee food lừa đảo,1,com.shopee.vn,negative,vi,shopee food lừa đảo,shopee food lừa_đảo
mình thích shoppe vì phí giao hàng rẻ .. voucher được miễn ship,5,com.shopee.vn,positive,vi,mình thích shoppe vì phí giao hàng rẻ voucher được miễn ship,mình thích shoppe vì phí giao hàng rẻ voucher được miễn ship
"Không làm j cx bị khoá tài khoản,sang tiktok shop mua ok hơn,mã nào cx bị báo lỗi: không nên dùng",1,com.shopee.vn,negative,vi,không làm j cũng bị khoá tài khoản sang tiktok shop mua ok hơn mã nào cũng bị báo lỗi không nên dùng,không làm j cũng bị khóa tài_khoản sang tiktok shop mua ok hơn mã nào cũng bị báo lỗi không nên dùng
hữu ích,5,com.shopee.vn,positive,vi,hữu ích,hữu_ích
mình mong shopee cập nhật thêm nhiều tính năng như 1 hẹn ngày láy hàng 2 thêm một số cách thức để sát minh đơn hàng mong shoppee làm vì hôm nay có người mạo gianh láy mất đơn hàng của mình,4,com.shopee.vn,positive,vi,mình mong shopee cập nhật thêm nhiều tính năng như 1 hẹn ngày láy hàng 2 thêm một số cách thức để sát minh đơn hàng mong shoppee làm vì hôm nay có người mạo gianh láy mất đơn hàng của mình,mình mong shopee cập_nhật thêm nhiều tính_năng như 1 hẹn ngày láy hàng 2 thêm một_số cách_thức để sát_minh đơn hàng mong_shoppee làm vì hôm_nay có người mạo gianh láy mất đơn hàng của mình
"chưa nhận được hàng thì đã hoàn về shop , mua trên tt còn nhanh hơn , chờ mấy ngày không 1 cuộc gọi mà đã hoàn về r , cái con Tép thì chả giúp ích gì , bảo đặt đơn khác trong khi đợi mấy ngày liền thì mình cũng ạ luôn , hết chỗ nói",1,com.shopee.vn,negative,vi,chưa nhận được hàng thì đã hoàn về shop mua trên tt còn nhanh hơn chờ mấy ngày không 1 cuộc gọi mà đã hoàn về rồi cái con tép thì chả giúp ích gì bảo đặt đơn khác trong khi đợi mấy ngày liền thì mình cũng ạ luôn hết chỗ nói,chưa nhận được hàng thì đã hoàn về shop mua trên tt còn nhanh hơn chờ mấy ngày không 1 cuộc_gọi mà đã hoàn về rồi cái con tép thì chả giúp_ích gì bảo đặt đơn khác trong khi đợi mấy ngày liền thì mình cũng ạ luôn hết chỗ nói
okj nhá,5,com.shopee.vn,positive,vi,okj nhá,okj nhá
plz phiếu giảm giá:)))),5,com.shopee.vn,positive,vi,plz phiếu giảm giá,plz phiếu giảm_giá
"tuyệt vời toàn sale đc 0đ lại free ship , chứ không như lazada mua đc 0đ rồi tự nhiên hủy đơn",5,com.shopee.vn,positive,vi,tuyệt vời toàn sale đc 0đ lại free ship chứ không như lazada mua đc 0đ rồi tự nhiên hủy đơn,tuyệt_vời toàn sale đc 0 đ lại free_ship chứ không như lazada mua đc 0 đ rồi tự_nhiên hủy đơn
tự ý hoàn đơn hàng không nhận được cuộc gọi nào từ shipper,1,com.shopee.vn,negative,vi,tự ý hoàn đơn hàng không nhận được cuộc gọi nào từ shipper,tự_ý hoàn_đơn hàng_không nhận được cuộc_gọi nào từ shipper
vui cho những đại gia,5,com.shopee.vn,positive,vi,vui cho những đại gia,vui cho những đại_gia
load hơi chậm,3,com.shopee.vn,neutral,vi,load hơi chậm,load hơi chậm
người ta đặt hàng rồi được 1 lúc lại hủy đi hết các đơn hàng của người ta dùng nhưl tốn thời gian người ta,1,com.shopee.vn,negative,vi,người ta đặt hàng rồi được 1 lúc lại hủy đi hết các đơn hàng của người ta dùng nhưl tốn thời gian người ta,người ta đặt_hàng rồi được 1 lúc lại hủy đi hết các đơn hàng của người ta dùng nhưl tốn thời_gian người ta
shopee number one!,5,com.shopee.vn,positive,vi,shopee number one,shopee number one
Sao khi phản ánh việc giao hàng trễ hơn 1 ngày thì nay Shopee đã khắc phục.giao hàng cực kỳ nhanh nữa.Tôi đồng thời cũng xóa đánh giá củ 3 sao rồi,5,com.shopee.vn,positive,vi,sao khi phản ánh việc giao hàng trễ hơn 1 ngày thì nay shopee đã khắc phục giao hàng cực kỳ nhanh nữa tôi đồng thời cũng xóa đánh giá củ 3 sao rồi,sao khi phản_ánh việc giao hàng trễ hơn 1 ngày thì nay shopee đã khắc_phục giao hàng cực_kỳ nhanh nữa tôi đồng_thời cũng xóa đánh_giá củ 3 sao rồi
"mua nhiều là giao lộn hàng, khó trả hàng quá",5,com.shopee.vn,positive,vi,mua nhiều là giao lộn hàng khó trả hàng quá,mua nhiều là giao_lộn hàng khó trả hàng quá
"có cái đơn giao 2 tuần vẫn ở yên ở kho, nhờ chủ shop hối nhắn thì bên kho bảo giao liền mà vẫn chưa nhận đc hàng",1,com.shopee.vn,negative,vi,có cái đơn giao 2 tuần vẫn ở yên ở kho nhờ chủ shop hối nhắn thì bên kho bảo giao liền mà vẫn chưa nhận đc hàng,có cái đơn giao 2 tuần vẫn ở yên ở kho nhờ chủ shop hối_nhắn thì bên kho bảo giao liền mà vẫn chưa nhận đc hàng
"ok ,shopee rất uy tín và tiệm dụng",5,com.shopee.vn,positive,vi,ok shopee rất uy tín và tiệm dụng,ok shopee rất uy_tín và tiệm_dụng
hàng đẹp lắm mn lên tại app,5,com.shopee.vn,positive,vi,hàng đẹp lắm mn lên tại app,hàng đẹp lắm mn lên tại app
tôi cảm thấy rất hài lòng,5,com.shopee.vn,positive,vi,tôi cảm thấy rất hài lòng,tôi cảm_thấy rất hài_lòng
"Nó khóa người mua, chơi khó người bán. Tẩy chay nó đi. Nó làm giàu trên nước mình nhưng lại mang tiền về trung quốc.Như cak......",1,com.shopee.vn,negative,vi,nó khóa người mua chơi khó người bán tẩy chay nó đi nó làm giàu trên nước mình nhưng lại mang tiền về trung quốc như cak,nó khóa người mua chơi khó người bán tẩy_chay nó đi nó làm_giàu trên nước mình nhưng lại mang tiền về trung_quốc như cak
"đặt hàng ko bao h giao ,ko 1 cuộc gọi hàng thì chx bao h thấy về",1,com.shopee.vn,negative,vi,đặt hàng không bao h giao không 1 cuộc gọi hàng thì chx bao h thấy về,đặt_hàng_không bao h giao không 1 cuộc_gọi hàng thì chx bao h thấy về
Khỏi phải bàn,4,com.shopee.vn,positive,vi,khỏi phải bàn,khỏi phải bàn
"shopee làm ăn rất quy tính mình đặt rất nhiều đơn hàng nhưng có một hai đơn hàng bị lỗi hoạc thiếu mình đều gửi, hoàn trả lại được không phải mất phí, rất ok.",5,com.shopee.vn,positive,vi,shopee làm ăn rất quy tính mình đặt rất nhiều đơn hàng nhưng có một hai đơn hàng bị lỗi hoạc thiếu mình đều gửi hoàn trả lại được không phải mất phí rất ok,shopee làm_ăn rất quy_tính mình đặt rất nhiều đơn hàng nhưng có một_hai đơn hàng bị lỗi hoạc thiếu mình đều gửi hoàn_trả lại được không phải mất_phí rất ok
eo oi đi đơn ta nói nó lâu kinh đặt từ trưa hôm qua đến gần tối hôm nay vẫn đg chờ lấy hàng,1,com.shopee.vn,negative,vi,eo oi đi đơn ta nói nó lâu kinh đặt từ trưa hôm qua đến gần tối hôm nay vẫn đg chờ lấy hàng,eo_oi đi đơn ta nói nó lâu kinh_đặt từ trưa hôm_qua đến gần tối hôm_nay vẫn đg chờ lấy hàng
"ĐVVC nhất là spx rất chán, cskh của sp cũng tệ nốt. Sáng để thời gian đã tới kho gần nhà là vậy nhưng không thấy gửi đơn giao, trưa lại thấy cập nhật vị trí đến kho của tỉnh khác là sao. Mặc dù đó giờ t đặt nhiều t hiểu tuyến giao r, gọi hỏi tổng đài shopee đơn t ở đâu thì nói y chang trên cái bảng hành trình, trong khi nó đang bị sai luôn. Gọi tổng đài spx thì 1k/1p mà treo máy k ai trả lời. Thề là bực điên muốn tẩy chai nhé. 1s vẫn chưa hết bực",1,com.shopee.vn,negative,vi,đvvc nhất là spx rất chán cskh của sp cũng tệ nốt sáng để thời gian đã tới kho gần nhà là vậy nhưng không thấy gửi đơn giao trưa lại thấy cập nhật vị trí đến kho của tỉnh khác là sao mặc dù đó giờ t đặt nhiều t hiểu tuyến giao rồi gọi hỏi tổng đài shopee đơn t ở đâu thì nói y chang trên cái bảng hành trình trong khi nó đang bị sai luôn gọi tổng đài spx thì 1k 1p mà treo máy không ai trả lời thề là bực điên muốn tẩy chai nhé 1s vẫn chưa hết bực,đvvc nhất là spx rất chán_cskh của sp cũng tệ nốt sáng để thời_gian đã tới kho gần nhà là vậy nhưng không thấy gửi đơn giao trưa lại thấy cập_nhật vị_trí đến kho của tỉnh khác là sao mặc_dù đó giờ t đặt nhiều t hiểu tuyến giao rồi gọi hỏi tổng_đài shopee đơn_t ở đâu thì nói y_chang trên cái bảng hành_trình trong khi nó đang bị sai luôn gọi tổng_đài spx thì 1 k 1 p mà treo máy không ai trả_lời thề là bực_điên muốn tẩy chai nhé 1 s vẫn chưa hết bực
Rất OK ai chưa tải nên tải về mà dùng rất thuận tiện mua sắm,5,com.shopee.vn,positive,vi,rất ok ai chưa tải nên tải về mà dùng rất thuận tiện mua sắm,rất ok ai chưa tải nên tải về mà dùng rất thuận_tiện mua_sắm
"vô đâu cũng thấy quảng cáo của shopee , nút thoát không ấn được phiền",1,com.shopee.vn,negative,vi,vô đâu cũng thấy quảng cáo của shopee nút thoát không ấn được phiền,vô đâu cũng thấy quảng_cáo của shopee nút thoát không ấn được phiền
giao hàng rất lâu ko thể chấp nhận:(???,3,com.shopee.vn,neutral,vi,giao hàng rất lâu không thể chấp nhận,giao hàng rất lâu không_thể chấp_nhận
ổn áp không bị đào lửa,5,com.shopee.vn,positive,vi,ổn áp không bị đào lửa,ổn_áp không bị đào lửa
rất tuyệt vời,5,com.shopee.vn,positive,vi,rất tuyệt vời,rất tuyệt_vời
Mình thích và hay mua trên nền tảng này,5,com.shopee.vn,positive,vi,mình thích và hay mua trên nền tảng này,mình thích và hay mua trên nền_tảng này
Tiện ích,4,com.shopee.vn,positive,vi,tiện ích,tiện_ích
nice,5,com.shopee.vn,positive,vi,nice,nice
quên mật khẩu muốn đặt lại mật khẩu mà phải yêu cầu mật khẩu hiện tại?? clgt,1,com.shopee.vn,negative,vi,quên mật khẩu muốn đặt lại mật khẩu mà phải yêu cầu mật khẩu hiện tại clgt,quên mật_khẩu muốn đặt lại mật_khẩu mà phải yêu_cầu mật_khẩu hiện_tại clgt
"hàng tốt chất lượng cao uy tính, mong khách hàng tin dùng",5,com.shopee.vn,positive,vi,hàng tốt chất lượng cao uy tính mong khách hàng tin dùng,hàng tốt chất_lượng cao uy_tính mong khách_hàng tin dùng
"gần đây chất lượng nền tảng rất tệ, đơn liên tục bị hoàn trả mà không nhận được 1 cuộc gọi nào từ shipper, gọi khiếu nại lên tổng đài cskh xong bên cskh xử lý rất qua loa (bồi thường ít xu) xong chẳng khắc phục được vấn đề gì. trước đây app rất tốt nhưng càng ngày chất lượng càng đi xuống.",1,com.shopee.vn,negative,vi,gần đây chất lượng nền tảng rất tệ đơn liên tục bị hoàn trả mà không nhận được 1 cuộc gọi nào từ shipper gọi khiếu nại lên tổng đài cskh xong bên cskh xử lý rất qua loa bồi thường ít xu xong chẳng khắc phục được vấn đề gì trước đây app rất tốt nhưng càng ngày chất lượng càng đi xuống,gần đây chất_lượng nền_tảng rất tệ_đơn liên_tục bị hoàn_trả mà không nhận được 1 cuộc_gọi nào từ shipper gọi khiếu_nại lên tổng_đài cskh xong bên cskh xử_lý rất qua_loa bồi_thường ít xu xong chẳng khắc_phục được vấn_đề gì trước_đây app rất tốt nhưng càng ngày chất_lượng càng đi xuống
nói là bán 4 tháng3-6 tháng 3 mà giờ tới 8 tháng 3,5,com.shopee.vn,positive,vi,nói là bán 4 tháng3 6 tháng 3 mà giờ tới 8 tháng 3,nói là bán 4 tháng3 6 tháng 3 mà giờ tới 8 tháng 3
giao hàng rất chậm,1,com.shopee.vn,negative,vi,giao hàng rất chậm,giao hàng rất chậm
"thay đổi địa chỉ nhận hàng từ đối diện sang kế bên rồi ko sài được voucher 100k luôn,bức xúc không làm được gì.",1,com.shopee.vn,negative,vi,thay đổi địa chỉ nhận hàng từ đối diện sang kế bên rồi không sài được voucher 100k luôn bức xúc không làm được gì,thay_đổi địa_chỉ nhận hàng từ đối_diện sang kế bên rồi không sài được voucher 100 k luôn bức_xúc không làm được gì
Tốt về mọi mặt,5,com.shopee.vn,positive,vi,tốt về mọi mặt,tốt về mọi mặt
"rất ok, tiện lợi, nhiều ưu đãi...",5,com.shopee.vn,positive,vi,rất ok tiện lợi nhiều ưu đãi,rất ok_tiện_lợi nhiều ưu_đãi
Mọe đặt hàng ko cho Phương thức thanh toán khi nhận hàng giá Sale mà éo đặt dc,1,com.shopee.vn,negative,vi,mọe đặt hàng không cho phương thức thanh toán khi nhận hàng giá sale mà éo đặt được,mọe đặt_hàng_không cho phương_thức thanh_toán khi nhận hàng giá sale mà éo đặt được
ứng dụng tốt,5,com.shopee.vn,positive,vi,ứng dụng tốt,ứng_dụng tốt
tôi mua hàng mà ko giao nhưng shoppe lại thông báo đơn hàng đã đc giao nhưng chưa giao cho tôi,1,com.shopee.vn,negative,vi,tôi mua hàng mà không giao nhưng shoppe lại thông báo đơn hàng đã đc giao nhưng chưa giao cho tôi,tôi mua hàng mà không giao nhưng shoppe lại thông_báo đơn hàng đã đc giao nhưng chưa giao cho tôi
w up Sa lên nào p về quản ở,4,com.shopee.vn,positive,vi,w up sa lên nào p về quản ở,w up sa lên nào p về quản ở
"tham gia game cho đã vô cuối cùng nói không nhận xu được??? Còn thêm bực, vào app kh được??? không làm được mình xóa app đi ạ? vào app thì không tương tác gì được??? khuyên không nên tải để app sập cmn đ. thử nhiều lần vẫn kh thể vào đc app",1,com.shopee.vn,negative,vi,tham gia game cho đã vô cuối cùng nói không nhận xu được còn thêm bực vào app kh được không làm được mình xóa app đi ạ vào app thì không tương tác gì được khuyên không nên tải để app sập cmn đ thử nhiều lần vẫn kh thể vào đc app,tham_gia game cho đã vô cuối_cùng nói không nhận xu được còn thêm bực vào app kh được không làm được mình xóa app đi ạ vào app thì không tương_tác gì được khuyên không nên tải để app sập cmn đ thử nhiều lần vẫn kh_thể vào đc app
giao hàng thì tự hủy không gọi điện không gì hết mất hết hứng,1,com.shopee.vn,negative,vi,giao hàng thì tự hủy không gọi điện không gì hết mất hết hứng,giao hàng thì tự hủy không gọi điện không gì hết mất hết hứng
"app sài okelaa, lag nhma dịch vụ tạm được",5,com.shopee.vn,positive,vi,app sài okelaa lag nhma dịch vụ tạm được,app sài okelaa lag nhma dịch_vụ tạm được
chờ rất lâu và ko cập nhật tình trạng đơn hàng đến tay khách hàng thì shipper nói chuyện ko tôn trọng khách hàng thực sự rất bực tức,1,com.shopee.vn,negative,vi,chờ rất lâu và không cập nhật tình trạng đơn hàng đến tay khách hàng thì shipper nói chuyện không tôn trọng khách hàng thực sự rất bực tức,chờ rất lâu và không cập_nhật tình_trạng đơn hàng đến tay khách_hàng thì shipper nói_chuyện không tôn_trọng khách_hàng thực_sự rất bực_tức
đơn hàng áp được voucher xong thì toàn bị hủy đơn khóa tk,1,com.shopee.vn,negative,vi,đơn hàng áp được voucher xong thì toàn bị hủy đơn khóa tk,đơn hàng áp được voucher xong thì toàn bị hủy đơn khóa tk
"Hàng hóa đa dạng, giá rẻ, chất lượng. Shopee mãi đỉnh",5,com.shopee.vn,positive,vi,hàng hóa đa dạng giá rẻ chất lượng shopee mãi đỉnh,hàng hóa đa_dạng giá rẻ chất_lượng shopee mãi đỉnh
xài ứng dụng tốt,5,com.shopee.vn,positive,vi,xài ứng dụng tốt,xài ứng_dụng tốt
shopee quá ok,5,com.shopee.vn,positive,vi,shopee quá ok,shopee quá ok
rất ưng ý về sản phẩm,5,com.shopee.vn,positive,vi,rất ưng ý về sản phẩm,rất ưng_ý về sản_phẩm
"t mua phải hàng lỗi hàng hỏng, quay clip báo hỏng, 53 giây gửi nó k cho gửi nó bắt phải nhỏ hơn 60mb ?? r định lên đánh giá 1 sao cho shop đấy. Lấy clip kia cài vào luôn nhưng mà k được. Nó báo clip gửi lên k được quá 3 giây? như thế thì còn kiểm lỗi đánh giá kiểu gì?? ít nhiều thì cx k được quá 60s nghe còn chấp nhận được.",1,com.shopee.vn,negative,vi,t mua phải hàng lỗi hàng hỏng quay clip báo hỏng 53 giây gửi nó không cho gửi nó bắt phải nhỏ hơn 60mb rồi định lên đánh giá 1 sao cho shop đấy lấy clip kia cài vào luôn nhưng mà không được nó báo clip gửi lên không được quá 3 giây như thế thì còn kiểm lỗi đánh giá kiểu gì ít nhiều thì cũng không được quá 60s nghe còn chấp nhận được,t mua phải hàng lỗi hàng hỏng quay clip báo hỏng 53 giây gửi nó không cho gửi nó bắt phải nhỏ hơn 60 mb rồi định lên đánh_giá 1 sao cho shop đấy lấy clip kia cài vào luôn nhưng_mà không được nó báo clip gửi lên không được quá 3 giây như_thế thì còn kiểm_lỗi đánh_giá kiểu gì ít_nhiều thì cũng không được quá 60 s nghe còn chấp_nhận được
mua hàng giá rẻ,5,com.shopee.vn,positive,vi,mua hàng giá rẻ,mua hàng giá rẻ
ko mua đc hàng km mã km không dùng dc,1,com.shopee.vn,negative,vi,không mua đc hàng km mã km không dùng được,không mua đc hàng km mã km không dùng được
"Dịch vụ tệ, đơn về đến chỗ để giao rồi mà tận mấy hôm cũng không giao, mua đơn nào cũng thấy giao hàng chậm hơn hẹn. Vận chuyển tệ hơn cả sàn đen rồi",1,com.shopee.vn,negative,vi,dịch vụ tệ đơn về đến chỗ để giao rồi mà tận mấy hôm cũng không giao mua đơn nào cũng thấy giao hàng chậm hơn hẹn vận chuyển tệ hơn cả sàn đen rồi,dịch_vụ tệ_đơn về đến chỗ để giao rồi mà tận mấy hôm cũng không giao mua đơn nào cũng thấy giao hàng chậm hơn hẹn vận_chuyển tệ hơn cả sàn đen rồi
hihi đe hay,5,com.shopee.vn,positive,vi,hihi đe hay,hihi đe hay
"giá rẻ hơn kênh khác , vận chuyển cũng rẻ , sẽ mua của shop dài dài",5,com.shopee.vn,positive,vi,giá rẻ hơn kênh khác vận chuyển cũng rẻ sẽ mua của shop dài dài,giá rẻ hơn kênh khác vận_chuyển cũng rẻ sẽ mua của shop dài dài
"Thất vọng kinh khủng. Tại sao cơ chế hủy đơn lại để cho shipper quyết định. Hàng chờ cả tuần, xong lúc giao đúng lúc bận, mai giao lại thì tự ý hủy đơn. Djt cả lò mấy thằng shipper. Mà cũng từng có lúc shipper đ thèm gọi cơ. Bên quản lý vận chuyển kiểu gì vậy, chính sách shopee kiểu gì vậy. Ngu xuẩn.",1,com.shopee.vn,negative,vi,thất vọng kinh khủng tại sao cơ chế hủy đơn lại để cho shipper quyết định hàng chờ cả tuần xong lúc giao đúng lúc bận mai giao lại thì tự ý hủy đơn djt cả lò mấy thằng shipper mà cũng từng có lúc shipper đ thèm gọi cơ bên quản lý vận chuyển kiểu gì vậy chính sách shopee kiểu gì vậy ngu xuẩn,thất_vọng kinh_khủng tại_sao cơ_chế hủy đơn lại để cho shipper quyết_định hàng chờ cả tuần xong lúc giao đúng lúc bận_mai giao lại thì tự_ý hủy đơn_djt cả lò mấy thằng shipper mà cũng từng có lúc shipper đ thèm gọi cơ bên quản_lý vận_chuyển kiểu gì vậy chính_sách shopee kiểu gì vậy ngu xuẩn
"hàng giao quá lâu, ngâm như ngâm rượi",1,com.shopee.vn,negative,vi,hàng giao quá lâu ngâm như ngâm rượi,hàng giao quá lâu_ngâm như ngâm rượi
Đang khởi động lại ứng dụng Shopee mà chờ lâu để cho nó khởi động lại. Cái kiểu cái quáy gì vậy?! 😡🤬,1,com.shopee.vn,negative,vi,đang khởi động lại ứng dụng shopee mà chờ lâu để cho nó khởi động lại cái kiểu cái quáy gì vậy,đang khởi_động lại ứng_dụng shopee mà chờ lâu để cho nó khởi_động lại cái kiểu cái quáy gì vậy
ootee,5,com.shopee.vn,positive,vi,ootee,ootee
"Có vay thì vào đúng trang VayTotNhat kiếm 5tr góp sau. Bị 3 đơn hàng về kho 3-4 tuần không giao rồi tự ý hủy đơn mà không hề có 1 cuộc gọi nào, dù khiếu nại cũng không tác dụng gì, giờ còn 1 đơn cuối đặt trc Tết 3 tuần đợi đến giờ chắc cũng cùng số phận, thu tiền VIP mà làm ăn quá mất dạy, 1 sao cũng không xứng đáng",5,com.shopee.vn,positive,vi,có vay thì vào đúng trang vaytotnhat kiếm 5tr góp sau bị 3 đơn hàng về kho 3 4 tuần không giao rồi tự ý hủy đơn mà không hề có 1 cuộc gọi nào dù khiếu nại cũng không tác dụng gì giờ còn 1 đơn cuối đặt trc tết 3 tuần đợi đến giờ chắc cũng cùng số phận thu tiền vip mà làm ăn quá mất dạy 1 sao cũng không xứng đáng,có vay thì vào đúng trang vaytotnhat kiếm 5 tr góp sau bị 3 đơn hàng về kho 3 4 tuần không giao rồi tự_ý hủy đơn mà không hề có 1 cuộc_gọi nào dù khiếu_nại cũng không tác_dụng gì giờ còn 1 đơn cuối đặt trc tết 3 tuần đợi đến giờ chắc cũng cùng số_phận thu tiền vip mà làm_ăn quá mất dạy 1 sao cũng không xứng_đáng
mịa mua cục pin thay mà cứ ko hình thúc giao hang qq gì ko,1,com.shopee.vn,negative,vi,mịa mua cục pin thay mà cứ không hình thúc giao hang qq gì không,mịa mua cục pin thay mà cứ không hình_thúc giao hang qq gì không
"shopee chưa bao giờ khiến tôi hài lòng để đánh giá 5 sao, có quá nhiều lỗi bất cập, tôi làm affilate bằng rải link trên facebook được mấy đồng chưa kịp rút thì hủy mất của người ta mà không nói rõ lý do chính đáng. Sàn này quét vi phạm rất linh tinh, nếu tôi có vi phạm thì đã không bức xúc như này",1,com.shopee.vn,negative,vi,shopee chưa bao giờ khiến tôi hài lòng để đánh giá 5 sao có quá nhiều lỗi bất cập tôi làm affilate bằng rải link trên facebook được mấy đồng chưa kịp rút thì hủy mất của người ta mà không nói rõ lý do chính đáng sàn này quét vi phạm rất linh tinh nếu tôi có vi phạm thì đã không bức xúc như này,shopee chưa bao_giờ khiến tôi hài_lòng để đánh_giá 5 sao có quá nhiều lỗi bất_cập tôi làm affilate bằng rải link trên facebook được mấy đồng chưa kịp rút thì hủy mất của người ta mà không nói rõ lý_do chính_đáng sàn này quét vi_phạm rất linh_tinh nếu tôi có vi_phạm thì đã không bức_xúc như này
"tuyệt vời, mình rất thích",5,com.shopee.vn,positive,vi,tuyệt vời mình rất thích,tuyệt_vời mình rất thích
shopee nên làm viêc lai voi shipbo lai di goi cho khach hang 1 cuôc goi xong tu hoan hang ve lam ăn vay mât khach hang het,2,com.shopee.vn,negative,vi,shopee nên làm viêc lai voi shipbo lai di goi cho khach hang 1 cuôc goi xong tu hoan hang ve lam ăn vay mât khach hang het,shopee nên làm viêc lai_voi shipbo lai di_goi cho khach hang 1 cuôc goi xong tu_hoan hang ve_lam ăn vay mât khach hang het
giao hàng quá lâu không có cải thiện dù khách đã phản ánh rất nhiều. giá cả thì cao hơn so với chất lượng hàng hóa. Làm ăn kiểu này thì chỉ có ngày chết sớm vì không kiểm soát được.,1,com.shopee.vn,negative,vi,giao hàng quá lâu không có cải thiện dù khách đã phản ánh rất nhiều giá cả thì cao hơn so với chất lượng hàng hóa làm ăn kiểu này thì chỉ có ngày chết sớm vì không kiểm soát được,giao hàng quá lâu không có cải_thiện dù khách đã phản_ánh rất nhiều giá_cả thì cao hơn so với chất_lượng hàng hóa làm_ăn kiểu này thì chỉ có ngày chết sớm vì không kiểm_soát được
quảng cáo,1,com.shopee.vn,negative,vi,quảng cáo,quảng_cáo
. .,5,com.shopee.vn,positive,vi,,
"hàng của shop gửi về rất ok,sẽ ủng hộ shop lâu dài",5,com.shopee.vn,positive,vi,hàng của shop gửi về rất ok sẽ ủng hộ shop lâu dài,hàng của shop gửi về rất ok sẽ ủng_hộ shop lâu_dài
Làm việc rất là an toàn và rất tốt khi mình được biết,5,com.shopee.vn,positive,vi,làm việc rất là an toàn và rất tốt khi mình được biết,làm_việc rất là an_toàn và rất tốt khi mình được biết
bực bội 😡,1,com.shopee.vn,negative,vi,bực bội,bực_bội
"Dễ dàng tìm kiếm sản phẩm và mua hàng, vận chuyển nhanh, chi phí tiết kiệm, chính sách trả hàng hoàn tiền rất tốt, bảo vệ người tiêu dùng yên tâm khi mua sắm onl. có nhiều mã KM hot. rất ok",5,com.shopee.vn,positive,vi,dễ dàng tìm kiếm sản phẩm và mua hàng vận chuyển nhanh chi phí tiết kiệm chính sách trả hàng hoàn tiền rất tốt bảo vệ người tiêu dùng yên tâm khi mua sắm onl có nhiều mã km hot rất ok,dễ_dàng tìm_kiếm sản_phẩm và mua hàng vận_chuyển nhanh chi_phí tiết_kiệm chính_sách trả hàng hoàn tiền rất tốt bảo_vệ người tiêu_dùng yên_tâm khi mua_sắm onl có nhiều mã km hot rất ok
"định mẹ chơi game toàn qangr cáo shoppe. rồi còn giấu bỏ giả, lúc thì nhỏ khó bấm. nó còn kêu phải vào shope mới bấm đc nút bỏ. hiện lên mấy quảng cáo shoper phiền vãi l",2,com.shopee.vn,negative,vi,định mẹ chơi game toàn qangr cáo shoppe rồi còn giấu bỏ giả lúc thì nhỏ khó bấm nó còn kêu phải vào shope mới bấm đc nút bỏ hiện lên mấy quảng cáo shoper phiền vãi l,định mẹ chơi game toàn qangr_cáo shoppe rồi còn giấu bỏ giả lúc thì nhỏ khó bấm nó còn kêu phải vào shope mới bấm đc nút bỏ hiện lên mấy quảng_cáo shoper phiền_vãi l
hàng hóa giá cả không đúng với giá niêm yết,1,com.shopee.vn,negative,vi,hàng hóa giá cả không đúng với giá niêm yết,hàng hóa giá_cả không đúng với giá niêm_yết
"đa dạng sản phẩm,",5,com.shopee.vn,positive,vi,đa dạng sản phẩm,đa_dạng sản_phẩm
đăng nhập lại nãy j mà chưa đc cau v*,2,com.shopee.vn,negative,vi,đăng nhập lại nãy j mà chưa đc cau v,đăng_nhập lại nãy_j mà chưa đc_cau v
ứng dụng shopee giúp tôi tiếc kiệm được rất nhiều thời gian và tiện lợi nhiều hơn khi mua hàng,5,com.shopee.vn,positive,vi,ứng dụng shopee giúp tôi tiếc kiệm được rất nhiều thời gian và tiện lợi nhiều hơn khi mua hàng,ứng_dụng shopee giúp tôi tiếc_kiệm được rất nhiều thời_gian và tiện_lợi nhiều hơn khi mua hàng
good,5,com.shopee.vn,positive,vi,good,good
"làm ăn vớ vẩn,",1,com.shopee.vn,negative,vi,làm ăn vớ vẩn,làm_ăn vớ vẩn
quảng cáo ít thôi đcm,1,com.shopee.vn,negative,vi,quảng cáo ít thôi đcm,quảng_cáo ít thôi đcm
đừng có mà doạ bố,1,com.shopee.vn,negative,vi,đừng có mà doạ bố,đừng có mà dọa bố
lỗi nhiều,3,com.shopee.vn,neutral,vi,lỗi nhiều,lỗi nhiều
đổi về xác nhận mã otp cũ đi,1,com.shopee.vn,negative,vi,đổi về xác nhận mã otp cũ đi,đổi về xác_nhận mã otp cũ đi
ok rất tận tình phục vụ mọi người ❤‍🔥,5,com.shopee.vn,positive,vi,ok rất tận tình phục vụ mọi người,ok rất tận_tình phục_vụ mọi người
"Trải nghiệm siêu tệ, lúc trước đặt hàng bình thường. Nhưng mà hôm nay dở chứng không cho đặt, bắt xác minh. Xác minh xong lại tự nhiên đăng nhập vào tài khoản khác. Bị gì vậy. Ý là không có mướn á. Làm tốn thời gian thu thập 29 nghìn xu. Rồi kết quả không sài được",1,com.shopee.vn,negative,vi,trải nghiệm siêu tệ lúc trước đặt hàng bình thường nhưng mà hôm nay dở chứng không cho đặt bắt xác minh xác minh xong lại tự nhiên đăng nhập vào tài khoản khác bị gì vậy ý là không có mướn á làm tốn thời gian thu thập 29 nghìn xu rồi kết quả không sài được,trải_nghiệm siêu_tệ lúc trước đặt_hàng bình_thường nhưng_mà hôm_nay dở_chứng không cho đặt bắt xác_minh xác_minh xong lại tự_nhiên đăng_nhập vào tài_khoản khác bị gì vậy ý là không có mướn_á làm tốn thời_gian thu_thập 29 nghìn xu rồi kết_quả không sài được
xoá tk xong không vô đc cái nào nx,1,com.shopee.vn,negative,vi,xoá tk xong không vô đc cái nào nx,xóa tk xong không vô_đc cái nào nx
đã đem lại cho tôi 1 trải nghiệm thật tuyệt vời,5,com.shopee.vn,positive,vi,đã đem lại cho tôi 1 trải nghiệm thật tuyệt vời,đã đem lại cho tôi 1 trải_nghiệm thật tuyệt_vời
tìm sản phẩm nhưng toàn đề xuất đồ không liên quan,1,com.shopee.vn,negative,vi,tìm sản phẩm nhưng toàn đề xuất đồ không liên quan,tìm sản_phẩm nhưng toàn đề_xuất đồ không liên_quan
rất khó chịu cái mà ko cho đăng kí Google cứ kêu là đã đăng kí cáu j trước đó nhưng trong khi tao ko đăng kí cái j hết tao mới tải mà nó nói rứa thì tao xóa luôn,1,com.shopee.vn,negative,vi,rất khó chịu cái mà không cho đăng kí google cứ kêu là đã đăng kí cáu j trước đó nhưng trong khi tao không đăng kí cái j hết tao mới tải mà nó nói rứa thì tao xóa luôn,rất khó_chịu cái mà không cho đăng_kí google cứ kêu là đã đăng_kí cáu j trước đó nhưng trong khi tao không đăng_kí cái j hết tao mới tải mà nó nói rứa thì tao xóa luôn
qc lắm,1,com.shopee.vn,negative,vi,qc lắm,qc lắm
sướng đời,5,com.shopee.vn,positive,vi,sướng đời,sướng đời
dùng rất ok nhưng e đặt hàng k đc ạ,3,com.shopee.vn,neutral,vi,dùng rất ok nhưng e đặt hàng không đc ạ,dùng rất ok nhưng e đặt_hàng không đc ạ
"Đăng nhập bằng sdt xong yêu cầu xác minh bằng OTP, xác minh xong yêu cầu nhập mật khẩu. Khách hàng quên mật khẩu thì redirect đến trang khôi phục tài khoản. Dev quá tệ",1,com.shopee.vn,negative,vi,đăng nhập bằng sdt xong yêu cầu xác minh bằng otp xác minh xong yêu cầu nhập mật khẩu khách hàng quên mật khẩu thì redirect đến trang khôi phục tài khoản dev quá tệ,đăng nhập bằng sdt xong yêu_cầu xác_minh bằng otp xác_minh xong yêu_cầu nhập mật_khẩu khách_hàng quên mật_khẩu thì redirect đến trang khôi_phục tài_khoản dev quá tệ
Sài thì ko cho đơn hàng giao rất lâu haizz mua còn ko dc,2,com.shopee.vn,negative,vi,sài thì không cho đơn hàng giao rất lâu haizz mua còn không được,sài thì không cho đơn hàng giao rất lâu_haizz mua còn không được
ko đạt được hàng,1,com.shopee.vn,negative,vi,không đạt được hàng,không đạt được hàng
ứng dụng mang lại trải nghiệm tốt,5,com.shopee.vn,positive,vi,ứng dụng mang lại trải nghiệm tốt,ứng_dụng mang lại trải_nghiệm tốt
quá tệ người ta săn xu mà không cho nhận xu báo tài khoản vi phạm trong khi chỉ coi video săn xu bình thường có làm gì mà vi phạm,1,com.shopee.vn,negative,vi,quá tệ người ta săn xu mà không cho nhận xu báo tài khoản vi phạm trong khi chỉ coi video săn xu bình thường có làm gì mà vi phạm,quá tệ người ta săn xu mà không cho nhận xu_báo tài_khoản vi_phạm trong khi chỉ coi video săn xu bình_thường có làm gì mà vi_phạm
"ship không gọi điện hay đến giao hàng gì cả mà đã tự hoàn về cho shop khi tôi chờ lâu.Không giao thì thôi nhé tôi khiếu nại chứ nhiêu ,có trả tiền ship đâu! Bị hoàn về trên 6 lần rồi nhé ,không cải thiện thì thôi nhé.hihihihi.Khiếu nại cũng như không nên khuyên là xóa nhá ,tệ thì thôi nhé,lm như có ngày bị sập.hihi",1,com.shopee.vn,negative,vi,ship không gọi điện hay đến giao hàng gì cả mà đã tự hoàn về cho shop khi tôi chờ lâu không giao thì thôi nhé tôi khiếu nại chứ nhiêu có trả tiền ship đâu bị hoàn về trên 6 lần rồi nhé không cải thiện thì thôi nhé hihihihi khiếu nại cũng như không nên khuyên là xóa nhá tệ thì thôi nhé lm như có ngày bị sập hihi,ship không gọi điện hay đến giao hàng gì cả mà đã tự hoàn về cho shop khi tôi chờ lâu không giao thì thôi nhé tôi khiếu_nại chứ nhiêu có trả tiền ship đâu bị hoàn về trên 6 lần rồi nhé không cải_thiện thì thôi nhé hihihihi khiếu_nại cũng như không nên khuyên là xóa nhá_tệ thì thôi nhé lm như có ngày bị sập hihi
rất ọk,5,com.shopee.vn,positive,vi,rất ọk,rất ọk
tất cả đều ok cho 5*****,5,com.shopee.vn,positive,vi,tất cả đều ok cho 5,tất_cả đều ok cho 5
dùng nhanh nóng máy,3,com.shopee.vn,neutral,vi,dùng nhanh nóng máy,dùng nhanh nóng máy
sắp đến giờ săn sale r mà còn load mạng thì đầy cọc khó chịu vl ra í,1,com.shopee.vn,negative,vi,sắp đến giờ săn sale rồi mà còn load mạng thì đầy cọc khó chịu vl ra í,sắp đến giờ săn sale rồi mà_còn load_mạng thì đầy cọc khó_chịu vl ra í
"Quá lag trải nghiệm mua sắm sẽ tệ đi , cần sự tối giản và mượt mà hơn nâng cao trải nghiệm mua sắm , app tự mở lên quá bất tiện !",1,com.shopee.vn,negative,vi,quá lag trải nghiệm mua sắm sẽ tệ đi cần sự tối giản và mượt mà hơn nâng cao trải nghiệm mua sắm app tự mở lên quá bất tiện,quá lag trải_nghiệm mua_sắm sẽ tệ đi cần sự tối_giản và mượt_mà hơn nâng cao trải_nghiệm mua_sắm app_tự mở lên quá bất_tiện
phần shopee food không thể thực hiện đánh giá lại gây bất tiện cho khách hàng muốn feedback lại chi tiết hơn cho quán,1,com.shopee.vn,negative,vi,phần shopee food không thể thực hiện đánh giá lại gây bất tiện cho khách hàng muốn feedback lại chi tiết hơn cho quán,phần shopee food không_thể thực_hiện đánh_giá lại gây bất_tiện cho khách_hàng muốn feedback lại chi_tiết hơn cho quán
phiền,1,com.shopee.vn,negative,vi,phiền,phiền
cđ,3,com.shopee.vn,neutral,vi,cđ,cđ
tôi bị dính quảng cáo của shoppe trên gg cay ác đang chơi thì quảng cáo tự hiện màng hình chính,1,com.shopee.vn,negative,vi,tôi bị dính quảng cáo của shoppe trên gg cay ác đang chơi thì quảng cáo tự hiện màng hình chính,tôi bị dính quảng_cáo của shoppe trên gg cay_ác đang chơi thì quảng_cáo tự hiện_màng hình chính
ơ tự nhiên lại bị cấm mua đồ thế,1,com.shopee.vn,negative,vi,ơ tự nhiên lại bị cấm mua đồ thế,ơ tự_nhiên lại bị cấm mua đồ thế
dạo này shopee sử lý các đơn nhanh ok cảm ơn shopee,5,com.shopee.vn,positive,vi,dạo này shopee sử lý các đơn nhanh ok cảm ơn shopee,dạo này shopee sử_lý các đơn nhanh ok cảm_ơn shopee
ở trên shopee được cái xem được rõ đánh giá của người khác mua hàng cũng ok hơn,4,com.shopee.vn,positive,vi,ở trên shopee được cái xem được rõ đánh giá của người khác mua hàng cũng ok hơn,ở trên shopee được cái xem được rõ đánh_giá của người khác mua hàng cũng ok hơn
được miễn phí vận chuyển quá tốt,5,com.shopee.vn,positive,vi,được miễn phí vận chuyển quá tốt,được miễn_phí vận_chuyển quá tốt
bình thường,3,com.shopee.vn,neutral,vi,bình thường,bình_thường
có thể mau hàng 0k,5,com.shopee.vn,positive,vi,có thể mau hàng 0k,có_thể mau hàng 0 k
rõ là tài khoản Google không đụng gì mà cứ khoá tài khoản xong tiền thì không cho rút,1,com.shopee.vn,negative,vi,rõ là tài khoản google không đụng gì mà cứ khoá tài khoản xong tiền thì không cho rút,rõ là tài_khoản google không đụng gì mà cứ khóa tài_khoản xong tiền thì không cho rút
ngon :),5,com.shopee.vn,positive,vi,ngon,ngon
ê rảnh app oke giao hàng cx nhanh,5,com.shopee.vn,positive,vi,ê rảnh app oke giao hàng cũng nhanh,ê_rảnh app oke giao hàng cũng nhanh
rất tệ đag mua đơn 0đ tự nhiên hết,1,com.shopee.vn,negative,vi,rất tệ đag mua đơn 0đ tự nhiên hết,rất tệ_đag mua đơn 0 đ tự_nhiên hết
giao đúng hàng,5,com.shopee.vn,positive,vi,giao đúng hàng,giao đúng hàng
Rất singma shop !!!,5,com.shopee.vn,positive,vi,rất singma shop,rất singma shop
thíc vcl,5,com.shopee.vn,positive,vi,thíc vcl,thíc vcl
mua hàng xg bị hoàn lại trg khi ko hề nhận đc cuộc gọi từ shipper? nt xin sự trợ giúp của Tép thì toàn là tn máy éo hiểu lm ăn kiểu j luôn,1,com.shopee.vn,negative,vi,mua hàng xg bị hoàn lại trg khi không hề nhận đc cuộc gọi từ shipper nt xin sự trợ giúp của tép thì toàn là tn máy éo hiểu lm ăn kiểu j luôn,mua hàng xg bị hoàn lại trg khi không hề nhận đc cuộc_gọi từ shipper nt xin sự trợ_giúp của tép thì toàn là tn máy éo hiểu lm ăn kiểu j luôn
Cũng tiện. Là nơi hội tụ nhiều shop không lành mạnh kèm sản phẩm giá trị thấp và cực thấp,3,com.shopee.vn,neutral,vi,cũng tiện là nơi hội tụ nhiều shop không lành mạnh kèm sản phẩm giá trị thấp và cực thấp,cũng tiện là nơi hội_tụ nhiều shop không lành_mạnh kèm sản_phẩm giá_trị thấp và cực thấp
giao hàng chậm vcll,1,com.shopee.vn,negative,vi,giao hàng chậm vcll,giao hàng chậm vcll
ko đặt j tự nhiên bị giao một đống đồ,1,com.shopee.vn,negative,vi,không đặt j tự nhiên bị giao một đống đồ,không đặt j tự_nhiên bị giao một đống đồ
mua sắm nhanh chóng,5,com.shopee.vn,positive,vi,mua sắm nhanh chóng,mua_sắm nhanh_chóng
mình thấy rất ok,5,com.shopee.vn,positive,vi,mình thấy rất ok,mình thấy rất ok
tôi muốn xóa tài khoản nhưng shopee không phản hồi,1,com.shopee.vn,negative,vi,tôi muốn xóa tài khoản nhưng shopee không phản hồi,tôi muốn xóa tài_khoản nhưng shopee không phản_hồi
... tiện lợi,5,com.shopee.vn,positive,vi,tiện lợi,tiện lợi
đặt đơn nào đơn đấy lúc nào về cũng muộn 😤,3,com.shopee.vn,neutral,vi,đặt đơn nào đơn đấy lúc nào về cũng muộn,đặt đơn nào đơn đấy lúc_nào về cũng muộn
cho mã 80k cho người mới nhưng đặt hàng áp mã lại không giao ko gọi hoàn hàng với lý do giao hàng thất bại lừa đảo,1,com.shopee.vn,negative,vi,cho mã 80k cho người mới nhưng đặt hàng áp mã lại không giao không gọi hoàn hàng với lý do giao hàng thất bại lừa đảo,cho mã 80 k cho người mới nhưng đặt_hàng áp_mã lại không giao không gọi hoàn_hàng với lý_do giao hàng thất_bại lừa_đảo
mất khuyến mãi người mới ??,1,com.shopee.vn,negative,vi,mất khuyến mãi người mới,mất khuyến_mãi người mới
"nhiều mã giảm giá, sàn trợ giá rất mạnh, mua được hàng rẻ, chất lượng tốt",5,com.shopee.vn,positive,vi,nhiều mã giảm giá sàn trợ giá rất mạnh mua được hàng rẻ chất lượng tốt,nhiều mã giảm_giá_sàn trợ_giá rất mạnh mua được hàng rẻ chất_lượng tốt
giao hàng quá châm,2,com.shopee.vn,negative,vi,giao hàng quá châm,giao hàng quá châm
"liên tục hủy đơn cả 20 đơn , tự ý hủy , lại cập nhật khách hàng từ chối nhận trong khi đơn vị vận chuyển không hề liên hệ, khiếu nại nhiều lần nhưng không hiệu quả",1,com.shopee.vn,negative,vi,liên tục hủy đơn cả 20 đơn tự ý hủy lại cập nhật khách hàng từ chối nhận trong khi đơn vị vận chuyển không hề liên hệ khiếu nại nhiều lần nhưng không hiệu quả,liên_tục hủy đơn cả 20 đơn tự_ý hủy lại cập_nhật khách_hàng từ_chối nhận trong khi đơn_vị vận_chuyển không hề liên_hệ khiếu_nại nhiều lần nhưng không hiệu_quả
chịu rồi đặt hàng bị hủy hết hết khóa cái này cái khác giờ lại hủy đơn hàng lớn lí do,1,com.lazada.android,negative,vi,chịu rồi đặt hàng bị hủy hết hết khóa cái này cái khác giờ lại hủy đơn hàng lớn lí do,chịu rồi đặt_hàng bị hủy hết hết khóa cái này cái khác giờ lại hủy đơn hàng lớn_lí_do
"Mình bị lỗi CR01 trong khi chưa mua sản phẩm gì cũng như chưa vi phạm gì, mở được mấy hôm lại khóa, chat cskh vẫn gặp bot",1,com.lazada.android,negative,vi,mình bị lỗi cr01 trong khi chưa mua sản phẩm gì cũng như chưa vi phạm gì mở được mấy hôm lại khóa chat cskh vẫn gặp bot,mình bị lỗi_cr01 trong khi chưa mua sản_phẩm gì cũng như chưa vi_phạm gì mở được mấy hôm lại khóa chat cskh vẫn gặp bot
áp lừa đảo . chưa nhận được tiền hoàn,1,com.lazada.android,negative,vi,áp lừa đảo chưa nhận được tiền hoàn,áp lừa_đảo chưa nhận được tiền hoàn
app lừa đảo . hoàn tiền thì lâu,1,com.lazada.android,negative,vi,app lừa đảo hoàn tiền thì lâu,app lừa_đảo hoàn_tiền thì lâu
"sẽ không bao giờ đặt hàng trong ứng dụng này nữa. đợi hàng thì lâu, shipper ko giao hàng lại để trạng thái người nhận từ chối nhận hàng. không có chức năng rõ ràng để khiếu nại, không có số điện thoại tổng đài để điện trực tiếp chỉ có thể thông qua con AI cleo. quá tệ",1,com.lazada.android,negative,vi,sẽ không bao giờ đặt hàng trong ứng dụng này nữa đợi hàng thì lâu shipper không giao hàng lại để trạng thái người nhận từ chối nhận hàng không có chức năng rõ ràng để khiếu nại không có số điện thoại tổng đài để điện trực tiếp chỉ có thể thông qua con ai cleo quá tệ,sẽ không bao_giờ đặt_hàng trong ứng_dụng này nữa đợi hàng thì lâu_shipper không giao hàng lại để trạng_thái người nhận từ_chối nhận hàng không có chức_năng rõ_ràng để khiếu_nại không có số điện_thoại tổng_đài để điện trực_tiếp chỉ có_thể thông_qua con ai cleo quá tệ
ko biet đăng nhập vào tài khoản ngân hàng dc ko,5,com.lazada.android,positive,vi,không biet đăng nhập vào tài khoản ngân hàng được không,không biet đăng_nhập vào tài_khoản ngân_hàng được không
"Tài khoản kèm số đt bị dính lỗi UL00 vô lý, gọi cskh thì nói tk bị rủi ro nên tạm khoá, làm ăn rất vớ vẩn, tk ko có bất cứ giao dịch nào trong mấy tháng gần đây giờ báo bị rủi ro, dùng cái sàn Lỏ này mới đúng là rủi ro.",1,com.lazada.android,negative,vi,tài khoản kèm số đt bị dính lỗi ul00 vô lý gọi cskh thì nói tk bị rủi ro nên tạm khoá làm ăn rất vớ vẩn tk không có bất cứ giao dịch nào trong mấy tháng gần đây giờ báo bị rủi ro dùng cái sàn lỏ này mới đúng là rủi ro,tài_khoản kèm số đt bị dính lỗi_ul00 vô_lý gọi cskh thì nói tk bị rủi_ro nên tạm khóa làm_ăn rất vớ vẩn tk không có bất_cứ giao_dịch nào trong mấy tháng gần đây giờ báo bị rủi_ro dùng cái sàn lỏ này mới đúng là rủi_ro
"Đặt hàng của shop mall trên lazada mà lazada tự hủy với lí do shop không giao hàng. Vậy mà vẫn là shop mall, vẫn đăng bán trên đó",1,com.lazada.android,negative,vi,đặt hàng của shop mall trên lazada mà lazada tự hủy với lí do shop không giao hàng vậy mà vẫn là shop mall vẫn đăng bán trên đó,đặt_hàng của shop mall trên lazada mà lazada tự_hủy với lí_do shop không giao hàng vậy_mà vẫn là shop mall vẫn đăng_bán trên đó
"mới tạo tk xog bị khóa là sao, xin 1 lời giải thích",1,com.lazada.android,negative,vi,mới tạo tk xog bị khóa là sao xin 1 lời giải thích,mới tạo tk xog bị khóa là sao xin 1 lời giải_thích
Tiện ích. Thanks nhà phát triển!,5,com.lazada.android,positive,vi,tiện ích thanks nhà phát triển,tiện_ích thanks nhà phát_triển
"làm ăn chán, các shop k uy tín giao sai hàng",1,com.lazada.android,negative,vi,làm ăn chán các shop không uy tín giao sai hàng,làm_ăn chán các shop không uy_tín giao sai hàng
tốt nhx hơi bất tiện vì lần này xài lại phải có có chứng minh thư r phải nhập mã nữa. Bất tiện,4,com.lazada.android,positive,vi,tốt nhx hơi bất tiện vì lần này xài lại phải có có chứng minh thư rồi phải nhập mã nữa bất tiện,tốt nhx hơi bất_tiện vì lần này xài lại phải có có chứng_minh_thư rồi phải nhập_mã nữa bất_tiện
"đồ rẻ, phí ship đắt",3,com.lazada.android,neutral,vi,đồ rẻ phí ship đắt,đồ rẻ_phí ship đắt
chính sách về hủy hàng của lazada khiến tao không muốn mua hàng trên lazada nữa,1,com.lazada.android,negative,vi,chính sách về hủy hàng của lazada khiến tao không muốn mua hàng trên lazada nữa,chính_sách về hủy hàng của lazada khiến tao không muốn mua hàng trên lazada nữa
💯,5,com.lazada.android,positive,vi,,
"toàn đơn ảo, đặt hàng không có hàng về tay",1,com.lazada.android,negative,vi,toàn đơn ảo đặt hàng không có hàng về tay,toàn đơn_ảo đặt_hàng không có hàng về tay
ko nên trải ngiệm,1,com.lazada.android,negative,vi,không nên trải ngiệm,không nên trải ngiệm
dm quảng cáo cũng tải game,1,com.lazada.android,negative,vi,tệ quảng cáo cũng tải game,tệ quảng_cáo cũng tải game
"Quá tệ tài khoản mới mua 1,2 đơn đã khoá voucher không cho dùng nữa. Gọi báo nhân viên thì nói lỗin CR01 không mở được quá tệ",1,com.lazada.android,negative,vi,quá tệ tài khoản mới mua 1 2 đơn đã khoá voucher không cho dùng nữa gọi báo nhân viên thì nói lỗin cr01 không mở được quá tệ,quá tệ tài_khoản mới mua 1 2 đơn đã khóa voucher không cho dùng nữa gọi báo nhân_viên thì nói lỗin_cr01 không mở được quá tệ
"Sale 12/12 Tmall thì bị CR01 ,nhắn cho bên cskh thì trả lời chung chung không giải quyết được .😡😡😡😡😡😡😡😡 Đề nghị bên Lazada gỡ ngay CR01. Cskh chưa bao giờ giải quyết được vấn đề của khách hàng.Phản ánh từ 12/12/2025 đến hôm nay 26/12/2025 mới hết lỗi CR01. Tiếp tục lỗi cr01 từ 15/01/2026 đến 5/3/2026 dù không mua gì cả 🤬🤬🤬🤬🤬🤬 Nhân Viên hỗ trợ có cũng như không ,phản ánh thì chỉ có bảo là do hệ thống không giải quyết được !!!!",1,com.lazada.android,negative,vi,sale 12 12 tmall thì bị cr01 nhắn cho bên cskh thì trả lời chung chung không giải quyết được đề nghị bên lazada gỡ ngay cr01 cskh chưa bao giờ giải quyết được vấn đề của khách hàng phản ánh từ 12 12 2025 đến hôm nay 26 12 2025 mới hết lỗi cr01 tiếp tục lỗi cr01 từ 15 01 2026 đến 5 3 2026 dù không mua gì cả nhân viên hỗ trợ có cũng như không phản ánh thì chỉ có bảo là do hệ thống không giải quyết được,sale 12 12 tmall thì bị cr01 nhắn cho bên cskh thì trả_lời chung_chung không giải_quyết được đề_nghị bên lazada gỡ ngay cr01 cskh chưa bao_giờ giải_quyết được vấn_đề của khách_hàng phản_ánh từ 12 12 2025 đến hôm_nay 26 12 2025 mới hết lỗi cr01 tiếp_tục lỗi cr01 từ 15 01 2026 đến 5 3 2026 dù không mua gì cả nhân_viên hỗ_trợ có cũng như không phản_ánh thì chỉ có bảo là do hệ_thống không giải_quyết được
tệ hại,1,com.lazada.android,negative,vi,tệ hại,tệ_hại
"ko hiểu sao lúc nào tạo tài khoản đều bị khoá, rất khó chịu",1,com.lazada.android,negative,vi,không hiểu sao lúc nào tạo tài khoản đều bị khoá rất khó chịu,không hiểu sao lúc_nào tạo tài_khoản đều bị khóa rất khó_chịu
chịu rồi muốn mua hàng mà cứ lỗi áp mã voucher không đc liên hệ tư vấn viên giải quyết không được đợi mãi acc vẫn lỗi?? khó hiểu,1,com.lazada.android,negative,vi,chịu rồi muốn mua hàng mà cứ lỗi áp mã voucher không đc liên hệ tư vấn viên giải quyết không được đợi mãi tài khoản vẫn lỗi khó hiểu,chịu rồi muốn mua hàng mà cứ lỗi áp_mã voucher không đc liên_hệ tư_vấn_viên giải_quyết không được đợi mãi tài_khoản vẫn lỗi khó hiểu
"ứng dụng mua hàng internet tệ nhất từng thấy=)) khách đặt 1 đằng shop giao 1 nẻo. nhắn tin shop hỗ trỡ thì không nhắn lại 1 câu nào. nhắn cho lazada thì vấn đề ở video khui hàng? ok không video khui hằng thì nhìn cái ảnh shipper chụp hộ cái: đóng gói tệ hại, in bill thì lệch. trả hàng xong thì lại giao lại cho khách. trả tiền thì chẳng thấy đâu. nhắn tin thương lượng thì câm như hến. cskh tệ.",1,com.lazada.android,negative,vi,ứng dụng mua hàng internet tệ nhất từng thấy khách đặt 1 đằng shop giao 1 nẻo nhắn tin shop hỗ trỡ thì không nhắn lại 1 câu nào nhắn cho lazada thì vấn đề ở video khui hàng ok không video khui hằng thì nhìn cái ảnh shipper chụp hộ cái đóng gói tệ hại in bill thì lệch trả hàng xong thì lại giao lại cho khách trả tiền thì chẳng thấy đâu nhắn tin thương lượng thì câm như hến cskh tệ,ứng_dụng mua hàng internet_tệ nhất từng thấy khách đặt 1 đằng shop giao 1 nẻo nhắn_tin shop hỗ_trỡ thì không nhắn lại 1 câu nào nhắn cho lazada thì vấn_đề ở video khui hàng ok không video khui hằng thì nhìn cái ảnh shipper chụp hộ cái đóng_gói tệ_hại in bill thì lệch trả hàng xong thì lại giao lại cho khách trả tiền thì chẳng thấy đâu nhắn_tin thương_lượng thì câm như hến cskh tệ
Hôm nay app bị lỗi hay sao mà chơi tưới cây đến lúc thu hoạch thì không được freeship! Lót dép chờ Lazada chỉnh sửa lại. Buồn.,3,com.lazada.android,neutral,vi,hôm nay app bị lỗi hay sao mà chơi tưới cây đến lúc thu hoạch thì không được freeship lót dép chờ lazada chỉnh sửa lại buồn,hôm_nay app bị lỗi hay sao mà chơi tưới cây đến lúc thu_hoạch thì không được freeship_lót dép chờ lazada_chỉnh_sửa lại buồn
Đang mua sắm bình thường tự nhiên bị lỗi CR01 mãi không fix được quá chán với cách vận hành của sàn cũng như hệ thống,1,com.lazada.android,negative,vi,đang mua sắm bình thường tự nhiên bị lỗi cr01 mãi không fix được quá chán với cách vận hành của sàn cũng như hệ thống,đang mua_sắm bình_thường tự_nhiên bị lỗi cr01 mãi không fix được quá chán với cách vận_hành của sàn cũng như hệ_thống
tải áp về đảo bảo mọi ng ko săn đc vé theo ý muốn đâu (vs những ng muốn săn seo 0k) . 1 sao,1,com.lazada.android,negative,vi,tải áp về đảo bảo mọi người không săn đc vé theo ý muốn đâu vs những người muốn săn seo 0k 1 sao,tải áp về đảo bảo mọi người không săn đc vé theo ý_muốn đâu vs những người muốn săn seo 0 k 1 sao
voucher gà hơn shoppe nữa,1,com.lazada.android,negative,vi,voucher gà hơn shoppe nữa,voucher gà hơn shoppe nữa
tự nhiên đặt hàng xong shipper giao hàng rồi cái mấy bữa sau đơn hàng đã giao tự động bị hủy xong shipper đòi lại hàng rồi khi đưa hàng cho thì nói là hàng giả kia rồi chửi đập phá um sùm luôn đọc báo Công an bị công an không chịu xử lý luôn mấy ngày nay làm rùm beng cái nhà chịu...,1,com.lazada.android,negative,vi,tự nhiên đặt hàng xong shipper giao hàng rồi cái mấy bữa sau đơn hàng đã giao tự động bị hủy xong shipper đòi lại hàng rồi khi đưa hàng cho thì nói là hàng giả kia rồi chửi đập phá um sùm luôn đọc báo công an bị công an không chịu xử lý luôn mấy ngày nay làm rùm beng cái nhà chịu,tự_nhiên đặt_hàng xong shipper giao hàng rồi cái mấy bữa sau đơn hàng đã giao tự_động bị hủy xong shipper_đòi lại hàng rồi khi đưa hàng cho thì nói là hàng giả kia rồi chửi đập phá um_sùm luôn đọc báo công_an bị công_an không chịu xử_lý luôn mấy ngày_nay làm rùm beng cái nhà chịu
"Đã báo nhiều lần hoàn tiền về tài khoản VIB , rồi tự ý hoàn tiền về Sacombank , mà tài khoản Sacombank đã bị khoá , làm việc thiếu trách nhiệm , coi thường khách hàng , giờ coi như tôi bị mất mấy trăm ngàn",1,com.lazada.android,negative,vi,đã báo nhiều lần hoàn tiền về tài khoản vib rồi tự ý hoàn tiền về sacombank mà tài khoản sacombank đã bị khoá làm việc thiếu trách nhiệm coi thường khách hàng giờ coi như tôi bị mất mấy trăm ngàn,đã báo nhiều lần hoàn_tiền về tài_khoản vib rồi tự_ý hoàn tiền về sacombank mà tài_khoản sacombank đã bị khóa làm_việc thiếu trách_nhiệm coi_thường khách_hàng giờ coi như tôi bị mất mấy trăm_ngàn
không biết diễn tả thế nào đồ 0 đồng ship 195.780 ngàn ship giữ mắc dậy hả đồ 0 đồng,1,com.lazada.android,negative,vi,không biết diễn tả thế nào đồ 0 đồng ship 195 780 ngàn ship giữ mắc dậy hả đồ 0 đồng,không biết diễn_tả thế_nào đồ 0 đồng ship 195 780 ngàn ship giữ mắc dậy hả đồ 0 đồng
"bao nhiêu năm dùng , tin tưởng thậm trí thanh toán trước mà nay cho quả CR01, buồn",1,com.lazada.android,negative,vi,bao nhiêu năm dùng tin tưởng thậm trí thanh toán trước mà nay cho quả cr01 buồn,bao_nhiêu năm dùng tin_tưởng thậm_trí thanh_toán trước mà nay cho quả cr01 buồn
chất lượng quá tệ mua hàng bị lừa đảo mua hạt giống nhưng nhận hàng chỉ là mớ rẻ rách. nghĩ là giá trị thấp khi nhận hàng k kiểm tra ai mà ngờ là lừa đảo,1,com.lazada.android,negative,vi,chất lượng quá tệ mua hàng bị lừa đảo mua hạt giống nhưng nhận hàng chỉ là mớ rẻ rách nghĩ là giá trị thấp khi nhận hàng không kiểm tra ai mà ngờ là lừa đảo,chất_lượng quá tệ mua hàng bị lừa_đảo mua hạt_giống nhưng nhận hàng chỉ là mớ rẻ rách nghĩ là giá_trị thấp khi nhận hàng_không kiểm_tra ai mà ngờ là lừa_đảo
ko giao hàng đúng hẹn nhưng lại ghi là đã giao lam,1,com.lazada.android,negative,vi,không giao hàng đúng hẹn nhưng lại ghi là đã giao lam,không giao hàng đúng hẹn nhưng lại ghi là đã giao_lam
App mua sắm dở nhất từng thấy. Để không nửa năm trời mới vào mua được 1 đơn thì bị CR01 🙂 Hỏi CSKH cũng không biết tại sao và không giải quyết được,1,com.lazada.android,negative,vi,app mua sắm dở nhất từng thấy để không nửa năm trời mới vào mua được 1 đơn thì bị cr01 hỏi cskh cũng không biết tại sao và không giải quyết được,app mua_sắm dở_nhất từng thấy để không nửa năm trời mới vào mua được 1 đơn thì bị cr01 hỏi cskh cũng không biết tại_sao và không giải_quyết được
"cách đăng nhập quá nghiêm ngặc, kì lạ, không đăng nhập được",1,com.lazada.android,negative,vi,cách đăng nhập quá nghiêm ngặc kì lạ không đăng nhập được,cách đăng_nhập quá nghiêm_ngặc kì_lạ không đăng_nhập được
"Trang VayTotNhat kiếm 5tr ngay, duyệt trả dễ minh bạch tự nhiên vừa đăng ký cái bang. 8 năm nghỉ xài lzd giờ mò lại mail mới sdt mới k hiểu bang cái gì. App thì lỏ load lâu điên",5,com.lazada.android,positive,vi,trang vaytotnhat kiếm 5tr ngay duyệt trả dễ minh bạch tự nhiên vừa đăng ký cái bang 8 năm nghỉ xài lzd giờ mò lại mail mới sdt mới không hiểu bang cái gì app thì lỏ load lâu điên,trang vaytotnhat kiếm 5 tr ngay duyệt trả dễ minh_bạch tự_nhiên vừa đăng_ký cái_bang 8 năm nghỉ xài lzd giờ mò lại mail mới sdt mới không hiểu bang cái gì app thì lỏ load lâu điên
Mua hàng bình thường ngày hôm sau bị OC01 không áp được voucher,1,com.lazada.android,negative,vi,mua hàng bình thường ngày hôm sau bị oc01 không áp được voucher,mua hàng bình_thường_ngày hôm sau bị oc01 không áp được voucher
"Mình thích mua hàng của Lazada , hàng đúng với hình ảnh, giá tốt , phí vận chuyển phải chăng . Có tín nhiệm ! Chúc Lazada tốt hơn nữa , 5* .",5,com.lazada.android,positive,vi,mình thích mua hàng của lazada hàng đúng với hình ảnh giá tốt phí vận chuyển phải chăng có tín nhiệm chúc lazada tốt hơn nữa 5,mình thích mua hàng của lazada hàng đúng với hình_ảnh giá tốt_phí vận_chuyển phải_chăng có tín_nhiệm chúc lazada tốt hơn_nữa 5
"bị lỗi ko nhận điểm , nhận điểm bị giới hạn , nhận điểm ít",2,com.lazada.android,negative,vi,bị lỗi không nhận điểm nhận điểm bị giới hạn nhận điểm ít,bị lỗi không nhận điểm nhận điểm bị giới_hạn nhận điểm ít
"mua tai nghe Soundcore R50i NC của shop Lazamall mà đến khi bảo hành thì bên nhà bán hàng làm việc vô can, đổ trách nhiệm sang bên bảo hành. Bên bảo hành thì chậm chạp, cố ý ngâm hàng khách. Từ giờ mọi người mua hàng cần chú ý chế độ và chính sách bảo hành của hãng điện tử đó. nếu ko đến lúc lỗi , cần sửa chữa hoặc bảo hành sẽ rất bất lợi và ko nhận được sự trợ giúp phản hồi nhanh đâu",1,com.lazada.android,negative,vi,mua tai nghe soundcore r50i nc của shop lazamall mà đến khi bảo hành thì bên nhà bán hàng làm việc vô can đổ trách nhiệm sang bên bảo hành bên bảo hành thì chậm chạp cố ý ngâm hàng khách từ giờ mọi người mua hàng cần chú ý chế độ và chính sách bảo hành của hãng điện tử đó nếu không đến lúc lỗi cần sửa chữa hoặc bảo hành sẽ rất bất lợi và không nhận được sự trợ giúp phản hồi nhanh đâu,mua tai nghe soundcore r50i_nc của shop lazamall mà đến khi bảo_hành thì bên nhà bán hàng làm_việc vô_can đổ trách_nhiệm sang bên bảo_hành bên bảo_hành thì chậm_chạp cố_ý ngâm hàng khách từ giờ mọi người mua hàng cần chú_ý chế_độ và chính_sách bảo_hành của hãng điện_tử đó nếu không đến lúc lỗi cần sửa_chữa hoặc bảo_hành sẽ rất bất_lợi và không nhận được sự trợ_giúp phản_hồi nhanh đâu
Ơ t tạo tk thì lm sao mà khoá nhỉ.nghỉ đê,1,com.lazada.android,negative,vi,ơ t tạo tk thì lm sao mà khoá nhỉ nghỉ đê,ơ t tạo tk thì lm_sao mà khóa nhỉ nghỉ đê
"Vô đúng trang VayTotNhat được vay minh bạch miễn lãi, tới 9tr.",5,com.lazada.android,positive,vi,vô đúng trang vaytotnhat được vay minh bạch miễn lãi tới 9tr,vô đúng trang_vaytotnhat được vay minh_bạch miễn lãi tới 9 tr
quá chán,1,com.lazada.android,negative,vi,quá chán,quá chán
dùng thử lazada 1 thời gian mới biết là Shopee mãi đỉnh,1,com.lazada.android,negative,vi,dùng thử lazada 1 thời gian mới biết là shopee mãi đỉnh,dùng thử lazada 1 thời_gian mới biết là shopee mãi đỉnh
"tài khoản mình dùng rất lâu rồi mà bị CR01, rất tệ",1,com.lazada.android,negative,vi,tài khoản mình dùng rất lâu rồi mà bị cr01 rất tệ,tài_khoản mình dùng rất lâu rồi mà bị cr01 rất tệ
Tốt,5,com.lazada.android,positive,vi,tốt,tốt
Rất tốt,5,com.lazada.android,positive,vi,rất tốt,rất tốt
cho 1 vì dám lừa đảo tao,1,com.lazada.android,negative,vi,cho 1 vì dám lừa đảo tao,cho 1 vì dám lừa_đảo tao
"tôi không hiểu vì sao tài khoản của tôi lại bị CR01 và OC01 trải nghiệm thật sự rất tệ , đã từng mua hàng và rất thích lazada nhưng hôm nay thì xoá app cho rồi",1,com.lazada.android,negative,vi,tôi không hiểu vì sao tài khoản của tôi lại bị cr01 và oc01 trải nghiệm thật sự rất tệ đã từng mua hàng và rất thích lazada nhưng hôm nay thì xoá app cho rồi,tôi không hiểu vì sao tài_khoản của tôi lại bị cr01 và oc01 trải_nghiệm thật_sự rất tệ đã từng mua hàng và rất thích lazada nhưng hôm_nay thì xóa app cho rồi
"Chx đặt mua lần nào đã bị CR01, không hiểu 😅",1,com.lazada.android,negative,vi,chx đặt mua lần nào đã bị cr01 không hiểu,chx đặt mua lần nào đã bị cr01 không hiểu
Không thấy mã giảm giá 3/3,1,com.lazada.android,negative,vi,không thấy mã giảm giá 3 3,không thấy mã giảm_giá 3 3
"khả năng quản lý đơn hàng kém. Kết hợp với J&T làm đơn vị vận chuyển cực kì vô trách nhiệm. shipper đùn đẩy việc giao không kịp cho khách thành khách yêu cầu chuyển ngày nhận hàng. Liên hệ chăm sóc khách hàng Lazada hỗ trợ thì nhận được AI trả lời toàn thông tin không liên quan, đến nhân viên chăm sóc khách hàng lại hẹn chờ 48 giờ làm việc (6 ngày - không kể thứ 7, cn, lễ) để phản hồi trạng thái cho một đơn hàng nội tỉnh. chán hết sức. TỆ",1,com.lazada.android,negative,vi,khả năng quản lý đơn hàng kém kết hợp với j t làm đơn vị vận chuyển cực kì vô trách nhiệm shipper đùn đẩy việc giao không kịp cho khách thành khách yêu cầu chuyển ngày nhận hàng liên hệ chăm sóc khách hàng lazada hỗ trợ thì nhận được ai trả lời toàn thông tin không liên quan đến nhân viên chăm sóc khách hàng lại hẹn chờ 48 giờ làm việc 6 ngày không kể thứ 7 cn lễ để phản hồi trạng thái cho một đơn hàng nội tỉnh chán hết sức tệ,khả_năng quản_lý đơn hàng kém kết_hợp với j t làm đơn_vị vận_chuyển cực_kì vô_trách_nhiệm shipper đùn_đẩy việc giao không kịp cho khách thành khách yêu_cầu chuyển ngày nhận hàng liên_hệ chăm_sóc khách_hàng lazada hỗ_trợ thì nhận được ai trả_lời toàn thông_tin không liên_quan đến nhân_viên chăm_sóc khách_hàng lại hẹn chờ 48 giờ làm_việc 6 ngày không kể thứ 7 cn lễ để phản_hồi trạng_thái cho một đơn hàng nội_tỉnh chán hết_sức tệ
Không thể áp mã,1,com.lazada.android,negative,vi,không thể áp mã,không_thể áp_mã
"ông owiy h hy lộ , đến",4,com.lazada.android,positive,vi,ông owiy h hy lộ đến,ông owiy h hy_lộ đến
"Good cần 5tr gõ VayTotNhat nhé, duyệt ngay.",5,com.lazada.android,positive,vi,good cần 5tr gõ vaytotnhat nhé duyệt ngay,good cần 5 tr gõ vaytotnhat nhé duyệt ngay
"Quả sàn tmdt chán nhất, lâu lâu đặt vài đơn cũng bị dính CR01 gọi cskh yêu cầu hỗ trợ thì trả lời cho có",1,com.lazada.android,negative,vi,quả sàn tmdt chán nhất lâu lâu đặt vài đơn cũng bị dính cr01 gọi cskh yêu cầu hỗ trợ thì trả lời cho có,quả sàn tmdt chán nhất lâu_lâu đặt vài đơn cũng bị dính cr01 gọi cskh yêu_cầu hỗ_trợ thì trả_lời cho có
Khoá tk mà không cho biết lý do. nhắn tin mãi mới mở mà đặt được 1 đơn lại khoá. chán thuật toán gì đâu,1,com.lazada.android,negative,vi,khoá tk mà không cho biết lý do nhắn tin mãi mới mở mà đặt được 1 đơn lại khoá chán thuật toán gì đâu,khóa tk mà không cho biết lý_do nhắn_tin mãi mới mở mà đặt được 1 đơn lại khóa chán_thuật_toán gì đâu
"app mua sắm tệ nhất internet,toàn lấy qc bọn tq về r up lên quảng bá sp,toàn thuê các app internet khác ép cái qc rác rưởi của bọn nó vào,bực d chiu dc🫩",1,com.lazada.android,negative,vi,app mua sắm tệ nhất internet toàn lấy qc bọn tq về rồi up lên quảng bá sp toàn thuê các app internet khác ép cái qc rác rưởi của bọn nó vào bực d chiu được,app mua_sắm tệ nhất internet toàn lấy qc bọn tq về rồi up lên quảng_bá sp toàn thuê các app internet khác ép cái qc rác_rưởi của bọn nó vào bực_d chiu được
TỐT,5,com.lazada.android,positive,vi,tốt,tốt
đã 14 năm không mua của lazada vì shop trên sàn này bán hàng chất lượng kém. nay mua lại sản phẩm mà quá thất vọng. từ nay sẽ cạch không bao giờ động chạm đến mua trên lazada,1,com.lazada.android,negative,vi,đã 14 năm không mua của lazada vì shop trên sàn này bán hàng chất lượng kém nay mua lại sản phẩm mà quá thất vọng từ nay sẽ cạch không bao giờ động chạm đến mua trên lazada,đã 14 năm không mua của lazada vì shop trên sàn này bán hàng chất_lượng kém nay mua lại sản_phẩm mà quá thất_vọng từ nay sẽ cạch không bao_giờ động_chạm đến mua trên lazada
"Chính sách CSKH nqq, đặt đơn từ 16.2 hẹn trễ nhất 2.3 giao, nay 3.3 hủy không được vì ""Đơn hàng có voucher khuyến mãi/giảm giá được áp dụng không cho phép hủy riêng lẻ và nên đã được hủy cùng nhau"", trong khi lúc đó đặt 3 shop, 1 shop đã giao, 2 shop ngâm đơn, hủy 1/2 đơn thì đơn còn lại vẫn ẩn nút hủy???? Quá tệ!",1,com.lazada.android,negative,vi,chính sách cskh nqq đặt đơn từ 16 2 hẹn trễ nhất 2 3 giao nay 3 3 hủy không được vì đơn hàng có voucher khuyến mãi giảm giá được áp dụng không cho phép hủy riêng lẻ và nên đã được hủy cùng nhau trong khi lúc đó đặt 3 shop 1 shop đã giao 2 shop ngâm đơn hủy 1 2 đơn thì đơn còn lại vẫn ẩn nút hủy quá tệ,chính_sách cskh nqq đặt đơn_từ 16 2 hẹn trễ nhất 2 3 giao nay 3 3 hủy không được vì đơn hàng có voucher khuyến_mãi giảm_giá được áp_dụng không cho_phép hủy riêng_lẻ và nên đã được hủy cùng nhau trong khi lúc đó đặt 3 shop 1 shop đã giao 2 shop ngâm đơn_hủy 1 2 đơn thì đơn còn lại vẫn ẩn_nút hủy quá tệ
"mua bộ quần áo nam nhìn hình thì đẹp , gửi cái quần bò rộng thùng thình, áo của phủ nữ cư như cái dẻ lau nhà",1,com.lazada.android,negative,vi,mua bộ quần áo nam nhìn hình thì đẹp gửi cái quần bò rộng thùng thình áo của phủ nữ cư như cái dẻ lau nhà,mua bộ quần_áo nam nhìn_hình thì đẹp gửi cái quần_bò rộng thùng thình_áo của phủ nữ_cư như cái dẻ lau nhà
bắt điền căn cước công dân để xác minh danh tính thằng cụ m à,1,com.lazada.android,negative,vi,bắt điền căn cước công dân để xác minh danh tính thằng cụ m à,bắt điền căn_cước công_dân để xác_minh danh_tính thằng cụ m à
"Ứng dụng bán hàng lừa đảo, chuyên bán hàng giả",1,com.lazada.android,negative,vi,ứng dụng bán hàng lừa đảo chuyên bán hàng giả,ứng_dụng bán hàng lừa_đảo chuyên bán hàng giả
Không đáng tin. Tiền hậu bất nhất,1,com.lazada.android,negative,vi,không đáng tin tiền hậu bất nhất,không đáng tin tiền_hậu bất_nhất
tự ý khoá voucher toàn sàn.Tôi không thể mua sắm,1,com.lazada.android,negative,vi,tự ý khoá voucher toàn sàn tôi không thể mua sắm,tự_ý khóa voucher toàn sàn tôi không_thể mua_sắm
tải cái dmm,1,com.lazada.android,negative,vi,tải cái dmm,tải cái dmm
hlloôo,1,com.lazada.android,negative,vi,hlloôo,hlloôo
"Tạm biệt Lazada đã mất đi khách hàng tiềm năng như mình 🙂. đ làm gì cũng bị dính lỗi OC01, tuyệt vời",1,com.lazada.android,negative,vi,tạm biệt lazada đã mất đi khách hàng tiềm năng như mình đ làm gì cũng bị dính lỗi oc01 tuyệt vời,tạm biệt_lazada đã mất đi_khách_hàng tiềm_năng như mình đ làm gì cũng bị dính lỗi_oc01 tuyệt_vời
"sàn gì tệ dã man, đặt 1 đơn xong bị cho ăn lỗi cr01 liền, liên hệ tvv thì không giải quyết được, không biết sàn này còn cạnh tranh ntn với các sàn khác trong khi trải nghiệm của khách hàng tệ như vậy thì sao ủng hộ được nữa",1,com.lazada.android,negative,vi,sàn gì tệ dã man đặt 1 đơn xong bị cho ăn lỗi cr01 liền liên hệ tvv thì không giải quyết được không biết sàn này còn cạnh tranh ntn với các sàn khác trong khi trải nghiệm của khách hàng tệ như vậy thì sao ủng hộ được nữa,sàn gì tệ dã_man đặt 1 đơn xong bị cho ăn lỗi_cr01 liền liên_hệ tvv thì không giải_quyết được không biết sàn này còn cạnh_tranh ntn với các sàn khác trong khi trải_nghiệm của khách_hàng tệ như_vậy thì sao ủng_hộ được nữa
lazada càng ngày càng tệ mới 1năm hk sài mà nhập lại HK đc. cứ báo lối lazada như cứ hết vỏn thì xoá áp i,1,com.lazada.android,negative,vi,lazada càng ngày càng tệ mới 1năm hk sài mà nhập lại hk đc cứ báo lối lazada như cứ hết vỏn thì xoá áp i,lazada càng_ngày_càng tệ mới 1 năm hk_sài mà nhập lại hk_đc cứ báo lối lazada như cứ hết vỏn thì xóa_áp i
mua hàng trên lazada cũng ok nhưng phí vận chuyển mắc quá,3,com.lazada.android,neutral,vi,mua hàng trên lazada cũng ok nhưng phí vận chuyển mắc quá,mua hàng trên lazada cũng ok nhưng phí vận_chuyển mắc quá
như cl ấy mới vào xg bị khóa tài khoản làm ăn như cl,1,com.lazada.android,negative,vi,như cl ấy mới vào xg bị khóa tài khoản làm ăn như cl,như cl ấy mới vào xg bị khóa tài_khoản làm_ăn như cl
như Đ. Ầ.U ..B.U.Ồ.I,1,com.lazada.android,negative,vi,như đ ầ u b u ồ i,như đ ầ_u b_u ồ i
"đặt đc đơn 0₫ thì cố tình nhầm địa chỉ xong gọi bảo hủy, app rác",1,com.lazada.android,negative,vi,đặt đc đơn 0 thì cố tình nhầm địa chỉ xong gọi bảo hủy app rác,đặt đc đơn 0 thì cố_tình nhầm địa_chỉ xong gọi bảo hủy app rác
"quảng cáo bên tt ít thôi. qc thì toàn nhảm cái m gì anh và em kéo qua, ngày hiện 2 chục lần.",1,com.lazada.android,negative,vi,quảng cáo bên tt ít thôi qc thì toàn nhảm cái m gì anh và em kéo qua ngày hiện 2 chục lần,quảng_cáo bên tt ít thôi qc thì toàn nhảm cái m gì anh và em kéo qua_ngày hiện 2 chục lần
ko dao về tra ving 1₫,1,com.lazada.android,negative,vi,không dao về tra ving 1,không dao về tra ving 1
"app rác vl, tôi mới tạo tài khoản xong nó khoá mẹ tài khoản của tôi vào, cho dù tôi đã đổi máy và tạo tài khoản mới. nhà sản xuất nên xem lại",1,com.lazada.android,negative,vi,app rác vl tôi mới tạo tài khoản xong nó khoá mẹ tài khoản của tôi vào cho dù tôi đã đổi máy và tạo tài khoản mới nhà sản xuất nên xem lại,app rác vl tôi mới tạo tài_khoản xong nó khóa mẹ tài_khoản của tôi vào cho_dù tôi đã đổi máy và tạo tài_khoản mới nhà_sản_xuất nên xem_lại
hiện tại cũng Ổn sau này chưa biết!!.,5,com.lazada.android,positive,vi,hiện tại cũng ổn sau này chưa biết,hiện_tại cũng ổn sau_này chưa biết
tại sao hàng giá cao mà dùng ko bên... tôi đã mua bơm cao áp nên hơi... chưa được một tháng mà hư hỏng hết.ko lên được.mong bán hàng chuẩn thật,3,com.lazada.android,neutral,vi,tại sao hàng giá cao mà dùng không bên tôi đã mua bơm cao áp nên hơi chưa được một tháng mà hư hỏng hết không lên được mong bán hàng chuẩn thật,tại_sao hàng giá cao mà dùng không bên tôi đã mua bơm cao_áp nên hơi chưa được một tháng mà hư_hỏng hết không lên được mong bán hàng chuẩn thật
đăng kí tài khoản còn thông báo bị khoá luôn không lập được tài khoản khác,1,com.lazada.android,negative,vi,đăng kí tài khoản còn thông báo bị khoá luôn không lập được tài khoản khác,đăng_kí tài_khoản còn thông_báo bị khóa luôn không lập được tài_khoản khác
quảng cáo nhiều quá,1,com.lazada.android,negative,vi,quảng cáo nhiều quá,quảng_cáo nhiều quá
tệ chưa đăng nhập xong đã bị khóa tai khoan rồi,1,com.lazada.android,negative,vi,tệ chưa đăng nhập xong đã bị khóa tai khoan rồi,tệ chưa đăng_nhập xong đã bị khóa tai_khoan rồi
"ứng dụng gì mà đăng ký cứ bị lỗi Ul00 không chịu đăng ký và bị khoá tài khoản luôn tôi đã đi mua thêm 2 sim mới và vẫn bị khoá khi chỉ đang đăng ký tôi liên lạc bên hỗ trợ nhưng họ không mở vì bị dính gì đó và yêu cầu tôi lấy số mới đăng ký,?? trong khi tôi đăng ký 3 cái trước bị khoá giờ bắt tôi mua thêm sim à?",1,com.lazada.android,negative,vi,ứng dụng gì mà đăng ký cứ bị lỗi ul00 không chịu đăng ký và bị khoá tài khoản luôn tôi đã đi mua thêm 2 sim mới và vẫn bị khoá khi chỉ đang đăng ký tôi liên lạc bên hỗ trợ nhưng họ không mở vì bị dính gì đó và yêu cầu tôi lấy số mới đăng ký trong khi tôi đăng ký 3 cái trước bị khoá giờ bắt tôi mua thêm sim à,ứng_dụng gì mà đăng_ký cứ bị lỗi ul00 không chịu đăng_ký và bị khóa tài_khoản luôn tôi đã đi mua thêm 2 sim mới và vẫn bị khóa khi chỉ đang đăng_ký tôi liên_lạc bên hỗ_trợ nhưng họ không mở vì bị dính gì đó và yêu_cầu tôi lấy số mới đăng_ký trong khi tôi đăng_ký 3 cái trước bị khóa giờ bắt tôi mua thêm sim à
Hay,5,com.lazada.android,positive,vi,hay,hay
Đơn hàng đã trả tiền từ 4/1/2026 đến nay người bán không giao cho khách hàng cũng không hủy đơn và hoàn tiền cho khách hàng. Chăm sóc khách hàng vô cùng kém.,1,com.lazada.android,negative,vi,đơn hàng đã trả tiền từ 4 1 2026 đến nay người bán không giao cho khách hàng cũng không hủy đơn và hoàn tiền cho khách hàng chăm sóc khách hàng vô cùng kém,đơn hàng đã trả tiền từ 4 1 2026 đến nay người bán không giao cho khách_hàng cũng không hủy_đơn và hoàn_tiền cho khách_hàng chăm_sóc khách_hàng vô_cùng kém
trao đổi,5,com.lazada.android,positive,vi,trao đổi,trao_đổi
"từ khi lzd mới mở 2014 tui mua gần 20 năm rồi. Xe, điện thoại, tủ lạnh, máy lạnh,máy may các thứ đồ dùng mua lzd hết. mà gần 1 năm nay ko mua lzd nữa. vì tiktok + shopee đơn nhỏ lớn freesip hết còn lzd tính ship, đơn lớn mới miễn. tui bỏ lzd hơn 2 năm r, mặc dù tui là seller của Lzd nhưng shop nhỏ ko cho đk freesip max. phí sàn lzd cũng cao hơn các sàn khác nên giá sẽ cao hơn. cấp lớn mới cho freesip. tui qua sàn shopee với tiktok mua 2 thág lên thẻ vàng, đơn 5k freesip. tôi hi vọng lzd cạnh tra",1,com.lazada.android,negative,vi,từ khi lzd mới mở 2014 tui mua gần 20 năm rồi xe điện thoại tủ lạnh máy lạnh máy may các thứ đồ dùng mua lzd hết mà gần 1 năm nay không mua lzd nữa vì tiktok shopee đơn nhỏ lớn freesip hết còn lzd tính ship đơn lớn mới miễn tui bỏ lzd hơn 2 năm rồi mặc dù tui là seller của lzd nhưng shop nhỏ không cho đk freesip max phí sàn lzd cũng cao hơn các sàn khác nên giá sẽ cao hơn cấp lớn mới cho freesip tui qua sàn shopee với tiktok mua 2 thág lên thẻ vàng đơn 5k freesip tôi hi vọng lzd cạnh tra,từ khi lzd mới mở 2014 tui mua gần 20 năm rồi xe_điện_thoại tủ_lạnh máy_lạnh máy_may các thứ đồ_dùng mua lzd hết mà gần 1 năm nay không mua lzd nữa vì tiktok shopee đơn nhỏ lớn freesip hết còn lzd_tính ship_đơn lớn mới miễn tui bỏ lzd hơn 2 năm rồi mặc_dù tui là seller của lzd nhưng shop nhỏ không cho đk freesip max phí sàn lzd cũng cao hơn các sàn khác nên giá sẽ cao hơn cấp lớn mới cho freesip tui qua sàn_shopee với tiktok mua 2 thág lên thẻ_vàng đơn 5 k freesip tôi hi_vọng lzd cạnh_tra
"Giao diện như Bãi Rác, không ngăn nắp, gọn gàng, chuyên nghiệp",3,com.lazada.android,neutral,vi,giao diện như bãi rác không ngăn nắp gọn gàng chuyên nghiệp,giao_diện như bãi rác không ngăn_nắp gọn_gàng chuyên_nghiệp
Giao chậm vãi lozzz ra app rác,1,com.lazada.android,negative,vi,giao chậm vãi lozzz ra app rác,giao chậm vãi lozzz ra app rác
chờ hoài chờ hoài ko thấy gửi otp về,1,com.lazada.android,negative,vi,chờ hoài chờ hoài không thấy gửi otp về,chờ hoài chờ hoài không thấy gửi otp về
great,5,com.lazada.android,positive,vi,great,great
"đặt đơn nào là bị hủy đơn đó, dù cho đặt khác shop chăng nữa. chưa kể mất thời gian đợi xong app thông báo hủy hàng như thể ch có chuyện gì xảy ra=))",1,com.lazada.android,negative,vi,đặt đơn nào là bị hủy đơn đó dù cho đặt khác shop chăng nữa chưa kể mất thời gian đợi xong app thông báo hủy hàng như thể ch có chuyện gì xảy ra,đặt đơn nào là bị hủy đơn đó dù cho đặt khác shop_chăng nữa chưa kể mất thời_gian đợi xong app thông_báo hủy hàng như_thể ch có chuyện gì xảy ra
huuu,5,com.lazada.android,positive,vi,huuu,huuu
"không gọi điện để giao,xong tự cập nhật trạng thái giao hàng không thành công. Giao toàn nhầm tên với nhầm địa chỉ",1,com.lazada.android,negative,vi,không gọi điện để giao xong tự cập nhật trạng thái giao hàng không thành công giao toàn nhầm tên với nhầm địa chỉ,không gọi điện để giao xong tự_cập nhật_trạng_thái giao hàng_không thành_công giao toàn nhầm tên với nhầm địa_chỉ
app như db đăng nhập thì khoá tk vì lí do bảo mật,1,com.lazada.android,negative,vi,app như db đăng nhập thì khoá tk vì lí do bảo mật,app như db đăng_nhập thì khóa_tk vì lí_do bảo mật
không giải quyết yêu cầu của khách hàng,1,com.lazada.android,negative,vi,không giải quyết yêu cầu của khách hàng,không giải_quyết yêu_cầu của khách_hàng
tạo tài khoản đăng nhập cứ bị khoá?,5,com.lazada.android,positive,vi,tạo tài khoản đăng nhập cứ bị khoá,tạo tài_khoản đăng_nhập cứ bị khóa
"ko làm gì cũng bị CR01, áp đúng nhảm",1,com.lazada.android,negative,vi,không làm gì cũng bị cr01 áp đúng nhảm,không làm gì cũng bị cr01_áp đúng nhảm
như cu,1,com.lazada.android,negative,vi,như cu,như cu
đang tt lì xì cl,1,com.lazada.android,negative,vi,đang tt lì xì cl,đang tt lì_xì cl
"app đần vl trước thì cái lỗi thanh toán với khoá acc không lý do giờ thì cái lỗi nhập mã không đăng nhập được dù ghi đúng số, đã thế còn tệ đến mức chỉ có gọi và báo sai mã thôi chứ không có cả OTP luôn cơ :""))))))) bảo sao thằng shopee nó ăn đứt, tụi dev của cái app này nó quyết tâm ế bằng thực lực",1,com.lazada.android,negative,vi,app đần vl trước thì cái lỗi thanh toán với khoá tài khoản không lý do giờ thì cái lỗi nhập mã không đăng nhập được dù ghi đúng số đã thế còn tệ đến mức chỉ có gọi và báo sai mã thôi chứ không có cả otp luôn cơ bảo sao thằng shopee nó ăn đứt tụi dev của cái app này nó quyết tâm ế bằng thực lực,app đần vl trước thì cái lỗi thanh_toán với khóa tài_khoản không lý_do giờ thì cái lỗi nhập_mã không đăng_nhập được dù ghi đúng số đã thế còn tệ đến mức chỉ có gọi và báo sai_mã thôi chứ không có cả otp luôn cơ_bảo sao thằng shopee nó ăn_đứt tụi dev của cái app này nó quyết_tâm ế bằng thực_lực
"Đăng kí vào thì thông báo bị khóa acc. Tưởng bị lỗi, nên đăng nhập bằng cái khác nhưng vẫn thông báo bị khóa ? Làm ăn chán thật sự",1,com.lazada.android,negative,vi,đăng kí vào thì thông báo bị khóa tài khoản tưởng bị lỗi nên đăng nhập bằng cái khác nhưng vẫn thông báo bị khóa làm ăn chán thật sự,đăng_kí vào thì thông_báo bị khóa tài_khoản tưởng bị lỗi nên đăng_nhập bằng cái khác nhưng vẫn thông_báo bị khóa làm_ăn chán thật_sự
wWowl,1,com.lazada.android,negative,vi,wwowl,wwowl
Đang yên đang lành khóa tài khoản của người ta,1,com.lazada.android,negative,vi,đang yên đang lành khóa tài khoản của người ta,đang yên đang lành_khóa tài_khoản của người ta
Quá mệt mỏi với quảng cáo của mày. Mỗi video YouTube tao xem đều là quảng cáo của mày.,1,com.lazada.android,negative,vi,quá mệt mỏi với quảng cáo của mày mỗi video youtube tao xem đều là quảng cáo của mày,quá mệt_mỏi với quảng_cáo của mày mỗi video youtube tao xem đều là quảng_cáo của mày
Đặt đơn giao nhanh 48h. 3 4 ngày chưa giao.,1,com.lazada.android,negative,vi,đặt đơn giao nhanh 48h 3 4 ngày chưa giao,đặt đơn giao nhanh 48 h 3 4 ngày chưa giao
"giao hàng lâu, shop thì chảnh 🐶 , tệ tệ.",1,com.lazada.android,negative,vi,giao hàng lâu shop thì chảnh tệ tệ,giao hàng lâu_shop thì chảnh_tệ tệ
THẬT SỰ RẤT TỆ,1,com.lazada.android,negative,vi,thật sự rất tệ,thật_sự rất tệ
"Good khi nào cần 5tr gõ VayTotNhat nhé, duyệt ngay nè",5,com.lazada.android,positive,vi,good khi nào cần 5tr gõ vaytotnhat nhé duyệt ngay nè,good khi nào cần 5 tr gõ vaytotnhat nhé duyệt ngay nè
thua,1,com.lazada.android,negative,vi,thua,thua
Quảng cáo quá nhiều nên bỏ bớt 4*,1,com.lazada.android,negative,vi,quảng cáo quá nhiều nên bỏ bớt 4,quảng_cáo quá nhiều nên bỏ bớt 4
"Lúc này kiếm 5tr tại VayTotNhat, kiểu trả góp mà lãi ít thôi",5,com.lazada.android,positive,vi,lúc này kiếm 5tr tại vaytotnhat kiểu trả góp mà lãi ít thôi,lúc này kiếm 5 tr tại vaytotnhat kiểu trả_góp mà lãi ít thôi
"ứng dụng bị cái j vậy trời 3 lần đặt hàng thì cả 3 lần không giao , có phải đơn 1-2k đâu mấy trăm nghìn mà qua ngày giao hàng rồi vẫn không cập nhật xong hủy đơn luôn ????????",1,com.lazada.android,negative,vi,ứng dụng bị cái j vậy trời 3 lần đặt hàng thì cả 3 lần không giao có phải đơn 1 2k đâu mấy trăm nghìn mà qua ngày giao hàng rồi vẫn không cập nhật xong hủy đơn luôn,ứng_dụng bị cái j vậy trời 3 lần đặt_hàng thì cả 3 lần không giao có phải đơn 1 2 k đâu mấy trăm nghìn mà qua_ngày giao hàng rồi vẫn không cập_nhật xong hủy đơn luôn
Tự hủy đơn hàng,1,com.lazada.android,negative,vi,tự hủy đơn hàng,tự hủy đơn hàng
"Trải nghiệm vô cùng tệ, mình đã bị ban một account mới lập chỉ vì click vào chọn voucher khi chưa mua hàng lần nào. Tạo tài khoản khác thì liên tục bị báo hành vi bất thường không thể mua sắm nếu có dùng voucher""AI báo lỗi hành vi bất thường và không có lý do gì ???"". Nhân viên hỗ trợ thì yêu cầu mua hàng mà không dùng voucher???. Tại sao tôi phải mua hàng với giá cao trong khi có voucher và chương trình choice đủ điều kiện sử dụng. ĐỈNH CAO TRẢI NGHIỆM NGƯỜI DÙNG VỚI LZ :)",1,com.lazada.android,negative,vi,trải nghiệm vô cùng tệ mình đã bị ban một account mới lập chỉ vì click vào chọn voucher khi chưa mua hàng lần nào tạo tài khoản khác thì liên tục bị báo hành vi bất thường không thể mua sắm nếu có dùng voucher ai báo lỗi hành vi bất thường và không có lý do gì nhân viên hỗ trợ thì yêu cầu mua hàng mà không dùng voucher tại sao tôi phải mua hàng với giá cao trong khi có voucher và chương trình choice đủ điều kiện sử dụng đỉnh cao trải nghiệm người dùng với lz,trải_nghiệm vô_cùng tệ mình đã bị ban một account mới lập chỉ vì click vào chọn voucher khi chưa mua hàng lần nào tạo tài_khoản khác thì liên_tục bị báo hành_vi bất_thường không_thể mua_sắm nếu có dùng voucher ai báo lỗi hành_vi bất_thường và không có lý_do gì nhân_viên hỗ_trợ thì yêu_cầu mua hàng mà không dùng voucher tại_sao tôi phải mua hàng với giá cao trong khi có voucher và chương_trình choice đủ điều_kiện sử_dụng đỉnh_cao trải_nghiệm người dùng với lz
"Khi ai kẹt gõ VayTotNhat kiếm 5tr thực sự ok. Về trong nay mai lazada hết vốn rồi hay sao ý phí vận chuyển ăn trên trời, mà giảm thì cho có tí):)",5,com.lazada.android,positive,vi,khi ai kẹt gõ vaytotnhat kiếm 5tr thực sự ok về trong nay mai lazada hết vốn rồi hay sao ý phí vận chuyển ăn trên trời mà giảm thì cho có tí,khi ai kẹt gõ vaytotnhat kiếm 5 tr thực_sự ok về trong nay_mai lazada hết vốn rồi hay sao ý_phí vận_chuyển ăn trên trời mà giảm thì cho có tí
Mình mua hàng bình thường thế mà bị dính lỗi cr01 ko rõ lí do. Vậy là từ giờ ko dùng được lazada nữa hả.,1,com.lazada.android,negative,vi,mình mua hàng bình thường thế mà bị dính lỗi cr01 không rõ lí do vậy là từ giờ không dùng được lazada nữa hả,mình mua hàng bình_thường thế mà bị dính lỗi cr01 không rõ lí_do_vậy là từ giờ không dùng được lazada nữa hả
"bnc m ,cứ phải bắt cn , không tự nâng cấp đi , có việc cần mua thì phải cứ mất thời gian",1,com.lazada.android,negative,vi,bnc m cứ phải bắt cn không tự nâng cấp đi có việc cần mua thì phải cứ mất thời gian,bnc m cứ phải bắt cn không tự nâng_cấp đi có việc cần mua thì phải cứ mất thời_gian
Nick tôi mới mua 1 đơn hàng đã bị đánh cr01. Thật quá vô lý. Đã gắn bó với lazada nhiều năm. Thật quá thất vọng,1,com.lazada.android,negative,vi,nick tôi mới mua 1 đơn hàng đã bị đánh cr01 thật quá vô lý đã gắn bó với lazada nhiều năm thật quá thất vọng,nick tôi mới mua 1 đơn hàng đã bị đánh cr01 thật quá vô_lý đã gắn_bó với lazada nhiều năm thật quá thất_vọng
"giao rõ thì lâu vượt quá mức dự kiến,thông báo cập nhật trạng thái đơn hàng thì chậm chạp,làm người ta phải sốt ruột",3,com.lazada.android,neutral,vi,giao rõ thì lâu vượt quá mức dự kiến thông báo cập nhật trạng thái đơn hàng thì chậm chạp làm người ta phải sốt ruột,giao rõ thì lâu vượt quá mức dự_kiến thông_báo cập_nhật_trạng_thái đơn hàng thì chậm_chạp làm người ta phải sốt_ruột
đồ xịn mà phí vận chuyển mắc quá. liên kết tài khoản hay bị lỗi qá mong xem xét lại,5,com.lazada.android,positive,vi,đồ xịn mà phí vận chuyển mắc quá liên kết tài khoản hay bị lỗi qá mong xem xét lại,đồ xịn mà phí vận_chuyển mắc quá liên_kết tài_khoản hay bị lỗi qá mong xem_xét lại
"mình ko có lỗi gì mà hệ thống báo lỗi oc01 báo mình mua hàng không vì mục đích cá nhân, yêu cầu gỡ lỗi cho mình, trải nghiệm thấy rất khó chịu",1,com.lazada.android,negative,vi,mình không có lỗi gì mà hệ thống báo lỗi oc01 báo mình mua hàng không vì mục đích cá nhân yêu cầu gỡ lỗi cho mình trải nghiệm thấy rất khó chịu,mình không có lỗi gì mà hệ_thống báo lỗi oc01 báo mình mua hàng_không vì mục_đích cá_nhân yêu_cầu gỡ lỗi cho mình trải_nghiệm thấy rất khó_chịu
đơn đặt mấy ngày không về còn tự hủy,1,com.lazada.android,negative,vi,đơn đặt mấy ngày không về còn tự hủy,đơn đặt mấy ngày không về còn tự hủy
mới tạo acc là bị khoá tại sao v?,1,com.lazada.android,negative,vi,mới tạo tài khoản là bị khoá tại sao v,mới tạo tài_khoản là bị khóa tại_sao v
Giao sai sản phẩm mà không chịu hoàn tiền lại cho người ta. Ứng dụng lừa đảo khách hàng không nên cài đặt. Tôi đã xoá nó đi rồi. Cho 1 sao vì đặt hàng mà lại bắt đưa giấy chứng minh nhân dân,1,com.lazada.android,negative,vi,giao sai sản phẩm mà không chịu hoàn tiền lại cho người ta ứng dụng lừa đảo khách hàng không nên cài đặt tôi đã xoá nó đi rồi cho 1 sao vì đặt hàng mà lại bắt đưa giấy chứng minh nhân dân,giao sai sản_phẩm mà không chịu hoàn tiền lại cho người ta ứng_dụng lừa_đảo khách_hàng_không nên cài_đặt tôi đã xóa nó đi rồi cho 1 sao vì đặt_hàng mà_lại bắt đưa giấy_chứng_minh nhân_dân
tự nhiên vừa đăng ký cái bang. 8 năm nghỉ xài lzd giờ mò lại mail mới sdt mới k hiểu bang cái gì. App thì lỏ load lâu điên,1,com.lazada.android,negative,vi,tự nhiên vừa đăng ký cái bang 8 năm nghỉ xài lzd giờ mò lại mail mới sdt mới không hiểu bang cái gì app thì lỏ load lâu điên,tự_nhiên vừa đăng_ký cái_bang 8 năm nghỉ xài lzd giờ mò lại mail mới sdt mới không hiểu bang cái gì app thì lỏ load lâu điên
Mua hàng trên lazada mà không hề có một cái mã giảm giá nào trong khi tài khoản rất đẹp? Không hoàn hàng hay làm gì bất thường cả. Chán app,1,com.lazada.android,negative,vi,mua hàng trên lazada mà không hề có một cái mã giảm giá nào trong khi tài khoản rất đẹp không hoàn hàng hay làm gì bất thường cả chán app,mua hàng trên lazada mà không hề có một cái mã giảm_giá nào trong khi tài_khoản rất đẹp không hoàn_hàng hay làm_gì bất_thường cả chán app
"Khi kẹt gõ VayTotNhat kiếm 5tr thực sự ok. Về trong nay mai lazada hết vốn rồi hay sao ý phí vận chuyển ăn trên trời, mà giảm thì cho có tí):)",5,com.lazada.android,positive,vi,khi kẹt gõ vaytotnhat kiếm 5tr thực sự ok về trong nay mai lazada hết vốn rồi hay sao ý phí vận chuyển ăn trên trời mà giảm thì cho có tí,khi kẹt gõ vaytotnhat kiếm 5 tr thực_sự ok về trong nay_mai lazada hết vốn rồi hay sao ý_phí vận_chuyển ăn trên trời mà giảm thì cho có tí
tôi mong lazada cập nhật tính năng định vị bản đồ vì viết địa chỉ khiến shiper giao nhầm chỗ đặc biệt là hôm nay tui ở xã Đăk săk mà shiper giao chỗ Krông nô khiến tôi không nhận được hàng còn khác gì gắn cải mác bom hàng tui cũng thấy tội shiper bộ chỉ vì không có cái định vị GPS dm,1,com.lazada.android,negative,vi,tôi mong lazada cập nhật tính năng định vị bản đồ vì viết địa chỉ khiến shiper giao nhầm chỗ đặc biệt là hôm nay tui ở xã đăk săk mà shiper giao chỗ krông nô khiến tôi không nhận được hàng còn khác gì gắn cải mác bom hàng tui cũng thấy tội shiper bộ chỉ vì không có cái định vị gps tệ,tôi mong lazada_cập_nhật tính năng_định_vị bản_đồ vì viết địa_chỉ khiến shiper giao nhầm chỗ đặc_biệt là hôm_nay tui ở xã đăk_săk mà shiper giao chỗ krông_nô khiến tôi không nhận được hàng còn khác gì gắn cải_mác bom hàng tui cũng thấy tội shiper bộ_chỉ vì không có cái định_vị gps tệ
Thích trải nghiệm và thử thách,5,com.lazada.android,positive,vi,thích trải nghiệm và thử thách,thích trải_nghiệm và thử_thách
app rách vừa lag vừa đểu,1,com.lazada.android,negative,vi,app rách vừa lag vừa đểu,app rách vừa lag vừa đểu
"Không đăng nhập vào được, xác minh liên tục kết quả là bị khóa, hiểu sao người ta thích shopee với tiktokshop hơn rồi đấy 😒",1,com.lazada.android,negative,vi,không đăng nhập vào được xác minh liên tục kết quả là bị khóa hiểu sao người ta thích shopee với tiktokshop hơn rồi đấy,không đăng_nhập vào được xác_minh liên_tục kết_quả là bị khóa hiểu sao người ta thích shopee với tiktokshop hơn rồi đấy
app lỏ bên kho vận chuyển không giao hàng có gọi hủy hàng lazada bảo nhiều lần hủy hàng đúng phế không biết xác mình từ khách hàng hay NV vận chuyển,1,com.lazada.android,negative,vi,app lỏ bên kho vận chuyển không giao hàng có gọi hủy hàng lazada bảo nhiều lần hủy hàng đúng phế không biết xác mình từ khách hàng hay nv vận chuyển,app lỏ bên kho vận_chuyển không giao hàng có gọi hủy hàng lazada bảo nhiều lần hủy hàng đúng phế không biết xác mình từ khách_hàng hay nv vận_chuyển
đc,1,com.lazada.android,negative,vi,đc,đc
"bịp lắm mọi người ạ, lúc đầu cho chọn 3 đơn 0đ free, xong tự nhiên bị hủy đơn?",1,com.lazada.android,negative,vi,bịp lắm mọi người ạ lúc đầu cho chọn 3 đơn 0đ free xong tự nhiên bị hủy đơn,bịp lắm mọi người ạ lúc đầu cho chọn 3 đơn 0 đ free xong tự_nhiên bị hủy đơn
ok tuyệt,5,com.lazada.android,positive,vi,ok tuyệt,ok tuyệt
cứ mới tạo xong tài khoản thì lại bị khóa,1,com.lazada.android,negative,vi,cứ mới tạo xong tài khoản thì lại bị khóa,cứ mới tạo xong tài_khoản thì lại bị khóa
nó bị gì ấy tui săn đơn 0₫ mà 3 ngày ròi vẫn ở mục chờ đóng gói 😃,1,com.lazada.android,negative,vi,nó bị gì ấy tui săn đơn 0 mà 3 ngày ròi vẫn ở mục chờ đóng gói,nó bị gì ấy tui săn đơn 0 mà 3 ngày ròi vẫn ở mục chờ đóng_gói
"rất đáng mua sắm trên đây Lắm nha , MN nên tải về",5,com.lazada.android,positive,vi,rất đáng mua sắm trên đây lắm nha mn nên tải về,rất đáng mua_sắm trên đây lắm nha_mn nên tải về
hay quảng cáo,1,com.lazada.android,negative,vi,hay quảng cáo,hay quảng_cáo
"xài hay nha kiểu v đó rồi v đó rồi đó đó rồi vậy đó rồi đó rồi vậy đó đó, mình thấy app này có màu hồng cute với lại giống instagram nên mình nhớ nyc của mình ở instagram á, ap màu hồng mình nhìn giống cờ lesbian á nên mình hơi sốc và sợ hãi và nhớ nyc nói chung là mình buồn mình khóc rồi cảm ơn instagram đã cho mình 1 nyc và app lazada mình k bt instagram vs lazada có phải là 1 k nên mình nói đại đừng chửi mình nha",5,com.lazada.android,positive,vi,xài hay nha kiểu v đó rồi v đó rồi đó đó rồi vậy đó rồi đó rồi vậy đó đó mình thấy app này có màu hồng cute với lại giống instagram nên mình nhớ nyc của mình ở instagram á ap màu hồng mình nhìn giống cờ lesbian á nên mình hơi sốc và sợ hãi và nhớ nyc nói chung là mình buồn mình khóc rồi cảm ơn instagram đã cho mình 1 nyc và app lazada mình không bt instagram vs lazada có phải là 1 không nên mình nói đại đừng chửi mình nha,xài hay nha kiểu v đó rồi v đó rồi đó đó rồi vậy đó rồi đó rồi vậy đó đó mình thấy app này có màu hồng_cute với_lại giống instagram nên mình nhớ nyc của mình ở instagram á_ap màu hồng mình nhìn giống cờ lesbian_á nên mình hơi sốc và sợ_hãi và nhớ nyc nói_chung là mình buồn mình khóc rồi cảm_ơn instagram đã cho mình 1 nyc và app lazada mình không bt instagram vs lazada có phải là 1 không nên mình nói đại_đừng chửi mình nha
không có săn xu,1,com.lazada.android,negative,vi,không có săn xu,không có săn xu
"Giao hàng thì chậm, đơn hàng ở cùng địa phương mà hơn 15 ngày không thấy giao. Lazada thì đỗ do đội vận chuyển của người bán nên không nắm rõ, còn hỏi người bán thì không trả lời. Thiếu tôn trọng khách hàng và lừa đảo. Mọi người cẩn thận nha",1,com.lazada.android,negative,vi,giao hàng thì chậm đơn hàng ở cùng địa phương mà hơn 15 ngày không thấy giao lazada thì đỗ do đội vận chuyển của người bán nên không nắm rõ còn hỏi người bán thì không trả lời thiếu tôn trọng khách hàng và lừa đảo mọi người cẩn thận nha,giao hàng thì chậm đơn hàng ở cùng địa_phương mà hơn 15 ngày không thấy giao_lazada thì đỗ do đội vận_chuyển của người bán nên không nắm rõ còn hỏi người bán thì không trả_lời thiếu tôn_trọng khách_hàng và lừa_đảo mọi người cẩn_thận nha
ok ok,5,com.lazada.android,positive,vi,ok ok,ok ok
chơi game toàn chưa cập nhật rồi sao chơi???,1,com.lazada.android,negative,vi,chơi game toàn chưa cập nhật rồi sao chơi,chơi game toàn chưa cập_nhật rồi sao chơi
jika Lazada ada support ewallet ada duitnow QR macam shopeepay lagi bagus,5,com.lazada.android,positive,vi,jika lazada ada support ewallet ada duitnow qr macam shopeepay lagi bagus,jika lazada ada support ewallet ada duitnow qr macam shopeepay lagi bagus
cho 3 món hàng free rồi hủy vì ko thanh toán đúng thời hạn,1,com.lazada.android,negative,vi,cho 3 món hàng free rồi hủy vì không thanh toán đúng thời hạn,cho 3 món hàng free rồi hủy vì không thanh_toán đúng thời_hạn
vừa hôm qua mình đang đi du lịch mình có nói với shipper là hẹn ngày mai giao chưa gì gọi xong mở app lên thấy đơn hàng sẽ trả lại cho người bán làm ăn gì kì cục vậy 😡😡😡😡,1,com.lazada.android,negative,vi,vừa hôm qua mình đang đi du lịch mình có nói với shipper là hẹn ngày mai giao chưa gì gọi xong mở app lên thấy đơn hàng sẽ trả lại cho người bán làm ăn gì kì cục vậy,vừa hôm_qua mình đang đi du_lịch mình có nói với shipper là hẹn ngày_mai giao chưa gì gọi xong mở app lên thấy đơn hàng sẽ trả lại cho người bán làm_ăn gì kì_cục vậy
bao năm dùng toàn thanh toán trước đàng hoàng không hoàn đơn bao giờ vậy mà mới nghỉ mua vài tháng thì bị cr01 lúc hết mua 2 đơn trước tết cũng thanh toán đàng hoàng nhận hàng bình thường sau tết lại bị cr01 tiếp??? không hiểu sao luôn lazada muốn đuổi người dùng hay sao ý,1,com.lazada.android,negative,vi,bao năm dùng toàn thanh toán trước đàng hoàng không hoàn đơn bao giờ vậy mà mới nghỉ mua vài tháng thì bị cr01 lúc hết mua 2 đơn trước tết cũng thanh toán đàng hoàng nhận hàng bình thường sau tết lại bị cr01 tiếp không hiểu sao luôn lazada muốn đuổi người dùng hay sao ý,bao năm dùng toàn thanh_toán trước đàng_hoàng không hoàn_đơn bao_giờ vậy_mà mới nghỉ mua vài tháng thì bị cr01 lúc hết mua 2 đơn trước tết cũng thanh_toán đàng_hoàng nhận hàng bình_thường sau tết lại bị cr01 tiếp không hiểu sao luôn lazada muốn đuổi người dùng hay sao ý
tự nhiên bị dụ mua 3 đơn hàng đầu tiên 0d xong nó tự hủy do không thanh toán? thôi thì lại shoppe vậy chứ chơi mà chơi lừa vầy thì sợ quá ai dám xài,1,com.lazada.android,negative,vi,tự nhiên bị dụ mua 3 đơn hàng đầu tiên 0d xong nó tự hủy do không thanh toán thôi thì lại shoppe vậy chứ chơi mà chơi lừa vầy thì sợ quá ai dám xài,tự_nhiên bị dụ mua 3 đơn hàng đầu_tiên 0 d xong nó tự_hủy do không thanh_toán thôi thì lại shoppe vậy chứ chơi mà chơi lừa_vầy thì sợ quá ai dám xài
"trả hàng ko đc , ko biết app sinh ra cái trả hàng làm cái gì",1,com.lazada.android,negative,vi,trả hàng không đc không biết app sinh ra cái trả hàng làm cái gì,trả hàng_không đc không biết app_sinh ra cái trả hàng làm cái gì
"có 1 số shop bán hàng trên lazada , ảo quá nhiều.tôi đặt có đơn chỉ bảo là đơn chờ đóng gói chứ không có khâu vận chuyển không hiển thị.mong lazada sửa lỗi này nha!",2,com.lazada.android,negative,vi,có 1 số shop bán hàng trên lazada ảo quá nhiều tôi đặt có đơn chỉ bảo là đơn chờ đóng gói chứ không có khâu vận chuyển không hiển thị mong lazada sửa lỗi này nha,có 1 số shop bán hàng trên lazada ảo quá nhiều tôi đặt có đơn chỉ_bảo là đơn chờ đóng_gói chứ không có khâu vận_chuyển không hiển_thị mong lazada sửa lỗi này nha
"lazada vẫn có rất nhiều đơn hàng sử lý rất chậm, đặt từ hôm 26/10/2025 vào 18:07, đã thanh toán rồi nhưng đến bây giờ vẫn chỉ "" chờ đóng gói "" vẫn chưa nhận được hàng",1,com.lazada.android,negative,vi,lazada vẫn có rất nhiều đơn hàng sử lý rất chậm đặt từ hôm 26 10 2025 vào 18 07 đã thanh toán rồi nhưng đến bây giờ vẫn chỉ chờ đóng gói vẫn chưa nhận được hàng,lazada vẫn có rất nhiều đơn hàng sử_lý rất chậm đặt từ hôm 26 10 2025 vào 18 07 đã thanh_toán rồi nhưng đến bây_giờ vẫn chỉ chờ đóng_gói vẫn chưa nhận được hàng
tôi khong muốn quảng cáo,1,com.lazada.android,negative,vi,tôi khong muốn quảng cáo,tôi khong muốn quảng_cáo
có nhiều loại slime //_ _ //,5,com.lazada.android,positive,vi,có nhiều loại slime _ _,có nhiều loại slime _ _
hoàn tiền lại cho t,1,com.lazada.android,negative,vi,hoàn tiền lại cho t,hoàn tiền lại cho t
cứ quảng cáo trong điện thoại của tôi hoài khi không mở ứng dụng. hay khi đã xoá ứng dụng.,3,com.lazada.android,neutral,vi,cứ quảng cáo trong điện thoại của tôi hoài khi không mở ứng dụng hay khi đã xoá ứng dụng,cứ quảng_cáo trong điện_thoại của tôi hoài khi không mở ứng_dụng hay khi đã xóa ứng_dụng
tạo tk chưa lmj đã bị khoá quá xàm,1,com.lazada.android,negative,vi,tạo tk chưa lmj đã bị khoá quá xàm,tạo tk chưa lmj đã bị khóa quá xàm
"quá tệ, ship lâu",1,com.lazada.android,negative,vi,quá tệ ship lâu,quá tệ_ship lâu
xịn khỏi bàn mua hàng chất lượng,5,com.lazada.android,positive,vi,xịn khỏi bàn mua hàng chất lượng,xịn khỏi bàn mua hàng chất_lượng
Đăng kí acc bằng mọi cách nhưng đều bị khóa hết,1,com.lazada.android,negative,vi,đăng kí tài khoản bằng mọi cách nhưng đều bị khóa hết,đăng_kí tài_khoản bằng mọi cách nhưng đều bị khóa hết
mới dùng lần đầu tạo tài khoản thì bị khoá acc??? app rác à,1,com.lazada.android,negative,vi,mới dùng lần đầu tạo tài khoản thì bị khoá tài khoản app rác à,mới dùng lần đầu tạo tài_khoản thì bị khóa tài_khoản app rác à
chát,4,com.lazada.android,positive,vi,chát,chát
la za da rất tốt nhưng có nhiều shop gửi hàng bị hỏng tôi ko nhận đc liền ko cho tôi thanh toán khi nhận hàng nên tôi xóa lazada chắc từ nay phải mua hàng bên shop bi thôi chứ đặt thì nhận chứ bom hàng hàng làm gì tôi ko xài tài khoảng nên ko mua ở zalada nữa rồi,5,com.lazada.android,positive,vi,la za da rất tốt nhưng có nhiều shop gửi hàng bị hỏng tôi không nhận đc liền không cho tôi thanh toán khi nhận hàng nên tôi xóa lazada chắc từ nay phải mua hàng bên shop bi thôi chứ đặt thì nhận chứ bom hàng hàng làm gì tôi không xài tài khoảng nên không mua ở zalada nữa rồi,la za da rất tốt nhưng có nhiều shop gửi hàng bị hỏng tôi không nhận đc liền không cho tôi thanh_toán khi nhận hàng nên tôi xóa lazada chắc từ nay phải mua hàng bên shop_bi thôi chứ đặt thì nhận chứ bom hàng hàng làm gì tôi không xài_tài khoảng nên không mua ở zalada nữa rồi
"chưa giao hàng, ship k gọi đã bị hủy đơn r",1,com.lazada.android,negative,vi,chưa giao hàng ship không gọi đã bị hủy đơn rồi,chưa giao hàng ship không gọi đã bị hủy đơn rồi
"siêu nhiều chương trình quà tặng, xu thì bạc ngànnnnn 10 điểm nha",5,com.lazada.android,positive,vi,siêu nhiều chương trình quà tặng xu thì bạc ngànnnnn 10 điểm nha,siêu nhiều chương_trình quà tặng xu thì bạc ngànnnnn 10 điểm nha
ko bt chủ shop là ai luôn chịu,1,com.lazada.android,negative,vi,không bt chủ shop là ai luôn chịu,không bt chủ shop là ai luôn chịu
"Tại sao đơn vị vận chuyển và nhà bán hàng tự ý hủy đơn đặt hàng của tôi ? Giờ thì lại khóa tính năng thanh toán khi nhận hàng vì giao hàng cho tôi không thành công nhiều lần. Làm ăn như vậy à ? lỗi của người khác mà khách hàng phải hứng chịu. Quá mất thời gian để chờ đợi rồi không nhận được hàng, rồi giờ khóa tính năng của khách hàng luôn . Còn người gây ra lỗi thì không có biện pháp xử lý vẫn được nhởn nhơ hả hê.",1,com.lazada.android,negative,vi,tại sao đơn vị vận chuyển và nhà bán hàng tự ý hủy đơn đặt hàng của tôi giờ thì lại khóa tính năng thanh toán khi nhận hàng vì giao hàng cho tôi không thành công nhiều lần làm ăn như vậy à lỗi của người khác mà khách hàng phải hứng chịu quá mất thời gian để chờ đợi rồi không nhận được hàng rồi giờ khóa tính năng của khách hàng luôn còn người gây ra lỗi thì không có biện pháp xử lý vẫn được nhởn nhơ hả hê,tại_sao đơn_vị vận_chuyển và nhà bán hàng tự_ý hủy đơn đặt_hàng của tôi giờ thì lại khóa tính_năng thanh_toán khi nhận hàng vì giao hàng cho tôi không thành_công nhiều lần làm_ăn như_vậy à lỗi của người khác mà khách_hàng phải hứng_chịu quá mất thời_gian để chờ_đợi rồi không nhận được hàng rồi giờ khóa tính_năng của khách_hàng luôn còn người gây ra lỗi thì không có biện_pháp xử_lý vẫn được nhởn_nhơ hả hê
Không hiểu tại sao vô app tạo acc là khóa ko sài đc app lun,3,com.lazada.android,neutral,vi,không hiểu tại sao vô app tạo tài khoản là khóa không sài đc app lun,không hiểu tại_sao vô_app tạo tài_khoản là khóa không sài đc app lun
"app như cI, thua xa shopee, toàn chiêu trò",1,com.lazada.android,negative,vi,app như ci thua xa shopee toàn chiêu trò,app như ci_thua xa_shopee toàn chiêu_trò
"khôi phục cài đặt gốc điện thoại dù đã đăng xuất trước đó nhưng khi cài lại, đăng nhập bắt xác minh trên thiết bị cũ không đăng nhập được. dẹp luôn.",1,com.lazada.android,negative,vi,khôi phục cài đặt gốc điện thoại dù đã đăng xuất trước đó nhưng khi cài lại đăng nhập bắt xác minh trên thiết bị cũ không đăng nhập được dẹp luôn,khôi_phục cài_đặt gốc điện_thoại dù đã đăng_xuất trước đó nhưng khi cài lại đăng_nhập bắt xác_minh trên thiết_bị cũ không đăng_nhập được dẹp luôn
Thanh toán tiền mua hàng qua ví em và thẻ atm rất tiện lợi.,4,com.lazada.android,positive,vi,thanh toán tiền mua hàng qua ví em và thẻ atm rất tiện lợi,thanh_toán tiền mua hàng qua ví em và thẻ_atm rất tiện_lợi
quá tuyệt,5,com.lazada.android,positive,vi,quá tuyệt,quá tuyệt
OK tốt đẹp,5,com.lazada.android,positive,vi,ok tốt đẹp,ok tốt_đẹp
rất hữu ích tiện lợi đặt hàng Online giá siêu rẻ nữa,5,com.lazada.android,positive,vi,rất hữu ích tiện lợi đặt hàng online giá siêu rẻ nữa,rất hữu_ích tiện_lợi đặt_hàng online giá siêu_rẻ nữa
"Lúc đầu vào thì cho miễn phí mua 3 món đồ.sau 1 ngày thì hủy luôn 3 đơn đó 😡.Bốc phét, màu là giỏi.",1,com.lazada.android,negative,vi,lúc đầu vào thì cho miễn phí mua 3 món đồ sau 1 ngày thì hủy luôn 3 đơn đó bốc phét màu là giỏi,lúc đầu vào thì cho miễn_phí mua 3 món đồ sau 1 ngày thì hủy luôn 3 đơn đó bốc phét màu là giỏi
"tôi đã trả Hàng nhưng Tiền đã thanh toán cho hàng này đến nay vẫn chưa nhận, vì sao ?.",1,com.lazada.android,negative,vi,tôi đã trả hàng nhưng tiền đã thanh toán cho hàng này đến nay vẫn chưa nhận vì sao,tôi đã trả hàng nhưng tiền đã thanh_toán cho hàng này đến nay vẫn chưa nhận vì sao
"cứ vô mua là bị lỗi OC01 bắt bỏ hết voucher, thế cuối cùng là mua cái gì?",1,com.lazada.android,negative,vi,cứ vô mua là bị lỗi oc01 bắt bỏ hết voucher thế cuối cùng là mua cái gì,cứ vô mua là bị lỗi oc01 bắt bỏ hết voucher_thế cuối_cùng là mua cái gì
đểu,1,com.lazada.android,negative,vi,đểu,đểu
"lazada hết vốn rồi hay sao ý phí vận chuyển ăn trên trời, mà giảm thì cho có tí):)",1,com.lazada.android,negative,vi,lazada hết vốn rồi hay sao ý phí vận chuyển ăn trên trời mà giảm thì cho có tí,lazada hết vốn rồi hay sao ý_phí vận_chuyển ăn trên trời mà giảm thì cho có tí
đạt tiêu chuẩn chất lượng cao,5,com.lazada.android,positive,vi,đạt tiêu chuẩn chất lượng cao,đạt tiêu_chuẩn chất_lượng cao
Đang yên lành đổi chính sách làm giá tăng lên còn voucher thì không có nên giá cao hơn shoppee nên qua đó mua hàng ok hơn. Lại thêm đòi cccd khi đặt hàng nên bay bay lazada,1,com.lazada.android,negative,vi,đang yên lành đổi chính sách làm giá tăng lên còn voucher thì không có nên giá cao hơn shoppee nên qua đó mua hàng ok hơn lại thêm đòi cccd khi đặt hàng nên bay bay lazada,đang yên_lành đổi chính_sách làm_giá tăng lên còn voucher thì không có nên giá cao hơn shoppee nên qua đó mua hàng ok hơn lại thêm đòi cccd khi đặt_hàng nên bay bay lazada
"quá thất vọng về ba đơn hàng đầu tiên, đơn nào cũng không giao được và đã bị hủy hết",1,com.lazada.android,negative,vi,quá thất vọng về ba đơn hàng đầu tiên đơn nào cũng không giao được và đã bị hủy hết,quá thất_vọng về ba đơn hàng đầu_tiên đơn nào cũng không giao được và đã bị hủy hết
đăng nhập sđt của mk mà vô có sẵn tk của người khác dùng sđt của mk,1,com.lazada.android,negative,vi,đăng nhập sđt của mk mà vô có sẵn tk của người khác dùng sđt của mk,đăng nhập sđt của mk mà vô có sẵn_tk của người khác dùng sđt của mk
mua hàng không có theo dõi vận chuyển giao hàng quá lâu đứng đơn không thấy di chuyển.,3,com.lazada.android,neutral,vi,mua hàng không có theo dõi vận chuyển giao hàng quá lâu đứng đơn không thấy di chuyển,mua hàng không có theo_dõi vận_chuyển_giao hàng quá lâu đứng đơn không thấy di_chuyển
"Mua laz đã lâu mà giờ phải đánh giá 1 sao dù ko muốn, shiper ko giao hàng tự ý hoàn hàng cho mình dù mình ko đồng ý, đến kho lấy cũng ko giao cho mình, đơn hàng đặt từ TQ về hết mười mấy ngày mà còn làm vậy thất đức thật sự, gửi khiếu nại thì ko giải quyết cho mình vẫn hoàn hàng, ko biết đội ngũ làm ăn cái kiểu gì",1,com.lazada.android,negative,vi,mua laz đã lâu mà giờ phải đánh giá 1 sao dù không muốn shiper không giao hàng tự ý hoàn hàng cho mình dù mình không đồng ý đến kho lấy cũng không giao cho mình đơn hàng đặt từ tq về hết mười mấy ngày mà còn làm vậy thất đức thật sự gửi khiếu nại thì không giải quyết cho mình vẫn hoàn hàng không biết đội ngũ làm ăn cái kiểu gì,mua laz đã lâu mà giờ phải đánh_giá 1 sao dù không muốn shiper không giao hàng tự_ý hoàn_hàng cho mình dù mình không đồng_ý đến kho lấy cũng không giao cho mình đơn hàng đặt từ tq về hết mười mấy ngày mà_còn làm_vậy thất_đức thật_sự gửi khiếu_nại thì không giải_quyết cho mình vẫn hoàn_hàng không biết đội_ngũ làm_ăn cái kiểu gì
ko làm gì bị khóa tài khoản,1,com.lazada.android,negative,vi,không làm gì bị khóa tài khoản,không làm gì bị khóa tài_khoản
"mới đầu năm đã phải khẩu nghiệp, acc không làm gì cũng band. Chả hiểu nổi đội ngũ kỹ thuật hay mấy con bot AI mà ngoo thế!",1,com.lazada.android,negative,vi,mới đầu năm đã phải khẩu nghiệp tài khoản không làm gì cũng band chả hiểu nổi đội ngũ kỹ thuật hay mấy con bot ai mà ngoo thế,mới đầu năm đã phải khẩu_nghiệp tài_khoản không làm gì cũng band chả hiểu nổi đội_ngũ kỹ_thuật hay mấy con bot ai mà ngoo thế
"Mỗi lần mở ứng dụng là bắt xác minh danh tính, bắt nhập 1 đống mã capcha. Đăng nhập bằng chính máy đang sử dụng bắt phải vào tài khoản để xác minh. dev laz chết hết à",1,com.lazada.android,negative,vi,mỗi lần mở ứng dụng là bắt xác minh danh tính bắt nhập 1 đống mã capcha đăng nhập bằng chính máy đang sử dụng bắt phải vào tài khoản để xác minh dev laz chết hết à,mỗi lần mở ứng_dụng là bắt xác_minh danh_tính bắt_nhập 1 đống mã capcha đăng_nhập bằng chính máy đang sử_dụng bắt phải vào tài_khoản để xác_minh dev laz chết hết à
Rất tốt trong việc đặt hàng,5,com.lazada.android,positive,vi,rất tốt trong việc đặt hàng,rất tốt trong việc đặt_hàng
ko đăng nhập được,1,com.lazada.android,negative,vi,không đăng nhập được,không đăng_nhập được
lam khong thuc te noi hsy lam do ok,1,com.lazada.android,negative,vi,lam khong thuc te noi hsy lam do ok,lam khong thuc te noi hsy_lam do ok
Lazada giờ kém hơn xưa nhiều nhiều lắm rồi?!,2,com.lazada.android,negative,vi,lazada giờ kém hơn xưa nhiều nhiều lắm rồi,lazada giờ kém hơn xưa nhiều nhiều lắm rồi
"phí vận chuyển mắc gấp 3,4 lần tiền mua đồ",1,com.lazada.android,negative,vi,phí vận chuyển mắc gấp 3 4 lần tiền mua đồ,phí vận_chuyển mắc gấp 3 4 lần tiền mua đồ
t đã tải lazada về với mục đích là lazada sẽ có những ưu đãi tốt hỗ trợ cho việc mua sắm nhưng khi tải về sẽ có chương trình miễn phí 3 món đồ bất kì trong 1 giới hạn mà hôm nay t vài kiểm tra hàng của mình thì thấy cả 3 đơn t đặt đều bị hủy cùng một lúc t vào xem khi đã hủy thì nó ko đặt lại đc 3 món đồ nữa t bt sẽ ko có món đồ gì miễn phí t cũng ko mong nó sẽ tốt nhưng khi t đặt nó lại hủy khiến t rất bức xúc,1,com.lazada.android,negative,vi,t đã tải lazada về với mục đích là lazada sẽ có những ưu đãi tốt hỗ trợ cho việc mua sắm nhưng khi tải về sẽ có chương trình miễn phí 3 món đồ bất kì trong 1 giới hạn mà hôm nay t vài kiểm tra hàng của mình thì thấy cả 3 đơn t đặt đều bị hủy cùng một lúc t vào xem khi đã hủy thì nó không đặt lại đc 3 món đồ nữa t bt sẽ không có món đồ gì miễn phí t cũng không mong nó sẽ tốt nhưng khi t đặt nó lại hủy khiến t rất bức xúc,t đã tải lazada về với mục_đích là lazada sẽ có những ưu_đãi tốt hỗ_trợ cho việc mua_sắm nhưng khi tải về sẽ có chương_trình miễn_phí 3 món đồ bất_kì trong 1 giới_hạn mà hôm_nay t vài kiểm_tra hàng của mình thì thấy cả 3 đơn t đặt đều bị hủy cùng một lúc t vào xem khi đã hủy thì nó không đặt lại đc 3 món đồ nữa t bt sẽ không có món đồ gì miễn_phí t cũng không mong nó sẽ tốt nhưng khi t đặt nó lại hủy khiến t rất bức_xúc
"làm ăn như hạch, cam kết giao trước mà cả nửa tháng ko giao, bát nháo",1,com.lazada.android,negative,vi,làm ăn như hạch cam kết giao trước mà cả nửa tháng không giao bát nháo,làm_ăn như hạch cam_kết giao trước mà cả nửa tháng không giao bát_nháo
tôi bị khóa tài khoản ko có lí do,1,com.lazada.android,negative,vi,tôi bị khóa tài khoản không có lí do,tôi bị khóa tài_khoản không có lí_do
"Không biết nên diễn tả thất vọng sao với app. Vừa đặt xong 1 đơn hàng thì lại ẩn hết mã giảm giá, giờ muốn mua gì cũng tìm không ra mã. Không lẽ app này làm ăn kiểu chỉ cho giảm giá lúc đầu còn lúc sau ẩn mã hết mã giảm để cố ý đuổi khách à 😔",1,com.lazada.android,negative,vi,không biết nên diễn tả thất vọng sao với app vừa đặt xong 1 đơn hàng thì lại ẩn hết mã giảm giá giờ muốn mua gì cũng tìm không ra mã không lẽ app này làm ăn kiểu chỉ cho giảm giá lúc đầu còn lúc sau ẩn mã hết mã giảm để cố ý đuổi khách à,không biết nên diễn_tả thất_vọng sao với app vừa đặt xong 1 đơn hàng thì lại ẩn hết_mã giảm_giá giờ muốn mua gì cũng tìm không ra_mã không_lẽ app này làm_ăn kiểu chỉ cho giảm_giá lúc đầu còn lúc sau ẩn_mã hết_mã giảm để cố_ý đuổi khách à
rat tốt,5,com.lazada.android,positive,vi,rat tốt,rat tốt
tốt lắm,5,com.lazada.android,positive,vi,tốt lắm,tốt lắm
đổi điện thoại khác dùng dính cr01 chả hiểu,1,com.lazada.android,negative,vi,đổi điện thoại khác dùng dính cr01 chả hiểu,đổi điện_thoại khác dùng dính cr01 chả hiểu
làm ngoo thật mới tạo đã bị lỗi ko hiểu mấy app lỏ này làm ăn kiểu gì,1,com.lazada.android,negative,vi,làm ngoo thật mới tạo đã bị lỗi không hiểu mấy app lỏ này làm ăn kiểu gì,làm ngoo thật mới tạo đã bị lỗi không hiểu mấy app lỏ này làm_ăn kiểu gì
"giao sai sản phẩm, không đồng kiểm, trả hàng không được...cho 1 sao",1,com.lazada.android,negative,vi,giao sai sản phẩm không đồng kiểm trả hàng không được cho 1 sao,giao sai sản_phẩm không đồng kiểm_trả hàng_không được cho 1 sao
deo hiểu gì nuôi lazada deo có tỉnh Vũng Tàu làm tao mua đồ được,2,com.lazada.android,negative,vi,deo hiểu gì nuôi lazada deo có tỉnh vũng tàu làm tao mua đồ được,deo hiểu gì nuôi lazada deo có tỉnh vũng tàu làm tao mua đồ được
eew,2,com.lazada.android,negative,vi,eew,eew
"Trải nghiệm thấy app lazada có vấn đề khi vào xem giá thì bình thường nhưng khi thanh toán để đặt hàng thì giá của món hàng cao gấp 3 lần khi đăng bán , đề nghị chỉnh sửa giá đăng quảng cáo và giá khi thanh toán khớp để khách hàng không bị hiểu lầm là lừa đảo",2,com.lazada.android,negative,vi,trải nghiệm thấy app lazada có vấn đề khi vào xem giá thì bình thường nhưng khi thanh toán để đặt hàng thì giá của món hàng cao gấp 3 lần khi đăng bán đề nghị chỉnh sửa giá đăng quảng cáo và giá khi thanh toán khớp để khách hàng không bị hiểu lầm là lừa đảo,trải_nghiệm thấy app lazada có vấn_đề khi vào xem giá thì bình_thường nhưng khi thanh_toán để đặt_hàng thì giá của món hàng cao gấp 3 lần khi đăng_bán đề_nghị chỉnh_sửa giá đăng quảng_cáo và giá khi thanh_toán khớp để khách_hàng không bị hiểu lầm là lừa_đảo
Lỗi CR01 chả mua gì được. Bị hơn 2 tháng. Nhờ hỗ trợ mà chả giúp gì được.,1,com.lazada.android,negative,vi,lỗi cr01 chả mua gì được bị hơn 2 tháng nhờ hỗ trợ mà chả giúp gì được,lỗi cr01 chả mua gì được bị hơn 2 tháng nhờ hỗ_trợ mà chả giúp gì được
giao hàng lâu ngày dự kiện gần 1tháng chính vì vậy nên mấy nhà bán hàng sàn này sát ngày ms gửi đi,2,com.lazada.android,negative,vi,giao hàng lâu ngày dự kiện gần 1tháng chính vì vậy nên mấy nhà bán hàng sàn này sát ngày ms gửi đi,giao hàng lâu ngày dự_kiện gần 1 tháng chính vì_vậy nên mấy nhà bán hàng sàn này sát ngày ms gửi đi
Ít tiền . Mua đồ tiện hơn,5,com.lazada.android,positive,vi,ít tiền mua đồ tiện hơn,ít tiền mua đồ_tiện hơn
"bị cr01 mà ko 1 lời giải thích, làm ăn chán,",1,com.lazada.android,negative,vi,bị cr01 mà không 1 lời giải thích làm ăn chán,bị cr01 mà không 1 lời giải_thích làm_ăn chán
lần cuối mua ở lazada,1,com.lazada.android,negative,vi,lần cuối mua ở lazada,lần cuối mua ở lazada
"gần tết bắt người ta chờ hàng 1 tuần xong thông báo hủy đơn, rồi giờ đặt chỗ khác sao kịp, đã vậy còn không có nhân viên tư vấn trực tiếp, cho nói chuyện với mấy con box chat Ai gây ức chế, làm việc thiếu chuyên nghiệp, vậy càng ngày càng mất khách là đúng rồi âm sao",1,com.lazada.android,negative,vi,gần tết bắt người ta chờ hàng 1 tuần xong thông báo hủy đơn rồi giờ đặt chỗ khác sao kịp đã vậy còn không có nhân viên tư vấn trực tiếp cho nói chuyện với mấy con box chat ai gây ức chế làm việc thiếu chuyên nghiệp vậy càng ngày càng mất khách là đúng rồi âm sao,gần tết bắt người ta chờ hàng 1 tuần xong thông_báo hủy_đơn rồi giờ đặt chỗ khác sao kịp đã vậy còn không có nhân_viên tư_vấn trực_tiếp cho nói_chuyện với mấy con box chat ai gây ức_chế làm_việc thiếu chuyên_nghiệp vậy càng_ngày_càng mất khách là đúng rồi âm_sao
"Sau khi cập nhật mới thì phát hiện ra một số sản phẩm không thể thêm vào giỏ hàng, chỉ có nút mua ngay. Tôi không hiểu đây là sáng kiến hay tối kiến nữa....",1,com.lazada.android,negative,vi,sau khi cập nhật mới thì phát hiện ra một số sản phẩm không thể thêm vào giỏ hàng chỉ có nút mua ngay tôi không hiểu đây là sáng kiến hay tối kiến nữa,sau khi cập_nhật mới thì phát_hiện ra một_số sản_phẩm không_thể thêm vào giỏ hàng chỉ có nút mua ngay tôi không hiểu đây là sáng_kiến hay tối_kiến nữa
cứ gắng links vào ứng dụng. như con virus,1,com.lazada.android,negative,vi,cứ gắng links vào ứng dụng như con virus,cứ gắng_links vào ứng_dụng như con virus
"hàng thì không giao ,cũng không cho hủy ,tính giữ tiền của khách lại để ăn tết hả",1,com.lazada.android,negative,vi,hàng thì không giao cũng không cho hủy tính giữ tiền của khách lại để ăn tết hả,hàng thì không giao cũng không cho hủy tính giữ tiền của khách lại để ăn tết hả
ít mua hàng lâu lâu vô lại bị dính CR01 khiến không mua được gì,1,com.lazada.android,negative,vi,ít mua hàng lâu lâu vô lại bị dính cr01 khiến không mua được gì,ít mua hàng lâu_lâu vô lại bị dính cr01 khiến không mua được gì
ko tốt,1,com.lazada.android,negative,vi,không tốt,không tốt
hàng tốt ok,5,com.lazada.android,positive,vi,hàng tốt ok,hàng tốt ok
làm ăn như sít ko gọi cuộc nào mà dám làm kiện vấn đề khách từ chối nhận trong khi đang cần hàng gấp liên hệ CSKH thì giống như tự động nói chả ra vấn đề gì làm sàn thương mại như này thì đỉnh rồi,1,com.lazada.android,negative,vi,làm ăn như sít không gọi cuộc nào mà dám làm kiện vấn đề khách từ chối nhận trong khi đang cần hàng gấp liên hệ cskh thì giống như tự động nói chả ra vấn đề gì làm sàn thương mại như này thì đỉnh rồi,làm_ăn như sít không gọi cuộc nào mà dám làm kiện vấn_đề khách từ_chối nhận trong khi đang cần hàng gấp liên_hệ cskh thì giống như tự_động nói chả ra vấn_đề gì làm sàn thương_mại như này thì đỉnh rồi
Giao hàng quá chậm..hàng trong nước mà 10 ngày giao..,1,com.lazada.android,negative,vi,giao hàng quá chậm hàng trong nước mà 10 ngày giao,giao hàng quá chậm hàng trong nước mà 10 ngày giao
Mẹ chả bao giờ cho free ship cả app cứ phải ăn 40-50k ship moiqs đc cơ khuyên k nên mua,3,com.lazada.android,neutral,vi,mẹ chả bao giờ cho free ship cả app cứ phải ăn 40 50k ship moiqs đc cơ khuyên không nên mua,mẹ chả bao_giờ cho free ship cả app cứ phải ăn 40 50 k ship moiqs đc cơ_khuyên không nên mua
Lazada tự nhiên đánh mình lỗi CR01 mặc dù còn chưa mua gì trên sàn?? 😓,5,com.lazada.android,positive,vi,lazada tự nhiên đánh mình lỗi cr01 mặc dù còn chưa mua gì trên sàn,lazada tự_nhiên đánh mình lỗi cr01 mặc_dù còn chưa mua gì trên sàn
chưa cài dat được lazaDa,5,com.lazada.android,positive,vi,chưa cài dat được lazada,chưa cài dat được lazada
Ghét vì suốt ngày quảng cáo,1,com.lazada.android,negative,vi,ghét vì suốt ngày quảng cáo,ghét vì suốt ngày quảng_cáo
tài khoản của tôi sau khi chat với cskh của laz đã nói là không có gì bất thường nhưng đã 1 tháng rồi vẫn bị lỗi cr01 app quá tệ,1,com.lazada.android,negative,vi,tài khoản của tôi sau khi chat với cskh của laz đã nói là không có gì bất thường nhưng đã 1 tháng rồi vẫn bị lỗi cr01 app quá tệ,tài_khoản của tôi sau khi chat với cskh của laz đã nói là không có gì bất_thường nhưng đã 1 tháng rồi vẫn bị lỗi cr01 app quá tệ
"Giao hàng nhanh,dịp lễ là tặng Quà,giá cả khá phải chăng tùy shop nên trải nghiệm.",5,com.lazada.android,positive,vi,giao hàng nhanh dịp lễ là tặng quà giá cả khá phải chăng tùy shop nên trải nghiệm,giao hàng nhanh dịp lễ là tặng quà giá_cả khá phải_chăng tùy_shop nên trải_nghiệm
"Toàn lừa đảo, app làm ăn vớ vẩn, mn ko nên mua qua sàn này",1,com.lazada.android,negative,vi,toàn lừa đảo app làm ăn vớ vẩn mn không nên mua qua sàn này,toàn lừa_đảo app làm_ăn vớ vẩn mn không nên mua qua sàn này
ko có mã lỏ,1,com.lazada.android,negative,vi,không có mã lỏ,không có mã lỏ
Lừa đảo,1,com.lazada.android,negative,vi,lừa đảo,lừa_đảo
"App không có nổi một tư vấn hướng dẫn khi xảy ra vấn đề chỉ biết giải quyết qua AI, đơn hàng xảy ra lỗi người tiêu dùng không có một chính sách bảo vệ người tiêu dùng? Sao mà còn mở app hay vậy.",1,com.lazada.android,negative,vi,app không có nổi một tư vấn hướng dẫn khi xảy ra vấn đề chỉ biết giải quyết qua ai đơn hàng xảy ra lỗi người tiêu dùng không có một chính sách bảo vệ người tiêu dùng sao mà còn mở app hay vậy,app không có nổi một tư_vấn hướng_dẫn khi xảy ra vấn_đề chỉ biết giải_quyết qua ai đơn hàng xảy ra lỗi người tiêu_dùng không có một chính_sách bảo_vệ người tiêu_dùng sao mà_còn mở app hay vậy
"shipper không giao hàng mà lại tự ý bấm giao hàng không nhận.Liên hệ với hệ thống thì cho gặp Al, vẫn không có một nhân viên giải quyết. Shipper đã có thái độ không ổn mà kêu liên hệ với nó chắc nó giải quyết hả. Lỗi sai mà không có lấy một nhân viên giải quyết lỗi của shipper. Làm ăn sống nhăn vậy ai dám đặt hàng trên app này nữa. Bye luôn không bao giờ sử dụng app này một lần nào nữa.",1,com.lazada.android,negative,vi,shipper không giao hàng mà lại tự ý bấm giao hàng không nhận liên hệ với hệ thống thì cho gặp al vẫn không có một nhân viên giải quyết shipper đã có thái độ không ổn mà kêu liên hệ với nó chắc nó giải quyết hả lỗi sai mà không có lấy một nhân viên giải quyết lỗi của shipper làm ăn sống nhăn vậy ai dám đặt hàng trên app này nữa bye luôn không bao giờ sử dụng app này một lần nào nữa,shipper không giao hàng mà_lại tự_ý bấm giao hàng_không nhận liên_hệ với hệ_thống thì cho gặp al vẫn không có một nhân_viên giải_quyết shipper đã có thái_độ không ổn mà kêu liên_hệ với nó chắc nó giải_quyết hả lỗi sai mà không có lấy một nhân_viên giải_quyết lỗi của shipper làm_ăn sống_nhăn vậy ai dám đặt_hàng trên app này nữa bye luôn không bao_giờ sử_dụng app này một lần nào nữa
"Lừa đảo, quỵt tiền",1,com.lazada.android,negative,vi,lừa đảo quỵt tiền,lừa_đảo quỵt tiền
Buôn bán shop giao nhâm hàng mấy lần ib lazada ko hỗ trợ ... quá tệ hơn chữ tệ,1,com.lazada.android,negative,vi,buôn bán shop giao nhâm hàng mấy lần ib lazada không hỗ trợ quá tệ hơn chữ tệ,buôn_bán shop giao nhâm hàng mấy lần ib lazada không hỗ_trợ quá tệ hơn chữ tệ
bọn lazada này mất não à đăng ký cứ bắt xác minh robot lại còn cứ khoá tk mới cay,1,com.lazada.android,negative,vi,bọn lazada này mất não à đăng ký cứ bắt xác minh robot lại còn cứ khoá tk mới cay,bọn lazada này mất não à đăng_ký cứ bắt xác_minh robot lại còn cứ khóa_tk mới cay
"Bị gì vậy, cho khách hàng mgg rồi không cho mua báo lỗi cr01, không cần khách hàng thì nói luôn để còn hủy tài khoản xóa app, cskh toàn để máy trả lời thì giải quyết được gì?",1,com.lazada.android,negative,vi,bị gì vậy cho khách hàng mgg rồi không cho mua báo lỗi cr01 không cần khách hàng thì nói luôn để còn hủy tài khoản xóa app cskh toàn để máy trả lời thì giải quyết được gì,bị gì vậy cho khách_hàng mgg rồi không cho mua báo lỗi cr01 không cần khách_hàng thì nói luôn để còn hủy tài_khoản xóa app cskh toàn để máy trả_lời thì giải_quyết được gì
shop zalada cho biết tại sao tôi đặt hàng của zalada một trăm lần đều bị lỗi vậy.,3,com.lazada.android,neutral,vi,shop zalada cho biết tại sao tôi đặt hàng của zalada một trăm lần đều bị lỗi vậy,shop zalada cho biết tại_sao tôi đặt_hàng của zalada một_trăm lần đều bị lỗi vậy
"mua sản phẩm không bao nhiêu lần, bị toàn thiếu sản phẩm",1,com.lazada.android,negative,vi,mua sản phẩm không bao nhiêu lần bị toàn thiếu sản phẩm,mua sản_phẩm không bao_nhiêu lần bị toàn thiếu sản_phẩm
sản phẩm có vẻ nhiều hơn shopee ở 1 số mặt hàng nhưng thời gian hoàn tiền quá lâu(2 tuần).Nên suy nghĩ kĩ trước khi đặt ở đây.Ko uy tín chút nào,1,com.lazada.android,negative,vi,sản phẩm có vẻ nhiều hơn shopee ở 1 số mặt hàng nhưng thời gian hoàn tiền quá lâu 2 tuần nên suy nghĩ kĩ trước khi đặt ở đây không uy tín chút nào,sản_phẩm có_vẻ nhiều hơn shopee ở 1 số mặt_hàng nhưng thời_gian hoàn tiền quá lâu 2 tuần nên suy_nghĩ kĩ trước khi đặt ở đây không uy_tín_chút nào
Thật sự mình khá thất vọng mình từng tạo tk lazada từ 2021 ts h quay lại cho cái mã giảm giá 10% tối đa cx chỉ đc 150 mà đk phải mua sản phẩm 1tr5 trở lên ms đủ chán chả muốn nói vài năm nx sặp là chắc,1,com.lazada.android,negative,vi,thật sự mình khá thất vọng mình từng tạo tk lazada từ 2021 ts h quay lại cho cái mã giảm giá 10 tối đa cũng chỉ đc 150 mà đk phải mua sản phẩm 1tr5 trở lên ms đủ chán chả muốn nói vài năm nx sặp là chắc,thật_sự mình khá thất_vọng mình từng tạo tk lazada từ 2021 ts h quay lại cho cái mã giảm_giá 10 tối_đa cũng chỉ đc 150 mà đk phải mua sản_phẩm 1 tr5 trở lên ms đủ chán_chả muốn nói vài năm nx sặp là chắc
"1 sao, mã giảm giá cùi bắp chưa xài mà bị lỗi, khiếu nại thì kiu đợi 4-5 tuần làm ăn như qq",1,com.lazada.android,negative,vi,1 sao mã giảm giá cùi bắp chưa xài mà bị lỗi khiếu nại thì kiu đợi 4 5 tuần làm ăn như qq,1 sao_mã giảm_giá cùi bắp chưa xài mà bị lỗi khiếu_nại thì kiu đợi 4 5 tuần làm_ăn như qq
"shipper không gọi thử 1 cuộc mà tự ý hủy đơn hàng. chụp hình ở đâu nhà của ai rôi chụp cái cụp hàng đăng lên bảo gọi không bắc máy từ chối cuộc gọi,tôi làm ở cty ghi địa chỉ ở CTY chứ ko phải nhà ai đó, tôi thì ngồi chờ canh cụp hàng đến, tối về tôi còn để lại tiền cho bảo vệ đợi shipper đến láy hàng giùm, ai zè vãi. lên áp thì báo hủy đơn hàng là sao, ko muốn giao thì đừng có nhận để người có tâm giao, đề nghị lazada xem lại shipper này bưu tá tên Nguyen Minh Dat",1,com.lazada.android,negative,vi,shipper không gọi thử 1 cuộc mà tự ý hủy đơn hàng chụp hình ở đâu nhà của ai rôi chụp cái cụp hàng đăng lên bảo gọi không bắc máy từ chối cuộc gọi tôi làm ở cty ghi địa chỉ ở cty chứ không phải nhà ai đó tôi thì ngồi chờ canh cụp hàng đến tối về tôi còn để lại tiền cho bảo vệ đợi shipper đến láy hàng giùm ai zè vãi lên áp thì báo hủy đơn hàng là sao không muốn giao thì đừng có nhận để người có tâm giao đề nghị lazada xem lại shipper này bưu tá tên nguyen minh dat,shipper không gọi thử 1 cuộc mà tự_ý hủy đơn hàng chụp hình ở đâu nhà của ai rôi chụp cái cụp hàng đăng lên bảo gọi không bắc máy từ_chối cuộc_gọi tôi làm ở cty ghi địa_chỉ ở cty chứ không phải nhà ai đó tôi thì ngồi chờ canh cụp hàng đến tối về tôi còn để lại tiền cho bảo_vệ đợi shipper đến láy hàng giùm ai zè vãi lên áp thì báo hủy đơn hàng là sao không muốn giao thì đừng có nhận để người có tâm_giao đề_nghị lazada xem_lại shipper này bưu_tá tên nguyen_minh dat
Mua hàng thôi mà bắt nhập toàn bộ thông tin cá nhân??? Hài hước thật.,1,com.lazada.android,negative,vi,mua hàng thôi mà bắt nhập toàn bộ thông tin cá nhân hài hước thật,mua hàng thôi mà bắt_nhập toàn_bộ thông_tin cá_nhân hài_hước thật
"Bản thân ứng dụng dùng khá tốt nhưng từ khi tải ứng dụng về thì máy bắt đầu có tình trạng đột nhiên mở lazada khi đang dùng các ứng dụng khác, kể cả khi tắt máy thì lazada cũng tự bật lên, nhất là buổi tối làm tốn pin khi không sử dụng.",2,com.lazada.android,negative,vi,bản thân ứng dụng dùng khá tốt nhưng từ khi tải ứng dụng về thì máy bắt đầu có tình trạng đột nhiên mở lazada khi đang dùng các ứng dụng khác kể cả khi tắt máy thì lazada cũng tự bật lên nhất là buổi tối làm tốn pin khi không sử dụng,bản_thân ứng_dụng dùng khá tốt nhưng từ khi tải ứng_dụng về thì máy bắt_đầu có tình_trạng đột_nhiên mở lazada khi đang dùng các ứng_dụng khác kể_cả khi tắt máy thì lazada cũng tự bật lên nhất là buổi tối làm tốn_pin khi không sử_dụng
giao không đung sp,4,com.lazada.android,positive,vi,giao không đung sp,giao không đung_sp
Tự động hủy đơn.,1,com.lazada.android,negative,vi,tự động hủy đơn,tự_động hủy đơn
chậm .chờ đợi rất lâu so với các ứng dụng khác,1,com.lazada.android,negative,vi,chậm chờ đợi rất lâu so với các ứng dụng khác,chậm chờ_đợi rất lâu so với các ứng_dụng khác
Khoá lỗi CR01 một cách vô lý và không có lý do rõ ràng. Đề nghị đội ngũ hỗ trợ kiểm tra và điểu chỉnh. Trải nghiệm tệ.,1,com.lazada.android,negative,vi,khoá lỗi cr01 một cách vô lý và không có lý do rõ ràng đề nghị đội ngũ hỗ trợ kiểm tra và điểu chỉnh trải nghiệm tệ,khóa lỗi_cr01 một_cách vô_lý và không có lý_do rõ_ràng đề_nghị đội_ngũ hỗ_trợ kiểm_tra và điểu_chỉnh trải_nghiệm tệ
rất thuận tiện và phong phú. chỉ cần yêu cầu nhà cung cấp cam kết về chất lượng hàng hóa ( hàng nhái phải ghi rỏ) để mọi người ko bị mua lầm với mất công đổi trả,4,com.lazada.android,positive,vi,rất thuận tiện và phong phú chỉ cần yêu cầu nhà cung cấp cam kết về chất lượng hàng hóa hàng nhái phải ghi rỏ để mọi người không bị mua lầm với mất công đổi trả,rất thuận_tiện và phong_phú chỉ cần yêu_cầu nhà_cung_cấp cam_kết về chất_lượng hàng hóa hàng nhái phải ghi_rỏ để mọi người không bị mua lầm với mất_công_đổi trả
nó tồi ko có từ j tồi hơn thật sự tôi sẽ ko dùng nó thêm một lần nào nx 😏😒,1,com.lazada.android,negative,vi,nó tồi không có từ j tồi hơn thật sự tôi sẽ không dùng nó thêm một lần nào nx,nó tồi không có từ j tồi hơn thật_sự tôi sẽ không dùng nó thêm một lần nào nx
Tự ý hủy đơn hàng. Lazada làm việc không có trách nhiệm.,1,com.lazada.android,negative,vi,tự ý hủy đơn hàng lazada làm việc không có trách nhiệm,tự_ý hủy đơn hàng lazada làm_việc không có trách_nhiệm
"bán thông tin khách hàng, thông đồng với BEST EXPRESS tạo đơn ảo, đơn 0đ, sau khi nhắn thì không giải quyết, dù tôi đã ngưng sd Lazada từ rất nhiều năm rồi nhưng sdt của tôi lại bị Lazada bán thông tin",1,com.lazada.android,negative,vi,bán thông tin khách hàng thông đồng với best express tạo đơn ảo đơn 0đ sau khi nhắn thì không giải quyết dù tôi đã ngưng sd lazada từ rất nhiều năm rồi nhưng sdt của tôi lại bị lazada bán thông tin,bán thông_tin khách_hàng thông_đồng với best express tạo đơn ảo đơn 0 đ sau khi nhắn thì không giải_quyết dù tôi đã ngưng sd lazada từ rất nhiều năm rồi nhưng sdt của tôi lại bị lazada bán thông_tin
mua hàng thì rẻ mà ship toàn từ 6ok mặc dù gần,1,com.lazada.android,negative,vi,mua hàng thì rẻ mà ship toàn từ 6ok mặc dù gần,mua hàng thì rẻ mà ship toàn từ 6 ok mặc_dù gần
Tệ hàng đã về tới chạm giao hàng mà hàng ko thấy giao đợi 3 4 ngày mà ko thấy làm ăn kiểu gì vậy hồi đó giao hàng rất nhanh còn bây giờ thì chậm bây giờ ko thấy supper lại giao hàng????,1,com.lazada.android,negative,vi,tệ hàng đã về tới chạm giao hàng mà hàng không thấy giao đợi 3 4 ngày mà không thấy làm ăn kiểu gì vậy hồi đó giao hàng rất nhanh còn bây giờ thì chậm bây giờ không thấy supper lại giao hàng,tệ hàng đã về tới chạm giao hàng mà hàng_không thấy giao đợi 3 4 ngày mà không thấy làm_ăn kiểu gì vậy hồi đó giao hàng rất nhanh còn bây_giờ thì chậm bây_giờ không thấy supper lại giao hàng
mua ba cái đồ gia dụng vớ vẩn mà đòi cccd,1,com.lazada.android,negative,vi,mua ba cái đồ gia dụng vớ vẩn mà đòi cccd,mua ba cái đồ gia_dụng vớ_vẩn mà đòi cccd
Quảng cáo toàn để nút tắt già. Thầy ghét! Cho 1 sao cho biết mặt!,1,com.lazada.android,negative,vi,quảng cáo toàn để nút tắt già thầy ghét cho 1 sao cho biết mặt,quảng_cáo toàn để nút tắt già thầy ghét cho 1 sao cho biết mặt
app như qq 1 sao ko đáng,1,com.lazada.android,negative,vi,app như qq 1 sao không đáng,app như qq 1 sao không đáng
"Mỗi lần chơi game xuất hiện quảng cáo Lazada, dù không bấm vào màn hình nhưng vẫn ép người dùng vào trang >:(",2,com.lazada.android,negative,vi,mỗi lần chơi game xuất hiện quảng cáo lazada dù không bấm vào màn hình nhưng vẫn ép người dùng vào trang,mỗi lần chơi game xuất_hiện quảng_cáo lazada dù không bấm vào màn_hình nhưng vẫn ép người dùng vào trang
càng ngày xử lý đơn hàng càng tệ đặt hàng từ ngày 3 đến ngày 7 chưa xử lý đơn hàng,5,com.lazada.android,positive,vi,càng ngày xử lý đơn hàng càng tệ đặt hàng từ ngày 3 đến ngày 7 chưa xử lý đơn hàng,càng ngày xử_lý đơn hàng càng tệ đặt_hàng từ ngày 3 đến ngày 7 chưa xử_lý đơn hàng
dm vì quảng cáo của nó rồi vô trang chủ của nó đang chơi game rồi nó hiện quảng cáo lazada bấm cái nút tắt mà nó vô cái trang chủ của nó rồi thoát ra thì mới vô phải game vô lại từ đầu như c**,1,com.lazada.android,negative,vi,tệ vì quảng cáo của nó rồi vô trang chủ của nó đang chơi game rồi nó hiện quảng cáo lazada bấm cái nút tắt mà nó vô cái trang chủ của nó rồi thoát ra thì mới vô phải game vô lại từ đầu như c,tệ vì quảng_cáo của nó rồi vô_trang_chủ của nó đang chơi game rồi nó hiện quảng_cáo lazada bấm cái nút tắt mà nó vô cái trang_chủ của nó rồi thoát ra thì mới vô phải game vô lại từ đầu như c
giao hàng không đúng,1,com.lazada.android,negative,vi,giao hàng không đúng,giao hàng_không đúng
lần đầu tải mới tạo acc thì kêu bị khoá acc dù acc google bình thường,1,com.lazada.android,negative,vi,lần đầu tải mới tạo tài khoản thì kêu bị khoá tài khoản dù tài khoản google bình thường,lần đầu_tải mới tạo tài_khoản thì kêu bị khóa tài_khoản dù tài_khoản google bình_thường
giao nhanh,5,com.lazada.android,positive,vi,giao nhanh,giao nhanh
Sài hong êm hàng quá ít,1,com.lazada.android,negative,vi,sài hong êm hàng quá ít,sài hong êm hàng quá ít
phí ship caoooo gấp mấy lần tiền hàng,1,com.lazada.android,negative,vi,phí ship caoooo gấp mấy lần tiền hàng,phí ship caoooo gấp mấy lần tiền hàng
sản phẩm tốt,5,com.lazada.android,positive,vi,sản phẩm tốt,sản_phẩm tốt
phí ship quá cao. cao kinh khủng,1,com.lazada.android,negative,vi,phí ship quá cao cao kinh khủng,phí ship quá cao_cao kinh_khủng
"Đơn hàng mua từ bên TQ thì giao nhanh, từ lúc thông quan đến lúc giao hàng có khi còn không sang tới ngày thứ 2. Đơn hàng trong nước thì báo đến kho trong tỉnh rồi, mà 3,4 hôm, thậm chí cả tuần vẫn báo đang trong kho, không giao. Hỏi shop thì bảo do đơn vị vận chuyển, hỏi đơn vị vận chuyển thì bảo hàng LZD phải gọi tổng đài LZD, kiểu như LZD chưa cho giao vậy.",3,com.lazada.android,neutral,vi,đơn hàng mua từ bên tq thì giao nhanh từ lúc thông quan đến lúc giao hàng có khi còn không sang tới ngày thứ 2 đơn hàng trong nước thì báo đến kho trong tỉnh rồi mà 3 4 hôm thậm chí cả tuần vẫn báo đang trong kho không giao hỏi shop thì bảo do đơn vị vận chuyển hỏi đơn vị vận chuyển thì bảo hàng lzd phải gọi tổng đài lzd kiểu như lzd chưa cho giao vậy,đơn hàng mua từ bên tq thì giao nhanh từ lúc thông_quan đến lúc giao hàng có_khi còn không sang tới ngày thứ 2 đơn hàng trong nước thì báo đến kho trong tỉnh rồi mà 3 4 hôm thậm_chí cả tuần vẫn báo đang trong kho không giao hỏi shop thì bảo do đơn_vị vận_chuyển hỏi đơn_vị vận_chuyển thì bảo hàng lzd phải gọi tổng_đài lzd kiểu như lzd chưa cho giao vậy
áp mùa hàng theo quan điểm cá nhân của tôi tệ nhất trong các sàn thương mại điện tử tôi từng rất hài lòng vơi LAZADA nhưng giờ không còn như lúc trước và tôi chính thức ngưng sử dụng LAZADA kể từ ngày hôm nay,1,com.lazada.android,negative,vi,áp mùa hàng theo quan điểm cá nhân của tôi tệ nhất trong các sàn thương mại điện tử tôi từng rất hài lòng vơi lazada nhưng giờ không còn như lúc trước và tôi chính thức ngưng sử dụng lazada kể từ ngày hôm nay,áp mùa hàng theo quan_điểm cá_nhân của tôi tệ nhất trong các sàn thương_mại_điện_tử tôi từng rất hài_lòng vơi_lazada nhưng giờ không còn như lúc trước và tôi chính_thức ngưng sử_dụng lazada kể từ ngày hôm_nay
lần này tạm biệt luôn. lúc trước còn giao hàng. giờ đổi người khác giao cứ cứ hết giao chậm ngày rồi đến chặn đơn không giao. quá tệ,1,com.lazada.android,negative,vi,lần này tạm biệt luôn lúc trước còn giao hàng giờ đổi người khác giao cứ cứ hết giao chậm ngày rồi đến chặn đơn không giao quá tệ,lần này tạm_biệt luôn lúc trước còn giao hàng giờ đổi người khác giao cứ cứ hết giao chậm ngày rồi đến chặn đơn không giao quá tệ
shipper tự hủy đơn hàng của khách,1,com.lazada.android,negative,vi,shipper tự hủy đơn hàng của khách,shipper tự hủy đơn hàng của khách
tôi thường xuyên đặt hàng trên lazada nhưng phí vận chuyển thường hơi cao,5,com.lazada.android,positive,vi,tôi thường xuyên đặt hàng trên lazada nhưng phí vận chuyển thường hơi cao,tôi thường_xuyên đặt_hàng trên lazada nhưng phí vận_chuyển thường hơi cao
lazada very good. Sẽ luôn ủng hộ,5,com.lazada.android,positive,vi,lazada very good sẽ luôn ủng hộ,lazada very good sẽ luôn ủng_hộ
liên hệ shop trên app chỉ để tìm hiểu thông tin sản phẩm cụ thể trước khi mua... shop bảo (tự động) dịch vụ theo giờ làm việc... liên hệ đúng giờ làm việc tự động tin nhắn theo nội dung cũ... cập nhật hành trình vận đơn kiểu lươn lẹo không cụ thể rõ ràng (địa điểm các kho đơn vị chuyển tiếp)... thay đổi cả thông tin đơn vị vận chuyển từ trung quốc sang việt nam sau khi thắc mắc (j&t vn: chờ thông quan?????)...,1,com.lazada.android,negative,vi,liên hệ shop trên app chỉ để tìm hiểu thông tin sản phẩm cụ thể trước khi mua shop bảo tự động dịch vụ theo giờ làm việc liên hệ đúng giờ làm việc tự động tin nhắn theo nội dung cũ cập nhật hành trình vận đơn kiểu lươn lẹo không cụ thể rõ ràng địa điểm các kho đơn vị chuyển tiếp thay đổi cả thông tin đơn vị vận chuyển từ trung quốc sang việt nam sau khi thắc mắc j t vn chờ thông quan,liên_hệ shop trên app chỉ để tìm_hiểu thông_tin sản_phẩm cụ_thể trước khi mua shop bảo tự_động dịch_vụ theo giờ làm_việc liên_hệ đúng giờ làm_việc tự_động tin nhắn theo nội_dung cũ cập_nhật hành_trình vận_đơn kiểu lươn_lẹo không cụ_thể rõ_ràng địa_điểm các kho đơn_vị chuyển_tiếp thay_đổi cả thông_tin đơn_vị vận_chuyển từ trung_quốc sang việt_nam sau khi thắc_mắc j t vn chờ thông_quan
Cũng tạm,3,com.lazada.android,neutral,vi,cũng tạm,cũng tạm
"app tạm ổn, giao hàng với tiền ship hơi cao (có khi cao ngất), xu áp dụng ít xỉnh (có mấy đồng chưa lên 1k hay 100 đồng nữa), voucher thì nhiều mà app mãi ko thấy giảm được nhiêu, thay đổi số điện thoại thì không được cứ báo số đã liên kết với ứng dụng khác không cho dùng nữa ( không lẽ bây giờ đi mua sim mới?), tiền hoàn về thì không được hoàn lại qua ví momo mà cũng chả thấy app ngân hàng liên kết để hoàn tiền về (có khi còn chả thấy ngân hàng để liên kết, báo nhắn để hỗ trợ thì trả lời lâu",1,com.lazada.android,negative,vi,app tạm ổn giao hàng với tiền ship hơi cao có khi cao ngất xu áp dụng ít xỉnh có mấy đồng chưa lên 1k hay 100 đồng nữa voucher thì nhiều mà app mãi không thấy giảm được nhiêu thay đổi số điện thoại thì không được cứ báo số đã liên kết với ứng dụng khác không cho dùng nữa không lẽ bây giờ đi mua sim mới tiền hoàn về thì không được hoàn lại qua ví momo mà cũng chả thấy app ngân hàng liên kết để hoàn tiền về có khi còn chả thấy ngân hàng để liên kết báo nhắn để hỗ trợ thì trả lời lâu,app tạm ổn giao hàng với tiền ship hơi cao có_khi cao ngất_xu áp_dụng ít xỉnh có mấy đồng chưa lên 1 k hay 100 đồng nữa voucher thì nhiều mà app mãi không thấy giảm được nhiêu thay_đổi số điện_thoại thì không được cứ báo số đã liên_kết với ứng_dụng khác không cho dùng nữa không_lẽ bây_giờ đi mua sim mới tiền hoàn về thì không được hoàn lại qua ví_momo mà cũng chả thấy app ngân_hàng liên_kết để hoàn_tiền về có_khi còn chả thấy ngân_hàng để liên_kết báo nhắn để hỗ_trợ thì trả_lời lâu
"Xử lý hoàn tiền quá tệ, cố tình ngâm tiền của khách, hủy đơn 1 tháng khách vẫn không nhận được tiền hoàn. Mọi người nhớ kiểm tra thẻ tín dụng, app thông báo đã hoàn tất thủ tục hoàn tiền nhưng tiền ko hề về thẻ. Mọi người cẩn thận. 1 khách ngâm tiền vài triệu thì hàng triệu người dùng thì ngâm biết bao nhiêu tiền của khách. Shopee làm việc nhanh gọn hơn nhiều. Quá sợ hãi lazada",1,com.lazada.android,negative,vi,xử lý hoàn tiền quá tệ cố tình ngâm tiền của khách hủy đơn 1 tháng khách vẫn không nhận được tiền hoàn mọi người nhớ kiểm tra thẻ tín dụng app thông báo đã hoàn tất thủ tục hoàn tiền nhưng tiền không hề về thẻ mọi người cẩn thận 1 khách ngâm tiền vài triệu thì hàng triệu người dùng thì ngâm biết bao nhiêu tiền của khách shopee làm việc nhanh gọn hơn nhiều quá sợ hãi lazada,xử_lý hoàn tiền quá tệ cố_tình ngâm tiền của khách hủy đơn 1 tháng khách vẫn không nhận được tiền hoàn_mọi người nhớ kiểm_tra thẻ_tín_dụng app thông_báo đã hoàn_tất thủ_tục hoàn_tiền nhưng tiền không hề về thẻ mọi người cẩn_thận 1 khách ngâm tiền vài triệu thì hàng triệu người dùng thì ngâm biết_bao_nhiêu tiền của khách shopee làm_việc nhanh gọn hơn nhiều quá sợ_hãi lazada
ứng dụng như quần què họ,1,com.lazada.android,negative,vi,ứng dụng như quần què họ,ứng_dụng như quần_què họ
lazada giờ nhiều shop lúp bóng treo đầu dê bán thịt chó để lừa đảo.mọi người mua hàng lên để ý.không phải tem mác của lazada thì không lên nhận và chuyển khoản.toàn shop giả lừa đảo đó,1,com.lazada.android,negative,vi,lazada giờ nhiều shop lúp bóng treo đầu dê bán thịt chó để lừa đảo mọi người mua hàng lên để ý không phải tem mác của lazada thì không lên nhận và chuyển khoản toàn shop giả lừa đảo đó,lazada giờ nhiều shop lúp bóng treo đầu dê bán thịt chó để lừa_đảo mọi người mua hàng lên để_ý không phải tem_mác của lazada thì không lên nhận và chuyển_khoản toàn shop giả lừa_đảo đó
"giao hàng cực kì chậm, giao trễ hạn 5-6 ngày rồi không giải quyết được gì , hủy đơn hàng lý do giao trễ hẹn cx không hủy được, không chịu cập nhật thông tin đơn hàng , tốn rất nhiều thời gian, hỏi không giải quyết đc vấn đề gì. chán, tệ",1,com.lazada.android,negative,vi,giao hàng cực kì chậm giao trễ hạn 5 6 ngày rồi không giải quyết được gì hủy đơn hàng lý do giao trễ hẹn cũng không hủy được không chịu cập nhật thông tin đơn hàng tốn rất nhiều thời gian hỏi không giải quyết đc vấn đề gì chán tệ,giao hàng cực_kì chậm giao trễ hạn 5 6 ngày rồi không giải_quyết được gì hủy đơn hàng lý_do giao trễ hẹn cũng không hủy được không chịu cập_nhật thông_tin đơn hàng tốn rất nhiều thời_gian hỏi không giải_quyết đc vấn_đề gì chán_tệ
"tôi mua Lazada cũng thi thoảng song tự dưng gần đây có 1 đơn hàng báo là giao không thành công, và quay lại chỗ ngưòi Bán. trong khi tôi k hề nhận đc cuộc gọi giao hàng nào cả. 1 sao cho Lazada và tôi k bao giờ mua Lazada nữa",1,com.lazada.android,negative,vi,tôi mua lazada cũng thi thoảng song tự dưng gần đây có 1 đơn hàng báo là giao không thành công và quay lại chỗ ngưòi bán trong khi tôi không hề nhận đc cuộc gọi giao hàng nào cả 1 sao cho lazada và tôi không bao giờ mua lazada nữa,tôi mua lazada cũng thi_thoảng song tự_dưng gần đây có 1 đơn hàng báo là giao không thành_công và quay lại chỗ ngưòi bán trong khi tôi không hề nhận đc cuộc_gọi giao hàng nào cả 1 sao cho lazada và tôi không bao_giờ mua lazada nữa
nat thay đổi nhiều độ uy tín hơn xưa,5,com.lazada.android,positive,vi,nat thay đổi nhiều độ uy tín hơn xưa,nat thay_đổi nhiều độ uy_tín hơn xưa
Ngu,1,com.lazada.android,negative,vi,ngu,ngu
aap rất tốt tuyệt vời quá,5,com.lazada.android,positive,vi,aap rất tốt tuyệt vời quá,aap rất tốt tuyệt_vời quá
"áp xu dô mua rẻ hơn shoppee nữa. ko bị hủy đơn, khóa tk vô lý như shopee",5,com.lazada.android,positive,vi,áp xu dô mua rẻ hơn shoppee nữa không bị hủy đơn khóa tk vô lý như shopee,áp xu_dô mua rẻ hơn shoppee nữa không bị hủy đơn khóa_tk vô_lý như shopee
"mới tạo tk đã bị khoá, xác minh nhiều lần vẫn không được, TỆ",1,com.lazada.android,negative,vi,mới tạo tk đã bị khoá xác minh nhiều lần vẫn không được tệ,mới tạo tk đã bị khóa xác_minh nhiều lần vẫn không được tệ
bảo mật ngáo,1,com.lazada.android,negative,vi,bảo mật ngáo,bảo mật ngáo
giá của nó rất rẻ và xịn nữa😁,5,com.lazada.android,positive,vi,giá của nó rất rẻ và xịn nữa,giá của nó rất rẻ và xịn nữa
"Vô cớ khoá tài khoản. gọi hỗ trợ thì nói a để tạm vài hôm là được, 3 tháng sau vẫn k mở lại. Gọi điện tiếp thì nói khoá vĩnh viễn. Tạo tài khoản khác, tạo cỡ nào cũng vẫn bị khoá tiếp. hài thiệt",1,com.lazada.android,negative,vi,vô cớ khoá tài khoản gọi hỗ trợ thì nói a để tạm vài hôm là được 3 tháng sau vẫn không mở lại gọi điện tiếp thì nói khoá vĩnh viễn tạo tài khoản khác tạo cỡ nào cũng vẫn bị khoá tiếp hài thiệt,vô cớ khóa tài_khoản gọi hỗ_trợ thì nói a để tạm vài hôm là được 3 tháng sau vẫn không mở lại gọi điện tiếp_thì nói khóa vĩnh_viễn tạo tài_khoản khác tạo cỡ nào cũng vẫn bị khóa tiếp hài thiệt
quảng cáo hay,1,com.lazada.android,negative,vi,quảng cáo hay,quảng_cáo hay
nhu cac,1,com.lazada.android,negative,vi,nhu cac,nhu_cac
"tài khoản bị lỗi, lazada bảo do hệ thống của họ, nhưng 5 tháng trời không sửa được, bảo tôi thỉnh thoảng vào thử lại. bảo tôi tiếp tục chờ, dịch vụ quá tệ hại. bộ phận kỹ thuật yếu kém",1,com.lazada.android,negative,vi,tài khoản bị lỗi lazada bảo do hệ thống của họ nhưng 5 tháng trời không sửa được bảo tôi thỉnh thoảng vào thử lại bảo tôi tiếp tục chờ dịch vụ quá tệ hại bộ phận kỹ thuật yếu kém,tài_khoản bị lỗi lazada bảo do hệ_thống của họ nhưng 5 tháng trời không sửa được bảo tôi thỉnh_thoảng vào thử lại bảo tôi tiếp_tục chờ dịch_vụ quá tệ_hại bộ_phận kỹ_thuật yếu_kém
nhu cut,1,com.lazada.android,negative,vi,nhu cut,nhu_cut
"K làm gì mà cũng bị lỗi cr01. Không được giải quyết, trả lời như auto, lúc nào cũng kêu chờ",5,com.lazada.android,positive,vi,không làm gì mà cũng bị lỗi cr01 không được giải quyết trả lời như auto lúc nào cũng kêu chờ,không làm gì mà cũng bị lỗi cr01 không được giải_quyết trả_lời như auto lúc_nào cũng kêu chờ
"qc như qq bấm chỗ lon nào cx văng vô app, nói thật nếu ngta thích thì ngta tự vô mắc mớ gì cứ phải để v chi á, bộ app nghèo lắm à, nếu mà công tâm nói thật app đồ bán chất lượng nhưng giá khá mắc và ít khi miễn phí ship, có những đợt sale có như ko giá giảm có tí chứ chả si nhê",1,com.lazada.android,negative,vi,qc như qq bấm chỗ lon nào cũng văng vô app nói thật nếu ngta thích thì ngta tự vô mắc mớ gì cứ phải để v chi á bộ app nghèo lắm à nếu mà công tâm nói thật app đồ bán chất lượng nhưng giá khá mắc và ít khi miễn phí ship có những đợt sale có như không giá giảm có tí chứ chả si nhê,qc như qq bấm chỗ lon nào cũng văng vô_app nói thật nếu ngta thích thì ngta tự vô mắc_mớ gì cứ phải để v chi á_bộ app nghèo lắm à nếu mà công_tâm nói thật app_đồ bán chất_lượng nhưng giá khá mắc và ít khi miễn_phí ship có những đợt sale có như không giá giảm có tí chứ chả si nhê
App cố tình đưa ra lí do vô lý không cho người dùng mua hàng khi thêm mã giảm giá. Không cho chat với nhân viên hỗ trợ để làm rõ vấn đề. Bỏ rơi người dùng. Quá tệ,1,com.lazada.android,negative,vi,app cố tình đưa ra lí do vô lý không cho người dùng mua hàng khi thêm mã giảm giá không cho chat với nhân viên hỗ trợ để làm rõ vấn đề bỏ rơi người dùng quá tệ,app cố_tình đưa ra lí_do vô_lý không cho người dùng mua hàng khi thêm mã giảm_giá không cho chat với nhân_viên hỗ_trợ để làm rõ vấn_đề bỏ_rơi người dùng quá tệ
Ứng dụng ngu không có tính năng thay đổi số điện thoại thay đổi email khi Tin tưởng thiết bị đăng nhập.mà bắt xác nhận tùm lum .trong khi người ta bỏ sdt còn sử dụng email .vẫn bắt xác nhận cả 2,1,com.lazada.android,negative,vi,ứng dụng ngu không có tính năng thay đổi số điện thoại thay đổi email khi tin tưởng thiết bị đăng nhập mà bắt xác nhận tùm lum trong khi người ta bỏ sdt còn sử dụng email vẫn bắt xác nhận cả 2,ứng_dụng ngu không có tính_năng thay_đổi số điện_thoại thay_đổi email khi tin_tưởng thiết_bị đăng_nhập mà bắt xác_nhận tùm_lum trong khi người ta bỏ sdt còn sử_dụng email vẫn bắt xác_nhận cả 2
"GIAN HÀNG ẢO, ZALADA MALL THÌ TOÀN HỦY ĐƠN. ĐẶT 100 ĐƠN THÌ TỰ HỦY HẾT 99 ĐƠN",1,com.lazada.android,negative,vi,gian hàng ảo zalada mall thì toàn hủy đơn đặt 100 đơn thì tự hủy hết 99 đơn,gian_hàng ảo zalada mall thì toàn hủy đơn đặt 100 đơn thì tự hủy hết 99 đơn
"tự nhiên bắt nhập cccd , địa chỉ giấy tờ rồi vẫn k đặt hàng được",1,com.lazada.android,negative,vi,tự nhiên bắt nhập cccd địa chỉ giấy tờ rồi vẫn không đặt hàng được,tự_nhiên bắt nhập cccd địa_chỉ giấy_tờ rồi vẫn không đặt_hàng được
very good,5,com.lazada.android,positive,vi,very good,very good
sale khủng quá 🤑,5,com.lazada.android,positive,vi,sale khủng quá,sale khủng quá
có nhiều shop lừa đảo không giao hoặc giao áo rách.nhắn thì kg hỗ trợ.tất cả đều ok ngoại trừ giảm phí ship quá ít. trước ok với mã giảm ship rồi thì đột nhiên lại giảm mã phí ship . đợi khi nào mã giảm ship ok thì cho 5 sao.,1,com.lazada.android,negative,vi,có nhiều shop lừa đảo không giao hoặc giao áo rách nhắn thì kg hỗ trợ tâ t ca đê u ok ngoại trư gia m phi ship qua i t trươ c ok với ma gia m ship rô i thi đô t nhiên lại gia m ma phi ship đợi khi na o ma gia m ship ok thi cho 5 sao,có nhiều shop lừa_đảo không giao hoặc giao áo rách_nhắn thì kg hỗ_trợ tâ t ca đê_u ok ngoại_trư gia m phi_ship qua i t trươ c_ok với ma gia m ship rô i thi_đô t_nhiên lại gia m ma phi ship_đợi khi na_o ma gia m ship ok thi cho 5 sao
tệ vô cùng cm ạ đẩy toàn hàng nhái hàng dỏm kém chất lượng làm quà cho người mới =)))) quà tặng cho người mới nó hủy hết cm k có nhận đc đâu mà quà toàn là mấy hãng nhái kém chất lượng chịu app thật,1,com.lazada.android,negative,vi,tệ vô cùng cm ạ đẩy toàn hàng nhái hàng dỏm kém chất lượng làm quà cho người mới quà tặng cho người mới nó hủy hết cm không có nhận đc đâu mà quà toàn là mấy hãng nhái kém chất lượng chịu app thật,tệ vô_cùng cm ạ đẩy toàn hàng nhái hàng dỏm kém chất_lượng làm_quà cho người mới quà tặng cho người mới nó hủy hết cm không có nhận đc đâu mà quà toàn là mấy hãng nhái_kém chất_lượng chịu app thật
ko có mã giảm giá lun tệ hơn tiktok vs shopee nhiều,2,com.lazada.android,negative,vi,không có mã giảm giá lun tệ hơn tiktok vs shopee nhiều,không có mã giảm_giá lun_tệ hơn tiktok vs shopee nhiều
Rất tốt.,5,com.lazada.android,positive,vi,rất tốt,rất tốt
"ứng dụng rất tốt có sự thay đổi rõ hơn so với 1 năm trước, nhưng bên đơn vị vận chuyển J v T làm việc rất chán, chuyên treo đơn khách, lưu kho không giao, khi đến ngày giao thì giả vờ tạo cuộc gọi nhỡ giả để gọi cho khách với lý do là khách khôg nghe máy, trong khi tôi ngồi ở nhà cả ngày để canh máy thì khoong có 1 cuộc gọi nhỡ nào làm ăn có hành vi gian dối cần admin xem xét lại bên vận chuyển có hành vi như thế có đáng để hợp tác tiếp hay không. Tôi mong lazada cần làm gắt về bên đơn vị JvT",3,com.lazada.android,neutral,vi,ứng dụng rất tốt có sự thay đổi rõ hơn so với 1 năm trước nhưng bên đơn vị vận chuyển j v t làm việc rất chán chuyên treo đơn khách lưu kho không giao khi đến ngày giao thì giả vờ tạo cuộc gọi nhỡ giả để gọi cho khách với lý do là khách khôg nghe máy trong khi tôi ngồi ở nhà cả ngày để canh máy thì khoong có 1 cuộc gọi nhỡ nào làm ăn có hành vi gian dối cần admin xem xét lại bên vận chuyển có hành vi như thế có đáng để hợp tác tiếp hay không tôi mong lazada cần làm gắt về bên đơn vị jvt,ứng_dụng rất tốt có sự thay_đổi rõ hơn so với 1 năm trước nhưng bên đơn_vị vận_chuyển j v_t làm_việc rất chán chuyên treo đơn khách lưu_kho không giao khi đến ngày giao thì giả_vờ tạo cuộc_gọi nhỡ giả để gọi cho khách với lý_do là khách khôg nghe máy trong khi tôi ngồi ở nhà cả ngày để canh máy thì khoong có 1 cuộc_gọi nhỡ nào làm_ăn có hành_vi gian_dối cần admin xem_xét lại bên vận_chuyển có hành_vi như_thế có đáng để hợp_tác tiếp hay không tôi mong lazada cần làm gắt về bên đơn_vị jvt
để ngày giao 2/1 mới đặt sau tăng lên 5/1,5,com.lazada.android,positive,vi,để ngày giao 2 1 mới đặt sau tăng lên 5 1,để ngày giao 2 1 mới đặt sau tăng lên 5 1
đồ kém chất lượg còn đắt ít voochue nói chung là chán,1,com.lazada.android,negative,vi,đồ kém chất lượg còn đắt ít voochue nói chung là chán,đồ kém chất lượg còn đắt ít voochue nói_chung là chán
tạo tk xong tự nhiên khóa?,1,com.lazada.android,negative,vi,tạo tk xong tự nhiên khóa,tạo tk xong tự_nhiên khóa
"tài khoản tự nhiên bị cr01 với ko lấy được mgg , khó hiểu, chả làm gì mà cũng bị mà bị lâu vậy mà chưa mua đc là sao",1,com.lazada.android,negative,vi,tài khoản tự nhiên bị cr01 với không lấy được mgg khó hiểu chả làm gì mà cũng bị mà bị lâu vậy mà chưa mua đc là sao,tài_khoản tự_nhiên bị cr01 với không lấy được mgg khó hiểu chả làm gì mà cũng bị mà bị lâu vậy_mà chưa mua đc là sao
mới tạo tài khoản cx báo vi phạm lỗi????,1,com.lazada.android,negative,vi,mới tạo tài khoản cũng báo vi phạm lỗi,mới tạo tài_khoản cũng báo vi_phạm lỗi
app tốt t chỉ càn tới tết là lụm nguyên bộ spino dai - oh,5,com.lazada.android,positive,vi,app tốt t chỉ càn tới tết là lụm nguyên bộ spino dai oh,app tốt t chỉ càn tới tết là lụm_nguyên bộ spino dai_oh
đặt hàng còn bắt cập nhật căn cước công dân thì vl rồi,1,com.lazada.android,negative,vi,đặt hàng còn bắt cập nhật căn cước công dân thì vl rồi,đặt_hàng còn bắt cập_nhật căn_cước công_dân thì vl rồi
quản cáo hoài,1,com.lazada.android,negative,vi,quản cáo hoài,quản_cáo hoài
mong nhà pt tặng cho nhiều mã giảm giá chúc app ngày càng phát triển,5,com.lazada.android,positive,vi,mong nhà pt tặng cho nhiều mã giảm giá chúc app ngày càng phát triển,mong nhà pt tặng cho nhiều mã giảm_giá chúc app ngày_càng phát_triển
canh ngày khuyến mãi mua hàng chính hãng đặc song kieu nhập giấy chứng mình nhan Dan song ngam đơn 5 ngày huy các bạn can thận o biết lanzada nay có liên kết với bọn lua dao o,1,com.lazada.android,negative,vi,canh ngày khuyến mãi mua hàng chính hãng đặc song kieu nhập giấy chứng mình nhan dan song ngam đơn 5 ngày huy các bạn can thận o biết lanzada nay có liên kết với bọn lua dao o,canh ngày khuyến_mãi mua hàng chính hãng đặc_song kieu nhập giấy_chứng mình nhan_dan song ngam đơn 5 ngày huy các bạn can thận o biết lanzada nay có liên_kết với bọn lua dao o
"đơn 0₫ dành cho người mới tự nhiên nó hủy hết cả 3 đơn không còn đơn nào hết là sao, lm như này thật sự rất mất uy tín của LAZADA.tôi thật sự rất thất vọng sẽ không có lần 2 tải lại ứng dụng này nữa 🙂",1,com.lazada.android,negative,vi,đơn 0 dành cho người mới tự nhiên nó hủy hết cả 3 đơn không còn đơn nào hết là sao lm như này thật sự rất mất uy tín của lazada tôi thật sự rất thất vọng sẽ không có lần 2 tải lại ứng dụng này nữa,đơn 0 dành cho người mới tự_nhiên nó hủy hết cả 3 đơn không còn đơn nào hết là sao lm như này thật_sự rất mất uy_tín của lazada tôi thật_sự rất thất_vọng sẽ không có lần 2 tải lại ứng_dụng này nữa
Vừa mua được vài đơn chưa từng boom hàng đã bị dính CR01 rồi? làm ăn chán,1,com.lazada.android,negative,vi,vừa mua được vài đơn chưa từng boom hàng đã bị dính cr01 rồi làm ăn chán,vừa mua được vài đơn chưa từng boom hàng đã bị dính cr01 rồi làm_ăn chán
"mua hàng phải cho xem hàng trước khi giao tiền mới thoã Thuận đôi bên .vì giao tiền trước mới xem hàng nếu không đúng mẫu thì sao, ở shopee .mua hàng xem rồi đưa tiền nhưng trong vòng 15 ngày dùng thử o vừa ý vẫn trả bình thường, được hoàng tiền vào tk số dư shopee,, có những cái khui xem o nhận vẫn trả bình thường,o như lazada, người giao hàng buộc đưa tiền mới cho xem hàng",5,com.lazada.android,positive,vi,mua hàng phải cho xem hàng trước khi giao tiền mới thoã thuận đôi bên vì giao tiền trước mới xem hàng nếu không đúng mẫu thì sao ở shopee mua hàng xem rồi đưa tiền nhưng trong vòng 15 ngày dùng thử o vừa ý vẫn trả bình thường được hoàng tiền vào tk số dư shopee có những cái khui xem o nhận vẫn trả bình thường o như lazada người giao hàng buộc đưa tiền mới cho xem hàng,mua hàng phải cho xem hàng trước khi giao tiền mới thõa_thuận đôi bên vì giao tiền trước mới xem hàng nếu không đúng mẫu thì sao ở shopee mua hàng xem rồi đưa tiền nhưng trong vòng 15 ngày dùng thử o vừa ý vẫn trả bình_thường được hoàng tiền vào tk số_dư shopee có những cái khui xem o nhận vẫn trả bình_thường o như lazada người giao hàng buộc đưa tiền mới cho xem hàng
trang này kd lừa lọc kém chất lượng,1,com.lazada.android,negative,vi,trang này kd lừa lọc kém chất lượng,trang này kd lừa_lọc kém chất_lượng
"ứng dụng tệ hại, mua bọc cà phê cũng đánh dấu là giao dịch bất thường. Nếu ngay từ đầu không muốn người ta săn sale thì không nên tổ chức.",1,com.lazada.android,negative,vi,ứng dụng tệ hại mua bọc cà phê cũng đánh dấu là giao dịch bất thường nếu ngay từ đầu không muốn người ta săn sale thì không nên tổ chức,ứng_dụng tệ_hại mua bọc cà_phê cũng đánh_dấu là giao_dịch bất_thường nếu ngay từ đầu không muốn người ta săn sale thì không nên tổ_chức
"khuyên mn không nên thanh toán online trước, sàn cũng gọi là to nhất nhì Việt Nam đấy nhưng đến lúc thanh toán thì xoay ngư chong chóng (mạng mobile 5G).",2,com.lazada.android,negative,vi,khuyên mn không nên thanh toán online trước sàn cũng gọi là to nhất nhì việt nam đấy nhưng đến lúc thanh toán thì xoay ngư chong chóng mạng mobile 5g,khuyên mn không nên thanh_toán online trước sàn cũng gọi_là to nhất nhì việt_nam đấy nhưng đến lúc thanh_toán thì xoay ngư_chong chóng_mạng mobile 5 g
"mua rất nhiều nhưng đổi lại ăn khóa lỗi CR01 không có lí do. Sàn rác, quay về với shopee",1,com.lazada.android,negative,vi,mua rất nhiều nhưng đổi lại ăn khóa lỗi cr01 không có lí do sàn rác quay về với shopee,mua rất nhiều nhưng đổi lại ăn khóa lỗi cr01 không có lí_do sàn rác quay về với shopee
trải nghiệm hoàn tiền 1 tháng :))),1,com.lazada.android,negative,vi,trải nghiệm hoàn tiền 1 tháng,trải_nghiệm hoàn tiền 1 tháng
ko làm gì cũng bị cr01,1,com.lazada.android,negative,vi,không làm gì cũng bị cr01,không làm gì cũng bị cr01
hàng muốn ko có mà rõ tên rõ ràng mà ko ra,1,com.lazada.android,negative,vi,hàng muốn không có mà rõ tên rõ ràng mà không ra,hàng muốn không có mà rõ tên rõ_ràng mà không ra
Bị CR01 mà không biết lý do tại sao. Vẫn mua hàng bình thường xong bị,1,com.lazada.android,negative,vi,bị cr01 mà không biết lý do tại sao vẫn mua hàng bình thường xong bị,bị cr01 mà không biết lý_do tại_sao vẫn mua hàng bình_thường xong bị
giao nhanh lắm mới đặt 1 ngày trc mà ngày sau đã giao r,5,com.lazada.android,positive,vi,giao nhanh lắm mới đặt 1 ngày trc mà ngày sau đã giao rồi,giao nhanh lắm mới đặt 1 ngày trc mà ngày sau đã giao rồi
"mới đăng nhập đã bị khoá tài khoản , kêu liên hệ CSKH thì máy toàn nói ấn vào 1/2/3 để hỏi..... ( khoong liên quan đến tài khoản gì cả ) . đã đợi nửa tiếng vẫn chưa hề thấy nhân viên ra nói",1,com.lazada.android,negative,vi,mới đăng nhập đã bị khoá tài khoản kêu liên hệ cskh thì máy toàn nói ấn vào 1 2 3 để hỏi khoong liên quan đến tài khoản gì cả đã đợi nửa tiếng vẫn chưa hề thấy nhân viên ra nói,mới đăng_nhập đã bị khóa tài_khoản kêu liên_hệ cskh thì máy toàn nói ấn vào 1 2 3 để hỏi khoong liên_quan đến tài_khoản gì cả đã đợi nửa tiếng vẫn chưa hề thấy nhân_viên ra nói
rất hài lòng,5,com.lazada.android,positive,vi,rất hài lòng,rất hài_lòng
game marge up battle lỗi hoài chán thế admin xem lại đi nhé.,4,com.lazada.android,positive,vi,game marge up battle lỗi hoài chán thế admin xem lại đi nhé,game marge up battle lỗi hoài chán thế admin xem_lại đi nhé
"cái trò thời trang sao giờ loading quài ko đc, dùng 5G rồi mà vẫn không load được lun",3,com.lazada.android,neutral,vi,cái trò thời trang sao giờ loading quài không đc dùng 5g rồi mà vẫn không load được lun,cái trò thời_trang sao giờ loading_quài không đc dùng 5 g rồi mà vẫn không load được lun
"lazada tạo ứng dụng giao diện mới đi ạ, giao diện hiện khó xem mua hàng quá à, giao diện y shopee đẹp, dễ mua tìm kiếm, tích lũy xu các shop live dễ hơn, Giảm bớt miễn phí vận chuyển thấy cao quá à,",4,com.lazada.android,positive,vi,lazada tạo ứng dụng giao diện mới đi ạ giao diện hiện khó xem mua hàng quá à giao diện y shopee đẹp dễ mua tìm kiếm tích lũy xu các shop live dễ hơn giảm bớt miễn phí vận chuyển thấy cao quá à,lazada tạo ứng_dụng giao_diện mới đi ạ giao_diện hiện khó xem mua hàng quá à giao_diện y_shopee đẹp dễ mua tìm_kiếm tích lũy xu các shop live dễ hơn giảm bớt miễn_phí vận_chuyển thấy cao quá à
"đơn hàng đứng.. không sử lí được. cho 1* , xóa app",1,com.lazada.android,negative,vi,đơn hàng đứng không sử lí được cho 1 xóa app,đơn hàng đứng không sử_lí được cho 1 xóa app
"laz cứ sửa giao diện mãi, lâu mới vô lại nhìn loạn cả mắt, lại còn hiện lên mấy cái pop up game đồ thật đáng ghét. t vô mua đồ chứ đâu phải vô chơi game",4,com.lazada.android,positive,vi,laz cứ sửa giao diện mãi lâu mới vô lại nhìn loạn cả mắt lại còn hiện lên mấy cái pop up game đồ thật đáng ghét t vô mua đồ chứ đâu phải vô chơi game,laz cứ sửa giao_diện mãi lâu mới vô lại nhìn_loạn cả mắt lại còn hiện lên mấy cái pop up game_đồ thật đáng ghét t vô mua đồ chứ đâu phải vô chơi game
"ngu đần, ngu đần",1,com.lazada.android,negative,vi,ngu đần ngu đần,ngu đần ngu_đần
khí chịu vl giờ đg có sale thì đăng nhập thì lại bị khóa acc nào cx bị k hiểu tạo acc mới cx bị,1,com.lazada.android,negative,vi,khí chịu vl giờ đg có sale thì đăng nhập thì lại bị khóa tài khoản nào cũng bị không hiểu tạo tài khoản mới cũng bị,khí chịu vl giờ đg có sale thì đăng_nhập thì lại bị khóa tài_khoản nào cũng bị không hiểu tạo tài_khoản mới cũng bị
"Giá số đồ trên Lazada cao bất thường,không biết có bị ngáo giá hay không.Chứ 1 số đồ mua hàng quốc tế thì giá không hợp lí chút nào so với món hàng mình mua nhất là mặc quần áo.",1,com.lazada.android,negative,vi,giá số đồ trên lazada cao bất thường không biết có bị ngáo giá hay không chứ 1 số đồ mua hàng quốc tế thì giá không hợp lí chút nào so với món hàng mình mua nhất là mặc quần áo,giá số đồ trên lazada cao bất_thường không biết có bị ngáo_giá hay không chứ 1 số đồ mua hàng quốc_tế thì giá không hợp_lí chút nào so với món hàng mình mua nhất là mặc quần_áo
tạo tk nào cũng bị khóa mặc dù chưa đặt cái j và cx chx làm j ko đúng.,1,com.lazada.android,negative,vi,tạo tk nào cũng bị khóa mặc dù chưa đặt cái j và cũng chx làm j không đúng,tạo tk nào cũng bị khóa mặc_dù chưa đặt cái j và cũng chx làm j không đúng
bị lỗi cr01 mà ko 1 lí do,1,com.lazada.android,negative,vi,bị lỗi cr01 mà không 1 lí do,bị lỗi cr01 mà không 1 lí_do
( đơn vị giao hàng cực chậm chạp) vấn đề thì không được giải quyết hầu như lun phải (trực tiếp yêu cầu nhắn tin hối giao hàng) vấn đề thì ko được giải quyết thêm con chatbox vô cùng phiền phức và vô tri vô dụng,1,com.lazada.android,negative,vi,đơn vị giao hàng cực chậm chạp vấn đề thì không được giải quyết hầu như lun phải trực tiếp yêu cầu nhắn tin hối giao hàng vấn đề thì không được giải quyết thêm con chatbox vô cùng phiền phức và vô tri vô dụng,đơn_vị giao hàng cực chậm_chạp vấn_đề thì không được giải_quyết hầu_như lun phải trực_tiếp yêu_cầu nhắn_tin hối_giao hàng vấn_đề thì không được giải_quyết thêm con chatbox vô_cùng phiền_phức và vô_tri vô_dụng
giao hàng lâu quá hạn giao,1,com.lazada.android,negative,vi,giao hàng lâu quá hạn giao,giao hàng lâu quá hạn giao
tài khoản hoạt động bình thường lại bị đánh cr01 thật là một trải nghiệm tệ,1,com.lazada.android,negative,vi,tài khoản hoạt động bình thường lại bị đánh cr01 thật là một trải nghiệm tệ,tài_khoản hoạt_động bình_thường lại bị đánh cr01 thật là một trải_nghiệm tệ
"hủy đơn r mà vẫn giao là sao ship thì đắt rất bực nha mà hàng về còn lỗi nữa,ấn trả hàng thì ko cho trả, đơn thì rõ đắt",1,com.lazada.android,negative,vi,hủy đơn rồi mà vẫn giao là sao ship thì đắt rất bực nha mà hàng về còn lỗi nữa ấn trả hàng thì không cho trả đơn thì rõ đắt,hủy đơn rồi mà vẫn giao là sao ship thì đắt rất bực_nha mà hàng về còn lỗi nữa ấn trả hàng thì không cho trả đơn thì rõ đắt
cập nhật lên lỗi tùm lum,1,com.lazada.android,negative,vi,cập nhật lên lỗi tùm lum,cập_nhật lên lỗi tùm lum
Lazada tự đánh lỗi cr01 mặc dù k vi phạm gì,1,com.lazada.android,negative,vi,lazada tự đánh lỗi cr01 mặc dù không vi phạm gì,lazada tự đánh lỗi cr01 mặc_dù không vi_phạm gì
bị khoá cr01 mấy tháng chưa mở,1,com.lazada.android,negative,vi,bị khoá cr01 mấy tháng chưa mở,bị khóa cr01 mấy tháng chưa mở
dm sao hủy đơn hàng không được,1,com.lazada.android,negative,vi,tệ sao hủy đơn hàng không được,tệ sao hủy đơn hàng_không được
"App dùng thì lác, suốt ngày báo lỗi rồi không thanh toán được, email hỏi thì trả lời cho có, đổ cho hệ thống thế này thế kia, không cụ thể hoá được khách hàng cần làm gì để mua được hàng dịch vụ xử lý khiếu nại quá chán",1,com.lazada.android,negative,vi,app dùng thì lác suốt ngày báo lỗi rồi không thanh toán được email hỏi thì trả lời cho có đổ cho hệ thống thế này thế kia không cụ thể hoá được khách hàng cần làm gì để mua được hàng dịch vụ xử lý khiếu nại quá chán,app dùng thì lác suốt ngày báo lỗi rồi không thanh_toán được email hỏi thì trả_lời cho có đổ cho hệ_thống thế_này thế kia không cụ_thể hóa được khách_hàng cần làm gì để mua được hàng dịch_vụ xử_lý khiếu_nại quá chán
bắt đầu lửa đảo ko hoàn tiền.. shop giao khác hàng hóa,1,com.lazada.android,negative,vi,bắt đầu lửa đảo không hoàn tiền shop giao khác hàng hóa,bắt_đầu lửa đảo không hoàn tiền shop giao khác hàng hóa
"tự dưng bị khoá, trong khi chưa đăng ký bao giờ, lần đầu đăng ký khoá mẹ acc, chịu bố",1,com.lazada.android,negative,vi,tự dưng bị khoá trong khi chưa đăng ký bao giờ lần đầu đăng ký khoá mẹ tài khoản chịu bố,tự_dưng bị khóa trong khi chưa đăng_ký bao_giờ lần đầu đăng_ký khóa mẹ tài_khoản chịu bố
tiktok người ta mua đồ được miễn ship còn lazada đồ thì rẻ phí thì cao..ai mà mua...,3,com.lazada.android,neutral,vi,tiktok người ta mua đồ được miễn ship còn lazada đồ thì rẻ phí thì cao ai mà mua,tiktok người ta mua đồ được miễn_ship còn lazada_đồ thì rẻ_phí thì cao ai mà mua
khoing giao hàng nhưng vẫn báo đã giao hàng,1,com.lazada.android,negative,vi,khoing giao hàng nhưng vẫn báo đã giao hàng,khoing giao hàng nhưng vẫn báo đã giao hàng
đăng nhập như cc,1,com.lazada.android,negative,vi,đăng nhập như cc,đăng_nhập như cc
"Lazada dạo này giao nhanh, mặc dù không có gói vip như shopee nhưng mình tích xu. Vô chỗ tích xu tìm món mình muốn mua, rồi dùng xu trả, rẻ quá trời.",5,com.lazada.android,positive,vi,lazada dạo này giao nhanh mặc dù không có gói vip như shopee nhưng mình tích xu vô chỗ tích xu tìm món mình muốn mua rồi dùng xu trả rẻ quá trời,lazada dạo này giao nhanh mặc_dù không có gói vip như shopee nhưng mình tích xu_vô chỗ_tích xu tìm món mình muốn mua rồi dùng xu trả rẻ quá trời
k hiểu bên này lm kiểu j vô cùng bức xúc mua đồ bth shipper vẫn giao địa chỉ đấy tự nhiên nay kêu địa chỉ k hợp lệ xg tự hủy đơn hàng của ngta mà shipper k lỡ gọi một cuộc báo tình hình đơn ngta đg cần mà lm ăn kiểu vậy xg cx kbt sđt shipper sao để trao đổi xứng đáng kco sao nào thì hơn ph báo ngta để bt đây im lặng hủy đơn mik mà k thấy đơn lâu chx về vào kiểm tra thì cx k bt là đơn bị hủy mik mua cho bn mik mà h sắp tết r hủy đơn ngta r qua tết ms đặt lại đc t cạch mặt lazada .,1,com.lazada.android,negative,vi,không hiểu bên này lm kiểu j vô cùng bức xúc mua đồ bth shipper vẫn giao địa chỉ đấy tự nhiên nay kêu địa chỉ không hợp lệ xg tự hủy đơn hàng của ngta mà shipper không lỡ gọi một cuộc báo tình hình đơn ngta đg cần mà lm ăn kiểu vậy xg cũng kbt sđt shipper sao để trao đổi xứng đáng kco sao nào thì hơn ph báo ngta để bt đây im lặng hủy đơn mik mà không thấy đơn lâu chx về vào kiểm tra thì cũng không bt là đơn bị hủy mik mua cho bn mik mà h sắp tết rồi hủy đơn ngta rồi qua tết ms đặt lại đc t cạch mặt lazada,không hiểu bên này lm kiểu j vô_cùng bức_xúc mua đồ bth shipper vẫn giao địa_chỉ đấy tự_nhiên nay kêu địa_chỉ không hợp_lệ xg tự hủy đơn hàng của ngta mà shipper không lỡ gọi một cuộc báo tình_hình đơn ngta đg cần mà lm ăn kiểu vậy xg cũng kbt sđt shipper sao để trao_đổi xứng_đáng kco sao nào thì hơn ph báo ngta để bt đây im_lặng hủy đơn_mik mà không thấy đơn lâu chx về vào kiểm_tra thì cũng không bt là đơn bị hủy mik mua cho bn mik mà h sắp tết rồi hủy đơn ngta rồi qua tết ms đặt lại đc t_cạch mặt lazada
Dùng được... 👁️👁️,4,com.lazada.android,positive,vi,dùng được,dùng được
lừa người vãi cho khách chọn 3 đơn 0đ mà cuối cùng tự động hủy với lý do quá vô lí và tôi sẽ không bao giờ tải lại app nữa,1,com.lazada.android,negative,vi,lừa người vãi cho khách chọn 3 đơn 0đ mà cuối cùng tự động hủy với lý do quá vô lí và tôi sẽ không bao giờ tải lại app nữa,lừa người vãi cho khách chọn 3 đơn 0 đ mà cuối_cùng tự_động hủy với lý_do quá vô_lí và tôi sẽ không bao_giờ tải lại app nữa
👍,3,com.lazada.android,neutral,vi,,
trải nghiệm quá tệ,1,com.lazada.android,negative,vi,trải nghiệm quá tệ,trải_nghiệm quá tệ
vừa tải về định dùng thử thì bị khóa tk? đúng con app rác,1,com.lazada.android,negative,vi,vừa tải về định dùng thử thì bị khóa tk đúng con app rác,vừa tải về định dùng thử thì bị khóa tk đúng con app rác
Nick mới vào không có voucher nào. Còn bị đánh vi phạm cr01 chẳng hiểu kiểu gì,1,com.lazada.android,negative,vi,nick mới vào không có voucher nào còn bị đánh vi phạm cr01 chẳng hiểu kiểu gì,nick mới vào không có voucher nào còn bị đánh vi_phạm cr01 chẳng hiểu kiểu gì
ok đó nhà 🤣🤣,5,com.lazada.android,positive,vi,ok đó nhà,ok đó nhà
lazada ko đăng nhập giống Shopee .,1,com.lazada.android,negative,vi,lazada không đăng nhập giống shopee,lazada không đăng_nhập giống shopee
mình mua hàng nó luôn thanh toán trước và ko hề bom hàng lần nào vậy mà nó chơi cắt hết mã giảm giá rồi kêu là có hành vi bất thường. laz mất dạy,1,com.lazada.android,negative,vi,mình mua hàng nó luôn thanh toán trước và không hề bom hàng lần nào vậy mà nó chơi cắt hết mã giảm giá rồi kêu là có hành vi bất thường laz mất dạy,mình mua hàng nó luôn thanh_toán trước và không hề bom hàng lần nào vậy_mà nó chơi cắt hết_mã giảm_giá rồi kêu là có hành_vi bất_thường laz mất dạy
CR01 không thể lấy voucher và đặt hàng. Lỗi ai cũng bị thì đổ cho hệ thống trong khi tài khoản cả năm đặt chưa tới vài đơn hàng. Này thì xách dép cho Shopee thôi,1,com.lazada.android,negative,vi,cr01 không thể lấy voucher và đặt hàng lỗi ai cũng bị thì đổ cho hệ thống trong khi tài khoản cả năm đặt chưa tới vài đơn hàng này thì xách dép cho shopee thôi,cr01 không_thể lấy voucher và đặt_hàng lỗi ai cũng bị thì đổ cho hệ_thống trong khi tài_khoản cả năm đặt chưa tới vài đơn hàng này thì xách dép cho shopee thôi
"Ứng dụng này rất tiện lợi , phục vụ tận tình .",5,com.lazada.android,positive,vi,ứng dụng này rất tiện lợi phục vụ tận tình,ứng_dụng này rất tiện_lợi phục_vụ tận_tình
"shop bán hàng lỗi, hàng kém chất lượng. mà Khách hàng yêu cầu hoàn hàng trả tiền thì sàn từ chối",1,com.lazada.android,negative,vi,shop bán hàng lỗi hàng kém chất lượng mà khách hàng yêu cầu hoàn hàng trả tiền thì sàn từ chối,shop bán hàng lỗi hàng kém chất_lượng mà khách_hàng yêu_cầu hoàn_hàng trả tiền thì sàn từ_chối
"ship chậm như rùa, muốn lấy hàng hay trả hàng mà phải chờ tới 8 ngày lâu chịu k đc thực sự rất bực.EDIT: Thực sự ngoài việc giao trễ thì mọi thứ khác đều tuyệt, cái mình thấy ấn tượng với lazada nhất là cho trả hàng miễn phí 30 ngày rất thoải mái ko như shopee chỉ trong 7 ngày mà còn khó nữa, dịch vụ bên lazada nói chung là tốt (trừ thgian ship). Lúc giao hàng shipper còn cho mình mở hàng thử nữa mà shipper còn nhiệt tình vui vẻ nữa. Mua hàng lazada mình cảm thấy được tôn trọng hơnvàyêntâmkhimua",5,com.lazada.android,positive,vi,ship chậm như rùa muốn lấy hàng hay trả hàng mà phải chờ tới 8 ngày lâu chịu không đc thực sự rất bực edit thực sự ngoài việc giao trễ thì mọi thứ khác đều tuyệt cái mình thấy ấn tượng với lazada nhất là cho trả hàng miễn phí 30 ngày rất thoải mái không như shopee chỉ trong 7 ngày mà còn khó nữa dịch vụ bên lazada nói chung là tốt trừ thgian ship lúc giao hàng shipper còn cho mình mở hàng thử nữa mà shipper còn nhiệt tình vui vẻ nữa mua hàng lazada mình cảm thấy được tôn trọng hơnvàyêntâmkhimua,ship chậm như rùa muốn lấy hàng hay trả hàng mà phải chờ tới 8 ngày lâu chịu không đc thực_sự rất bực_edit thực_sự ngoài việc giao_trễ thì mọi thứ khác đều tuyệt_cái mình thấy ấn_tượng với lazada nhất là cho trả hàng miễn_phí 30 ngày rất thoải_mái không như shopee chỉ trong 7 ngày mà_còn khó nữa dịch_vụ bên lazada nói_chung là tốt_trừ thgian ship lúc giao hàng shipper còn cho mình mở hàng thử nữa mà shipper còn nhiệt_tình vui_vẻ nữa mua hàng lazada mình cảm_thấy được tôn_trọng hơnvàyêntâmkhimua
hàng camel có hàng giả tôi đã mua nhầm m.n mua để ý nha,5,com.lazada.android,positive,vi,hàng camel có hàng giả tôi đã mua nhầm m n mua để ý nha,hàng camel có hàng giả tôi đã mua nhầm m n mua để_ý nha
cũng cũng,5,com.lazada.android,positive,vi,cũng cũng,cũng cũng
"ko vào đc, đăng nhập ko đc",1,com.lazada.android,negative,vi,không vào đc đăng nhập không đc,không vào đc đăng_nhập không đc
Ôi giời ơi Lazada tôi còn chưa có thẻ đen có chưa hả hả,4,com.lazada.android,positive,vi,ôi giời ơi lazada tôi còn chưa có thẻ đen có chưa hả hả,ôi giời ơi lazada tôi còn chưa có thẻ đen có chưa hả hả
hoàn tiền lâu lắc yêu cầu hoàn tiền từ ngày 7/1/2026 tới giờ 25/1/2026 tiền vẫn chưa chuyển về,1,com.lazada.android,negative,vi,hoàn tiền lâu lắc yêu cầu hoàn tiền từ ngày 7 1 2026 tới giờ 25 1 2026 tiền vẫn chưa chuyển về,hoàn tiền lâu_lắc yêu_cầu hoàn_tiền từ ngày 7 1 2026 tới giờ 25 1 2026 tiền vẫn chưa chuyển về
"Lazada đưa giá giảm, mua xong cái khóa không cho áp mã giảm giá nữa vì bảo có hành vi đáng ngờ. Tệ hại thật.",1,com.lazada.android,negative,vi,lazada đưa giá giảm mua xong cái khóa không cho áp mã giảm giá nữa vì bảo có hành vi đáng ngờ tệ hại thật,lazada đưa giá giảm mua xong cái khóa không cho áp_mã giảm_giá nữa vì bảo có hành_vi đáng ngờ tệ_hại thật
"Trải nghiệm tệ hại, lươn lẹo, bất tín. Lần đầu dùng app, ứng dụng báo tặng 3 đơn 0 đồng tự chọn. Đặt xong, hôm sau hệ thống tự hủy. Hỏi chat bot AI toàn trả lời nhảm, người hỗ trợ thì lòng vòng vô nghĩa, toàn chuyển quá email, không giải quyết vấn đề. Lazrewards hay xu đều chỉ được 1% giá trị đơn. Phí ship cao, voucher thấp. Voucher còn phải thu thập lòng vòng. Game tưới nước phải đặt 2 đơn do ngoài Tphcm, nhưng tới lúc thu hoạch thì báo hết hàng. Quá tệ!",1,com.lazada.android,negative,vi,trải nghiệm tệ hại lươn lẹo bất tín lần đầu dùng app ứng dụng báo tặng 3 đơn 0 đồng tự chọn đặt xong hôm sau hệ thống tự hủy hỏi chat bot ai toàn trả lời nhảm người hỗ trợ thì lòng vòng vô nghĩa toàn chuyển quá email không giải quyết vấn đề lazrewards hay xu đều chỉ được 1 giá trị đơn phí ship cao voucher thấp voucher còn phải thu thập lòng vòng game tưới nước phải đặt 2 đơn do ngoài tphcm nhưng tới lúc thu hoạch thì báo hết hàng quá tệ,trải_nghiệm tệ_hại lươn_lẹo bất_tín lần đầu dùng app ứng_dụng báo tặng 3 đơn 0 đồng tự chọn đặt xong hôm sau hệ_thống tự_hủy hỏi chat bot ai toàn trả_lời nhảm người hỗ_trợ thì lòng_vòng vô_nghĩa toàn chuyển quá email không giải_quyết vấn_đề lazrewards hay xu đều chỉ được 1 giá_trị đơn_phí ship cao voucher thấp voucher còn phải thu_thập lòng_vòng game tưới nước phải đặt 2 đơn do ngoài tphcm nhưng tới lúc thu_hoạch thì báo hết hàng quá tệ
cứ mua hàng 0đ lại bị hủy app như cc,1,com.lazada.android,negative,vi,cứ mua hàng 0đ lại bị hủy app như cc,cứ mua hàng 0 đ lại bị hủy app như cc
quá đã 0đ không,5,com.lazada.android,positive,vi,quá đã 0đ không,quá đã 0 đ không
tốt nhưng hơi,4,com.lazada.android,positive,vi,tốt nhưng hơi,tốt nhưng hơi
"CR01 KHÔNG MUA ĐƯỢC GÌ. Vừa được mở vài ngày, vừa thêm giỏ chưa kịp mua lại CR01 tiếp không rõ nguyên do. Coi thường khách hàng, thảo nào bị Shopee dập cho nát",1,com.lazada.android,negative,vi,cr01 không mua được gì vừa được mở vài ngày vừa thêm giỏ chưa kịp mua lại cr01 tiếp không rõ nguyên do coi thường khách hàng thảo nào bị shopee dập cho nát,cr01 không mua được gì vừa được mở vài ngày vừa thêm giỏ chưa kịp mua lại cr01 tiếp không rõ nguyên_do coi_thường khách_hàng thảo nào bị shopee_dập cho nát
"phiền vkl, đ c lm mm",1,com.lazada.android,negative,vi,phiền vkl đ c lm mm,phiền vkl đ c lm mm
tải app lần đầu mở tk mà bị báo là khoá mở bao nhiêu cái cũng như vậy ko hiểu luôn,1,com.lazada.android,negative,vi,tải app lần đầu mở tk mà bị báo là khoá mở bao nhiêu cái cũng như vậy không hiểu luôn,tải app lần đầu mở tk mà bị báo là khóa mở bao_nhiêu cái cũng như_vậy không hiểu luôn
"Tốt, giao hàng nhanh",5,com.lazada.android,positive,vi,tốt giao hàng nhanh,tốt giao hàng nhanh
mới tải đăng ký số điện thoại thì bị khoá tài khoản chẳng hiểu thế nào,1,com.lazada.android,negative,vi,mới tải đăng ký số điện thoại thì bị khoá tài khoản chẳng hiểu thế nào,mới tải đăng_ký số điện_thoại thì bị khóa tài_khoản chẳng hiểu thế_nào
"giao hànng chậm , quá chậm , trong khi shoppe nó giao xong ba ngày rồi thì bên lazada mới chịu giao",1,com.lazada.android,negative,vi,giao hànng chậm quá chậm trong khi shoppe nó giao xong ba ngày rồi thì bên lazada mới chịu giao,giao hànng chậm quá chậm trong khi shoppe nó giao xong ba ngày rồi thì bên lazada mới chịu giao
sao tài khoản của mình bị lỗi CR01 rồi,1,com.lazada.android,negative,vi,sao tài khoản của mình bị lỗi cr01 rồi,sao tài_khoản của mình bị lỗi cr01 rồi
"vừa hết cr01 1 hôm, hôm sau lại bị, còn chưa kịp mua hàng hay làm gì luôn, chịu cái app này r đấy",1,com.lazada.android,negative,vi,vừa hết cr01 1 hôm hôm sau lại bị còn chưa kịp mua hàng hay làm gì luôn chịu cái app này rồi đấy,vừa hết cr01 1 hôm hôm sau lại bị còn chưa kịp mua hàng hay làm gì luôn chịu cái app này rồi đấy
hàng giao nhanh,5,com.lazada.android,positive,vi,hàng giao nhanh,hàng giao nhanh
"gửi quảng cáo về điện thoại quá nhiều , thật là bực mình",3,com.lazada.android,neutral,vi,gửi quảng cáo về điện thoại quá nhiều thật là bực mình,gửi quảng_cáo về điện_thoại quá nhiều thật là bực_mình
"giao hàng nhanh, mới tải nên đc tặng ba món tự chọn ko mất tiền=))",5,com.lazada.android,positive,vi,giao hàng nhanh mới tải nên đc tặng ba món tự chọn không mất tiền,giao hàng nhanh mới tải nên đc tặng ba món tự chọn không mất tiền
"đơn vị vận chuyển tráo hàng, không bên nào giải quyết mất tiền",1,com.lazada.android,negative,vi,đơn vị vận chuyển tráo hàng không bên nào giải quyết mất tiền,đơn_vị vận_chuyển tráo hàng_không bên nào giải_quyết mất tiền
"không bằng shopee. phục vụ thì kém, shop shopee tốt vãi. lazada ship thì thái độ, giao chậm chịu",1,com.lazada.android,negative,vi,không bằng shopee phục vụ thì kém shop shopee tốt vãi lazada ship thì thái độ giao chậm chịu,không bằng shopee phục_vụ thì kém shop shopee tốt vãi lazada_ship thì thái_độ giao chậm chịu
"Hiện cần vốn khoảng 5tr thì vào VayTotNhat nhé. Do mình đang thiếu số, đúng nghĩa là ( vay tốt nhất ) thời điểm này Mình mới đặt hàng xong. Ngày hôm sau cái tk không có hiện mã Voucher của sàn nữa. Nhắn CSKH thì bảo là hệ thống sẽ đề xuất khuyến mãi cho từng người. Cắt mã sàn như vầy là phân biệt đối xử khách hàng rồi.",5,com.lazada.android,positive,vi,hiện cần vốn khoảng 5tr thì vào vaytotnhat nhé do mình đang thiếu số đúng nghĩa là vay tốt nhất thời điểm này mình mới đặt hàng xong ngày hôm sau cái tk không có hiện mã voucher của sàn nữa nhắn cskh thì bảo là hệ thống sẽ đề xuất khuyến mãi cho từng người cắt mã sàn như vầy là phân biệt đối xử khách hàng rồi,hiện cần vốn khoảng 5 tr thì vào vaytotnhat nhé do mình đang thiếu số đúng nghĩa_là vay tốt nhất thời_điểm này mình mới đặt_hàng xong ngày hôm sau cái tk không có hiện_mã voucher của sàn nữa nhắn_cskh thì bảo là hệ_thống sẽ đề_xuất khuyến_mãi cho từng người cắt mã_sàn như_vầy là phân_biệt đối_xử khách_hàng rồi
tự nhiên lỗi không cho mua tiền còn trong đó không là xoá rồi,1,com.lazada.android,negative,vi,tự nhiên lỗi không cho mua tiền còn trong đó không là xoá rồi,tự_nhiên lỗi không cho mua tiền còn trong đó không là xóa rồi
như pịa,1,com.lazada.android,negative,vi,như pịa,như pịa
tự nhiên bị cr01 không hiểu vì lí do gì,1,com.lazada.android,negative,vi,tự nhiên bị cr01 không hiểu vì lí do gì,tự_nhiên bị cr01 không hiểu vì lí_do gì
"giao hàng siêu lâu, mà còn không thể hối giao hàng, chat vs cskh thì toàn bot, không giải quyết được gì hết. Lazada nên cầm giấy bút qua Shopee hay Tiktok shop học 1 khóa đi chứ cứ như này ngày sập tiệm không xa đâu",1,com.lazada.android,negative,vi,giao hàng siêu lâu mà còn không thể hối giao hàng chat vs cskh thì toàn bot không giải quyết được gì hết lazada nên cầm giấy bút qua shopee hay tiktok shop học 1 khóa đi chứ cứ như này ngày sập tiệm không xa đâu,giao hàng siêu_lâu mà_còn không_thể hối_giao hàng chat vs cskh thì toàn bot không giải_quyết được gì hết lazada nên cầm giấy bút qua shopee hay tiktok shop học 1 khóa đi chứ cứ như này ngày sập_tiệm không xa đâu
rất phiền,1,com.lazada.android,negative,vi,rất phiền,rất phiền
"trải nghiệm tệ, lazada tự ý đánh lỗi CR01 tài khoản của tôi dù không vi phạm gì cả, nhắn support hoài cũng không thấy phản hồi, tới nay cả tháng rồi chưa thấy khắc phục, để lại ấn tượng rất xấu trong mắt người dùng. đề nghị lazada khắc phục ngay cho tôi, tài khoản lazada của tôi đăng kí bằng mail này. sau khi khắc phục tôi sẽ gỡ đánh giá 1 sao",1,com.lazada.android,negative,vi,trải nghiệm tệ lazada tự ý đánh lỗi cr01 tài khoản của tôi dù không vi phạm gì cả nhắn support hoài cũng không thấy phản hồi tới nay cả tháng rồi chưa thấy khắc phục để lại ấn tượng rất xấu trong mắt người dùng đề nghị lazada khắc phục ngay cho tôi tài khoản lazada của tôi đăng kí bằng mail này sau khi khắc phục tôi sẽ gỡ đánh giá 1 sao,trải_nghiệm tệ_lazada tự_ý đánh lỗi cr01 tài_khoản của tôi dù không vi_phạm gì cả nhắn_support hoài cũng không thấy phản_hồi tới nay cả tháng rồi chưa thấy khắc_phục để lại ấn_tượng rất xấu trong mắt người dùng đề_nghị lazada khắc_phục ngay cho tôi tài_khoản lazada của tôi đăng_kí bằng mail này sau khi khắc_phục tôi sẽ gỡ đánh_giá 1 sao
app ko ra những thứ đang cần,1,com.lazada.android,negative,vi,app không ra những thứ đang cần,app không ra những thứ đang cần
"mình tạo tk mới, có voucher người mới mua đơn 0đ thì hủy luôn của mình với lý do hàng chưa thanh toán, khiếu nại 2 hôm cũng mặc kệ không ai nhắn lại từ hỗ trợ lazada đến shop choice. Trải nghiệm tệ",1,com.lazada.android,negative,vi,mình tạo tk mới có voucher người mới mua đơn 0đ thì hủy luôn của mình với lý do hàng chưa thanh toán khiếu nại 2 hôm cũng mặc kệ không ai nhắn lại từ hỗ trợ lazada đến shop choice trải nghiệm tệ,mình tạo tk mới có voucher người mới mua đơn 0 đ thì hủy luôn của mình với lý_do hàng chưa thanh_toán khiếu_nại 2 hôm cũng mặc_kệ không ai nhắn lại từ hỗ_trợ lazada đến shop choice trải_nghiệm tệ
"ứng dụng giờ tệ mua hàng không trả tiền khi nhận hàng vẫn bắt buộc phải điền thông tin cccd và số điện thoại người nhận trong khi số điện thoại tên người nhận vào địa chỉ đã có trên phần điền của địa chỉ vẫn bắt buộc phải có phần liên hệ với người nhận cccd của họ ép buộc phải ghi lại, lộ thông tin cá nhân của họ Lazada chịu trách nhiệm được không không mua được app này thì mua app khác",1,com.lazada.android,negative,vi,ứng dụng giờ tệ mua hàng không trả tiền khi nhận hàng vẫn bắt buộc phải điền thông tin cccd và số điện thoại người nhận trong khi số điện thoại tên người nhận vào địa chỉ đã có trên phần điền của địa chỉ vẫn bắt buộc phải có phần liên hệ với người nhận cccd của họ ép buộc phải ghi lại lộ thông tin cá nhân của họ lazada chịu trách nhiệm được không không mua được app này thì mua app khác,ứng_dụng giờ tệ mua hàng_không trả tiền khi nhận hàng vẫn bắt_buộc phải điền_thông_tin cccd và số điện_thoại người nhận trong khi số điện_thoại tên người nhận vào địa_chỉ đã có trên phần điền của địa_chỉ vẫn bắt_buộc phải có phần liên_hệ với người nhận cccd của họ ép_buộc phải ghi lại lộ thông_tin cá_nhân của họ lazada chịu trách_nhiệm được không không mua được app này thì mua app khác
bao nhiêu tiền xu mất đi hết.. app nó chán,1,com.lazada.android,negative,vi,bao nhiêu tiền xu mất đi hết app nó chán,bao_nhiêu tiền xu mất đi hết app nó chán
Mình mới đặt hàng xong. Ngày hôm sau cái tk không có hiện mã Voucher của sàn nữa. Nhắn CSKH thì bảo là hệ thống sẽ đề xuất khuyến mãi cho từng người. Cắt mã sàn như vầy là phân biệt đối xử khách hàng rồi.,1,com.lazada.android,negative,vi,mình mới đặt hàng xong ngày hôm sau cái tk không có hiện mã voucher của sàn nữa nhắn cskh thì bảo là hệ thống sẽ đề xuất khuyến mãi cho từng người cắt mã sàn như vầy là phân biệt đối xử khách hàng rồi,mình mới đặt_hàng xong ngày hôm sau cái tk không có hiện_mã voucher của sàn nữa nhắn_cskh thì bảo là hệ_thống sẽ đề_xuất khuyến_mãi cho từng người cắt mã_sàn như_vầy là phân_biệt đối_xử khách_hàng rồi
Dich vu ok,5,com.lazada.android,positive,vi,dich vu ok,dich vu_ok
Trải nghiệm rất khó chịu,1,com.lazada.android,negative,vi,trải nghiệm rất khó chịu,trải_nghiệm rất khó_chịu
giải trúng thưởng gế bố của lazada trong quảng cáo là rất sàm và bố cục qc quá dài dòng lòn thoàng. đang chơi game ngon lành gặp quảng cáo lazada là quê lon dẹp nghỉ chơi lun,1,com.lazada.android,negative,vi,giải trúng thưởng gế bố của lazada trong quảng cáo là rất sàm và bố cục qc quá dài dòng lòn thoàng đang chơi game ngon lành gặp quảng cáo lazada là quê lon dẹp nghỉ chơi lun,giải trúng thưởng gế_bố của lazada trong quảng_cáo là rất sàm và bố_cục qc quá dài dòng lòn thoàng đang chơi game ngon_lành gặp quảng_cáo lazada là quê lon dẹp nghỉ chơi lun
Trang khá tốt hầu như gần hết người dân đều sử dụng nhưng có những gian hàng bán hàng rất bất ổn tít top hàng luôn luôn chuẩn nhé các bạn nên để ý kĩ mặt hàng trước khi mua,5,com.lazada.android,positive,vi,trang khá tốt hầu như gần hết người dân đều sử dụng nhưng có những gian hàng bán hàng rất bất ổn tít top hàng luôn luôn chuẩn nhé các bạn nên để ý kĩ mặt hàng trước khi mua,trang khá tốt hầu_như gần hết người_dân đều sử_dụng nhưng có những gian_hàng bán hàng rất bất_ổn tít_top hàng luôn_luôn chuẩn nhé các bạn nên để_ý kĩ mặt_hàng trước khi mua
"Vô đăng kí thì kêu xác thực tài khoản, k muốn xác thực ấn dấu × để về lại trang nhập mã pin. Vô trang xong vẫn kêu xác thực, xác thực thì cx k đc.",1,com.lazada.android,negative,vi,vô đăng kí thì kêu xác thực tài khoản không muốn xác thực ấn dấu để về lại trang nhập mã pin vô trang xong vẫn kêu xác thực xác thực thì cũng không đc,vô đăng_kí thì kêu xác_thực tài_khoản không muốn xác thực_ấn dấu để về lại trang nhập_mã pin vô_trang xong vẫn kêu xác_thực xác_thực thì cũng không đc
"đăng nhập không được,toàn báo là bị khoá vì cái khỉ gì ấy",1,com.lazada.android,negative,vi,đăng nhập không được toàn báo là bị khoá vì cái khỉ gì ấy,đăng nhập không được toàn báo là bị khóa vì cái khỉ gì ấy
app khó dùng mua đơn không áp được mã nào chỉ được free ship,1,com.lazada.android,negative,vi,app khó dùng mua đơn không áp được mã nào chỉ được free ship,app khó dùng mua đơn không áp được mã nào chỉ được free ship
cacao rất ngon.chuan vị cacao cho shop 5 sao,5,com.lazada.android,positive,vi,cacao rất ngon chuan vị cacao cho shop 5 sao,cacao rất ngon chuan_vị cacao cho shop 5 sao
"không thích cách quảng cáo trên mấy web khác, toàn dụ nhấp vào rồi chuyển trang, không nhấp vào cũng chuyển. Đủ phiền rồi đó",1,com.lazada.android,negative,vi,không thích cách quảng cáo trên mấy web khác toàn dụ nhấp vào rồi chuyển trang không nhấp vào cũng chuyển đủ phiền rồi đó,không thích cách quảng_cáo trên mấy web khác toàn dụ nhấp vào rồi chuyển_trang không nhấp vào cũng chuyển đủ phiền rồi đó
Đã hủy đơn mà kh hoàn đủ số tiền,1,com.lazada.android,negative,vi,đã hủy đơn mà kh hoàn đủ số tiền,đã hủy_đơn mà kh hoàn_đủ số tiền
Bị cr01 ko mua hàng đc,1,com.lazada.android,negative,vi,bị cr01 không mua hàng đc,bị cr01 không mua hàng đc
Lazada tự ý đánh lỗi CR01 trong khi chưa mua gì ????,1,com.lazada.android,negative,vi,lazada tự ý đánh lỗi cr01 trong khi chưa mua gì,lazada tự_ý đánh lỗi cr01 trong khi chưa mua gì
hàng tìm mua dễ ưu đãi cho người mua ok,5,com.lazada.android,positive,vi,hàng tìm mua dễ ưu đãi cho người mua ok,hàng tìm mua dễ ưu_đãi cho người mua ok
"tạo tk với sdt cũng bị khóa, chịu",1,com.lazada.android,negative,vi,tạo tk với sdt cũng bị khóa chịu,tạo tk với sdt cũng bị khóa chịu
"mới đăng nhập vào ứng dụng để mua hàng nó cứ hiện tài khoản của bạn bị khoá vì lí do bảo mật, trong khi mới đăng nhập app lần đầu, trải nghiệm tệ nhất mà tôi từng biết.",1,com.lazada.android,negative,vi,mới đăng nhập vào ứng dụng để mua hàng nó cứ hiện tài khoản của bạn bị khoá vì lí do bảo mật trong khi mới đăng nhập app lần đầu trải nghiệm tệ nhất mà tôi từng biết,mới đăng_nhập vào ứng_dụng để mua hàng nó cứ hiện tài_khoản của bạn bị khóa vì lí_do bảo_mật trong khi mới đăng_nhập app lần đầu trải_nghiệm tệ nhất mà tôi từng biết
tài khoản lâu năm đang sử dụng lại bị CR01. bực bội ghê,1,com.lazada.android,negative,vi,tài khoản lâu năm đang sử dụng lại bị cr01 bực bội ghê,tài_khoản lâu năm đang sử_dụng lại bị cr01 bực_bội ghê
app như c,1,com.lazada.android,negative,vi,app như c,app như c
"Trải nghiệm tuyệt mua hàng đúng mẫu , mọi người nên chọn shop uy tín mua nhé,hơi phiền vì thông báo tin nhắn, với quảng cáo nhiều trên các ứng dụng",4,com.lazada.android,positive,vi,trải nghiệm tuyệt mua hàng đúng mẫu mọi người nên chọn shop uy tín mua nhé hơi phiền vì thông báo tin nhắn với quảng cáo nhiều trên các ứng dụng,trải_nghiệm tuyệt_mua hàng đúng mẫu mọi người nên chọn shop uy_tín mua nhé hơi_phiền vì thông_báo tin_nhắn với quảng_cáo nhiều trên các ứng_dụng
tư vấn nhiệt tình,5,com.lazada.android,positive,vi,tư vấn nhiệt tình,tư_vấn nhiệt_tình
"Quá ít voucher lại còn mắc hơn shoppe,không có free ship luôn",3,com.lazada.android,neutral,vi,quá ít voucher lại còn mắc hơn shoppe không có free ship luôn,quá ít voucher lại còn mắc hơn shoppe không có free ship luôn
Tôi đã mua hàng hàng chưa báo giao tại sao hủy đề nghị xem lại xếp pơ giao hàng,1,com.lazada.android,negative,vi,tôi đã mua hàng hàng chưa báo giao tại sao hủy đề nghị xem lại xếp pơ giao hàng,tôi đã mua hàng hàng chưa báo giao tại_sao hủy đề_nghị xem_lại xếp pơ giao hàng
"Bị khoá tài khoản (CR01) dù chưa mua hàng, rất tuyệt :)",1,com.lazada.android,negative,vi,bị khoá tài khoản cr01 dù chưa mua hàng rất tuyệt,bị khóa tài_khoản cr01 dù chưa mua hàng rất tuyệt
mua hàng tốt,4,com.lazada.android,positive,vi,mua hàng tốt,mua hàng tốt
0k rất lên dùng,5,com.lazada.android,positive,vi,0k rất lên dùng,0 k rất lên dùng
mẹ nó chạy quảng cáo tự động,1,com.lazada.android,negative,vi,mẹ nó chạy quảng cáo tự động,mẹ nó chạy quảng_cáo tự_động
"ứng dụng này được OK , tìm kiếm được hàng .",5,com.lazada.android,positive,vi,ứng dụng này được ok tìm kiếm được hàng,ứng_dụng này được ok tìm_kiếm được hàng
Tôi có đơn hàng ngày 06/9 đến nay gần 1 tháng rồi mà Shop Zínshu vẫn chưa gởi bên vận chuyển giao hàng cho Tôi vậy Lazada????,2,com.lazada.android,negative,vi,tôi có đơn hàng ngày 06 9 đến nay gần 1 tháng rồi mà shop zínshu vẫn chưa gởi bên vận chuyển giao hàng cho tôi vậy lazada,tôi có đơn hàng ngày 06 9 đến nay gần 1 tháng rồi mà shop zínshu vẫn chưa gởi bên vận_chuyển_giao hàng cho tôi vậy lazada
"Những đơn hàng mua thanh toán trước nếu gặp sự cố về hàng hóa, trả hàng, shop giao thiếu ... lazada báo đã hoàn tiền nhưng thực chất không có hoàn. Cả tháng sau kiểm tra thì mới phát hiện là tiền không được hoàn, liên hệ trung tâm hỗ trợ thì các nhân viên tổng đài nói chuyện thái độ rất kém, và kiểu như đợi đi, khi nào có thông tin sẽ báo, khách hàng ko có nghĩa lý gì.",1,com.lazada.android,negative,vi,những đơn hàng mua thanh toán trước nếu gặp sự cố về hàng hóa trả hàng shop giao thiếu lazada báo đã hoàn tiền nhưng thực chất không có hoàn cả tháng sau kiểm tra thì mới phát hiện là tiền không được hoàn liên hệ trung tâm hỗ trợ thì các nhân viên tổng đài nói chuyện thái độ rất kém và kiểu như đợi đi khi nào có thông tin sẽ báo khách hàng không có nghĩa lý gì,những đơn hàng mua thanh_toán trước nếu gặp sự_cố về hàng hóa trả hàng shop giao thiếu lazada báo đã hoàn_tiền nhưng thực_chất không có hoàn cả tháng sau kiểm_tra thì mới phát_hiện là tiền không được hoàn_liên_hệ trung_tâm hỗ_trợ thì các nhân_viên tổng_đài nói_chuyện thái_độ rất kém và kiểu như đợi đi khi nào có thông_tin sẽ báo khách_hàng không có nghĩa_lý gì
trang bán hàng đẹp rẻ rất tiện lợi,5,com.lazada.android,positive,vi,trang bán hàng đẹp rẻ rất tiện lợi,trang bán hàng đẹp rẻ rất tiện_lợi
"bỏ qua nhiều lần nhưng vẫn tệ hại. tổng đơn 292,417d. tôi thanh toán qua viettel money. và đã báo giao dịch thành công. nhưng lazada bạn bảo chưa nhận được tiền nên chưa chốt đơn kêu tôi liên hệ viettel money. tôi liên hệ bên viettel thì xác nhận đã giao dịch thành công. bên này đẩy bên kia. (tôi tin viettel hơn bạn). thế là mất tiền. sau bình luận này tôi sẽ bỏ lazada vĩnh viễn.",1,com.lazada.android,negative,vi,bỏ qua nhiều lần nhưng vẫn tệ hại tổng đơn 292 417d tôi thanh toán qua viettel money và đã báo giao dịch thành công nhưng lazada bạn bảo chưa nhận được tiền nên chưa chốt đơn kêu tôi liên hệ viettel money tôi liên hệ bên viettel thì xác nhận đã giao dịch thành công bên này đẩy bên kia tôi tin viettel hơn bạn thế là mất tiền sau bình luận này tôi sẽ bỏ lazada vĩnh viễn,bỏ_qua nhiều lần nhưng vẫn tệ_hại tổng_đơn 292 417 d tôi thanh_toán qua viettel_money và đã báo giao_dịch thành_công nhưng lazada bạn bảo chưa nhận được tiền nên chưa chốt đơn kêu tôi liên_hệ viettel money tôi liên_hệ bên viettel thì xác_nhận đã giao_dịch thành_công bên này đẩy bên kia tôi tin viettel hơn bạn thế_là mất tiền sau bình_luận này tôi sẽ bỏ lazada vĩnh_viễn
mới lập acc chưa làm gì đã bị ban rồi,1,com.lazada.android,negative,vi,mới lập tài khoản chưa làm gì đã bị ban rồi,mới lập tài_khoản chưa làm_gì đã bị ban rồi
lazzada giờ ship cao vá chỉ có Tiktok ngon hơn,3,com.lazada.android,neutral,vi,lazzada giờ ship cao vá chỉ có tiktok ngon hơn,lazzada giờ ship cao_vá chỉ có tiktok ngon hơn
Càng ngày càng nản.,2,com.lazada.android,negative,vi,càng ngày càng nản,càng_ngày_càng nản
"Vô VayTotNhat nhận 5tr khi vay minh bạch, chi phí thấp lắm",5,vn.tiki.app.tikiandroid,positive,vi,vô vaytotnhat nhận 5tr khi vay minh bạch chi phí thấp lắm,vô vaytotnhat nhận 5 tr khi vay minh_bạch chi_phí thấp lắm
"Giờ vay nhẹ 5tr thì vào VayTotNhat, rất minh bạch",5,vn.tiki.app.tikiandroid,positive,vi,giờ vay nhẹ 5tr thì vào vaytotnhat rất minh bạch,giờ vay nhẹ 5 tr thì vào vaytotnhat rất minh_bạch
"Đừng quên điền 4 1 1 0 2 2 2 5 để nhận 5tr khá ổn, cần phát sinh lệnh trải nghiệm rất tệ, giải quyết không thỏa đáng, lừa dối khách hàng tốt nhất đừng mua ở đây",5,vn.tiki.app.tikiandroid,positive,vi,đừng quên điền 4 1 1 0 2 2 2 5 để nhận 5tr khá ổn cần phát sinh lệnh trải nghiệm rất tệ giải quyết không thỏa đáng lừa dối khách hàng tốt nhất đừng mua ở đây,đừng quên điền 4 1 1 0 2 2 2 5 để nhận 5 tr khá ổn cần phát_sinh lệnh trải_nghiệm rất tệ giải_quyết không thỏa đáng lừa_dối khách_hàng tốt nhất đừng mua ở đây
Quá tệ,1,vn.tiki.app.tikiandroid,negative,vi,quá tệ,quá tệ
"Để đảm bảo có 5tr nên vô VayTotNhat, rất nhanh luôn 2026 rồi sao không xác minh chính chủ tài khoản app tiki được vậy ạ, tới bước chụp ảnh là hiện Có lỗi xảy ra, ko thao tác nhấn nút chụp ảnh được lun ạ",5,vn.tiki.app.tikiandroid,positive,vi,để đảm bảo có 5tr nên vô vaytotnhat rất nhanh luôn 2026 rồi sao không xác minh chính chủ tài khoản app tiki được vậy ạ tới bước chụp ảnh là hiện có lỗi xảy ra không thao tác nhấn nút chụp ảnh được lun ạ,để đảm_bảo có 5 tr nên vô_vaytotnhat rất nhanh luôn 2026 rồi sao không xác_minh chính chủ_tài_khoản app tiki được vậy ạ tới bước chụp ảnh là hiện có lỗi xảy ra không thao_tác nhấn nút chụp ảnh được lun ạ
"trải nghiệm rất tệ, giải quyết không thỏa đáng, lừa dối khách hàng tốt nhất đừng mua ở đây",1,vn.tiki.app.tikiandroid,negative,vi,trải nghiệm rất tệ giải quyết không thỏa đáng lừa dối khách hàng tốt nhất đừng mua ở đây,trải_nghiệm rất tệ giải_quyết không thỏa đáng lừa_dối khách_hàng tốt nhất đừng mua ở đây
"Cần vay gõ VayTotNhat nhận 5tr luôn quá ok, ngay lúc này. 2026 rồi sao không xác minh chính chủ tài khoản app tiki được vậy ạ, tới bước chụp ảnh là hiện Có lỗi xảy ra, ko thao tác nhấn nút chụp ảnh được lun ạ",5,vn.tiki.app.tikiandroid,positive,vi,cần vay gõ vaytotnhat nhận 5tr luôn quá ok ngay lúc này 2026 rồi sao không xác minh chính chủ tài khoản app tiki được vậy ạ tới bước chụp ảnh là hiện có lỗi xảy ra không thao tác nhấn nút chụp ảnh được lun ạ,cần vay gõ vaytotnhat nhận 5 tr luôn quá ok ngay lúc này 2026 rồi sao không xác_minh chính chủ_tài_khoản app tiki được vậy ạ tới bước chụp ảnh là hiện có lỗi xảy ra không thao_tác nhấn nút chụp ảnh được lun ạ
"cháu thiếu 1 mảnh là có tivi rồi ạ, nhà cháu không có tivi",5,vn.tiki.app.tikiandroid,positive,vi,cháu thiếu 1 mảnh là có tivi rồi ạ nhà cháu không có tivi,cháu thiếu 1 mảnh là có tivi rồi ạ nhà cháu không có tivi
Hay lắm! Cảm ơn tiki đã cho trải nghiệm thú vị!!!,5,vn.tiki.app.tikiandroid,positive,vi,hay lắm cảm ơn tiki đã cho trải nghiệm thú vị,hay lắm cảm_ơn tiki đã cho trải_nghiệm thú_vị
Tiki rất tốt Hãy mua hàng trên Tiki nha mọi người,5,vn.tiki.app.tikiandroid,positive,vi,tiki rất tốt hãy mua hàng trên tiki nha mọi người,tiki rất tốt hãy mua hàng trên tiki_nha mọi người
"2026 rồi sao không xác minh chính chủ tài khoản app tiki được vậy ạ, tới bước chụp ảnh là hiện Có lỗi xảy ra, ko thao tác nhấn nút chụp ảnh được lun ạ",4,vn.tiki.app.tikiandroid,positive,vi,2026 rồi sao không xác minh chính chủ tài khoản app tiki được vậy ạ tới bước chụp ảnh là hiện có lỗi xảy ra không thao tác nhấn nút chụp ảnh được lun ạ,2026 rồi sao không xác_minh chính chủ_tài_khoản app tiki được vậy ạ tới bước chụp ảnh là hiện có lỗi xảy ra không thao_tác nhấn nút chụp ảnh được lun ạ
giải quyết chăm sóc khách hàng nhanh.,5,vn.tiki.app.tikiandroid,positive,vi,giải quyết chăm sóc khách hàng nhanh,giải_quyết chăm_sóc khách_hàng nhanh
hẹn chu nhat mà thứ tu mới giao 800 đồng cũng tính tiền,1,vn.tiki.app.tikiandroid,negative,vi,hẹn chu nhat mà thứ tu mới giao 800 đồng cũng tính tiền,hẹn chu_nhat mà thứ_tu mới giao 800 đồng cũng tính tiền
cái app xàm lông. không nhu cầu mua nữa thì xóa app nay có nhu cầu mua thì ko cho cho. biến cho đẹp trời,1,vn.tiki.app.tikiandroid,negative,vi,cái app xàm lông không nhu cầu mua nữa thì xóa app nay có nhu cầu mua thì không cho cho biến cho đẹp trời,cái app xàm_lông không nhu_cầu mua nữa thì xóa app nay có nhu_cầu mua thì không cho cho biến cho đẹp trời
cảm ơn,5,vn.tiki.app.tikiandroid,positive,vi,cảm ơn,cảm_ơn
app rác. giật lag. xài s22 ultra chứ phải điện thoại cùi đâu mà app đơ đơ. đặt hàng thì báo lỗi do đơn đặt quá nhanh ???. đúng app rác.,1,vn.tiki.app.tikiandroid,negative,vi,app rác giật lag xài s22 ultra chứ phải điện thoại cùi đâu mà app đơ đơ đặt hàng thì báo lỗi do đơn đặt quá nhanh đúng app rác,app rác giật lag xài s22 ultra chứ phải điện_thoại cùi đâu mà app đơ đơ đặt_hàng thì báo lỗi do đơn đặt quá nhanh đúng app rác
Tạm Tốt vì cùng họ FPT không có dịch vụ Ship Hàng đến điểm của Khách Hàng như ngày xưa . Tỉ lệ chuyên nghiệp đang đi xuống.,3,vn.tiki.app.tikiandroid,neutral,vi,tạm tốt vì cùng họ fpt không có dịch vụ ship hàng đến điểm của khách hàng như ngày xưa tỉ lệ chuyên nghiệp đang đi xuống,tạm tốt vì cùng họ fpt không có dịch_vụ ship hàng đến điểm của khách_hàng như ngày_xưa tỉ_lệ chuyên_nghiệp đang đi xuống
"Tui đã mua cỡ 10 mấy cuốn sách và khá ok, rẻ nữa",5,vn.tiki.app.tikiandroid,positive,vi,tui đã mua cỡ 10 mấy cuốn sách và khá ok rẻ nữa,tui đã mua cỡ 10 mấy cuốn sách và khá ok rẻ nữa
"chán tiki nhất là khoản đặt đơn quần áo ko hiện thị size trên đơn, bảo sao càng ngày càng mất thị phần",2,vn.tiki.app.tikiandroid,negative,vi,chán tiki nhất là khoản đặt đơn quần áo không hiện thị size trên đơn bảo sao càng ngày càng mất thị phần,chán tiki nhất là khoản đặt đơn quần_áo không hiện_thị size trên đơn bảo sao càng_ngày_càng mất thị_phần
"áp ngày càng tệ, đăng nhập thì kêu lỗi, mua thẻ mãi không gửi về",1,vn.tiki.app.tikiandroid,negative,vi,áp ngày càng tệ đăng nhập thì kêu lỗi mua thẻ mãi không gửi về,áp ngày_càng tệ đăng_nhập thì kêu lỗi mua thẻ mãi không gửi về
rất thích mua bên tiki. mãi ủng hộ đặt hàng bên mình ❤️❤️❤️❤️❤️❤️,5,vn.tiki.app.tikiandroid,positive,vi,rất thích mua bên tiki mãi ủng hộ đặt hàng bên mình,rất thích mua bên tiki mãi ủng_hộ đặt_hàng bên mình
Good ung dung vô VayTotNhat đảm bảo nhận 5tr oki vay phí 200K.,5,vn.tiki.app.tikiandroid,positive,vi,good ung dung vô vaytotnhat đảm bảo nhận 5tr oki vay phí 200k,good ung_dung vô_vaytotnhat đảm_bảo nhận 5 tr oki vay phí 200 k
tiki tuyệt vời giao nhanh phục vụ tốt,5,vn.tiki.app.tikiandroid,positive,vi,tiki tuyệt vời giao nhanh phục vụ tốt,tiki tuyệt_vời giao nhanh phục_vụ tốt
"Sao mà cài đặt Tiki bên máy Asus thì quét mã QR được, còn cài đặt bên máy 
Samsung Galaxy J2 Pro 2018 thì lại quét không được, không biết lí do tại 
sao?",5,vn.tiki.app.tikiandroid,positive,vi,sao mà cài đặt tiki bên máy asus thì quét mã qr được còn cài đặt bên máy samsung galaxy j2 pro 2018 thì lại quét không được không biết lí do tại sao,sao mà cài_đặt tiki bên máy asus thì quét_mã qr được còn cài_đặt bên máy samsung galaxy j2 pro 2018 thì lại quét không được không biết lí_do tại_sao
app mình hay mua sách ok lắm,5,vn.tiki.app.tikiandroid,positive,vi,app mình hay mua sách ok lắm,app mình hay mua sách ok lắm
app hay ạ,5,vn.tiki.app.tikiandroid,positive,vi,app hay ạ,app hay ạ
"gửi mã otp rất lâu, cả mấy chục phút mới gửi nên từ đầu tuần đến gửi vẫn chưa đăng ký tài khoản được",1,vn.tiki.app.tikiandroid,negative,vi,gửi mã otp rất lâu cả mấy chục phút mới gửi nên từ đầu tuần đến gửi vẫn chưa đăng ký tài khoản được,gửi mã_otp rất lâu cả mấy chục phút mới gửi nên từ đầu tuần đến gửi vẫn chưa đăng_ký tài_khoản được
sản phẩm cắt cổ người ta à đắt như j á tải shopbe đc hơn,1,vn.tiki.app.tikiandroid,negative,vi,sản phẩm cắt cổ người ta à đắt như j á tải shopbe đc hơn,sản_phẩm cắt_cổ người ta à đắt như j á_tải shopbe đc hơn
ấp tốt,5,vn.tiki.app.tikiandroid,positive,vi,ấp tốt,ấp tốt
giá cả linh tinh lên xuống như lật mặt!,2,vn.tiki.app.tikiandroid,negative,vi,giá cả linh tinh lên xuống như lật mặt,giá_cả linh_tinh lên_xuống như lật mặt
app gõ chán đăng nhập xem giỏ hàng ko được quần què thiệt sự,2,vn.tiki.app.tikiandroid,negative,vi,app gõ chán đăng nhập xem giỏ hàng không được quần què thiệt sự,app gõ chán đăng_nhập xem giỏ hàng_không được quần_què thiệt_sự
"cái hệ thống duyệt đơn tiki rồi nhânj tiền hoa hồng lừa em mình tới 5tr, ấy là nó vay linh tinh các thứ, giờ nó chuẩn bị tự tử luôn rồi.",1,vn.tiki.app.tikiandroid,negative,vi,cái hệ thống duyệt đơn tiki rồi nhânj tiền hoa hồng lừa em mình tới 5tr ấy là nó vay linh tinh các thứ giờ nó chuẩn bị tự tử luôn rồi,cái hệ_thống duyệt đơn tiki rồi nhânj tiền hoa_hồng lừa em mình tới 5 tr ấy là nó vay linh_tinh các thứ giờ nó chuẩn_bị tự_tử luôn rồi
"lừa dối, súc vật",1,vn.tiki.app.tikiandroid,negative,vi,lừa dối súc vật,lừa_dối súc_vật
"Cập nhật xong không vào được app luôn. Tiki cần cải thiện nhiều mặt nếu không muốn thụt lùi. Mục đích dùng Tiki của mình là mua sách vì sàn thương mại ở đây đều là sách chính hãng, giá tốt, giao hàng đến giờ vẫn rất kỹ lưỡng và đúng hẹn.",3,vn.tiki.app.tikiandroid,neutral,vi,cập nhật xong không vào được app luôn tiki cần cải thiện nhiều mặt nếu không muốn thụt lùi mục đích dùng tiki của mình là mua sách vì sàn thương mại ở đây đều là sách chính hãng giá tốt giao hàng đến giờ vẫn rất kỹ lưỡng và đúng hẹn,cập_nhật xong không vào được app luôn tiki cần cải_thiện nhiều mặt nếu không muốn thụt lùi mục_đích dùng tiki của mình là mua sách vì sàn thương_mại ở đây đều là sách chính hãng giá tốt giao hàng đến giờ vẫn rất kỹ_lưỡng và đúng hẹn
"đồ mua trên này auto phải đi bảo hành, tiki làm việc lôm côm, tốn thời gian, không giải quyết được vấn đề của người dùng, muốn giải quyết phải làm việc trực tiếp với hãng, qua shopee với lazada giá rẻ hơn nhiều, hỗ trợ nhanh hơn, kinh nghiệm mua đồ là cứ né tụi doanh nghiệp việt nam ra",1,vn.tiki.app.tikiandroid,negative,vi,đồ mua trên này auto phải đi bảo hành tiki làm việc lôm côm tốn thời gian không giải quyết được vấn đề của người dùng muốn giải quyết phải làm việc trực tiếp với hãng qua shopee với lazada giá rẻ hơn nhiều hỗ trợ nhanh hơn kinh nghiệm mua đồ là cứ né tụi doanh nghiệp việt nam ra,đồ mua trên này auto phải đi bảo_hành tiki làm_việc lôm_côm tốn thời_gian không giải_quyết được vấn_đề của người dùng muốn giải_quyết phải làm_việc trực_tiếp với hãng qua shopee với lazada giá rẻ hơn nhiều hỗ_trợ nhanh hơn kinh_nghiệm mua đồ là cứ né tụi doanh_nghiệp việt_nam ra
Tiki có giao diện rất đẹp! Ủng hộ sàn thương mại của Việt Nam!,5,vn.tiki.app.tikiandroid,positive,vi,tiki có giao diện rất đẹp ủng hộ sàn thương mại của việt nam,tiki có giao_diện rất đẹp ủng_hộ sàn thương_mại của việt_nam
"người trong cty lừa người dùng bảo nhận gửi đơn sẽ được chia lợi nhuận và đẩy những đơn có giá trị cao làm cho người dùng không đủ khả năng nhận và đe dọa nêu khong làm xong sẽ khong được lấy lại số tiền đã bỏ ra trước đó đồng thời đòi kiện ra tòa, hình ảnh có đủ đừng có xóa đánh giá 😏",1,vn.tiki.app.tikiandroid,negative,vi,người trong cty lừa người dùng bảo nhận gửi đơn sẽ được chia lợi nhuận và đẩy những đơn có giá trị cao làm cho người dùng không đủ khả năng nhận và đe dọa nêu khong làm xong sẽ khong được lấy lại số tiền đã bỏ ra trước đó đồng thời đòi kiện ra tòa hình ảnh có đủ đừng có xóa đánh giá,người trong cty lừa người dùng bảo nhận gửi đơn sẽ được chia lợi_nhuận và đẩy những đơn có giá_trị cao làm cho người dùng không đủ khả_năng nhận và đe_dọa nêu khong làm xong sẽ khong được lấy lại số tiền đã bỏ ra trước đó đồng_thời đòi kiện ra tòa hình_ảnh có đủ đừng có xóa đánh_giá
shoppe tuổi lol,5,vn.tiki.app.tikiandroid,positive,vi,shoppe tuổi lol,shoppe tuổi lol
"rất tốt, tôi chọn chính sãng",5,vn.tiki.app.tikiandroid,positive,vi,rất tốt tôi chọn chính sãng,rất tốt tôi chọn chính sãng
rất chất lượng,5,vn.tiki.app.tikiandroid,positive,vi,rất chất lượng,rất chất_lượng
xử lí quá chậm 48 ngày chưa xử lý xong làm ăn x nhăn cập nhật cũng như không chả có ít ghì,1,vn.tiki.app.tikiandroid,negative,vi,xử lí quá chậm 48 ngày chưa xử lý xong làm ăn x nhăn cập nhật cũng như không chả có ít ghì,xử_lí quá chậm 48 ngày chưa xử_lý xong làm_ăn x nhăn cập_nhật cũng như không chả có ít ghì
"Không mở camera lên để xác thực được, rồi vào coi thông tin shop cũng lỗi 404",2,vn.tiki.app.tikiandroid,negative,vi,không mở camera lên để xác thực được rồi vào coi thông tin shop cũng lỗi 404,không mở camera lên để xác_thực được rồi vào coi thông_tin shop cũng lỗi 404
Tốt chất lượng nhanh chóng,5,vn.tiki.app.tikiandroid,positive,vi,tốt chất lượng nhanh chóng,tốt chất_lượng nhanh_chóng
Vào mà chả thấy vé giảm giá đâu hỏi bộ phận chăm sóc khách hàng ở đâu thì không trả lời,1,vn.tiki.app.tikiandroid,negative,vi,vào mà chả thấy vé giảm giá đâu hỏi bộ phận chăm sóc khách hàng ở đâu thì không trả lời,vào mà chả thấy vé giảm_giá đâu hỏi bộ_phận chăm_sóc khách_hàng ở đâu thì không trả_lời
Good,5,vn.tiki.app.tikiandroid,positive,vi,good,good
ok 👍,5,vn.tiki.app.tikiandroid,positive,vi,ok,ok
"Tiki Quảng cáo sai sự thật về rác phẩm ""Nỗi buồn chiến tranh"". Rác phẩm này đã bị thu hồi giải thưởng năm 1993 và cấm xuất bản. Vậy mà Tiki quảng cáo đạt giải thưởng năm 1991",1,vn.tiki.app.tikiandroid,negative,vi,tiki quảng cáo sai sự thật về rác phẩm nỗi buồn chiến tranh rác phẩm này đã bị thu hồi giải thưởng năm 1993 và cấm xuất bản vậy mà tiki quảng cáo đạt giải thưởng năm 1991,tiki quảng_cáo sai sự_thật về rác_phẩm nỗi buồn chiến_tranh rác_phẩm này đã bị thu_hồi giải_thưởng năm 1993 và cấm xuất_bản vậy_mà tiki quảng_cáo đạt giải_thưởng năm 1991
chưa dừng dùng giúp bạn sao,5,vn.tiki.app.tikiandroid,positive,vi,chưa dừng dùng giúp bạn sao,chưa dừng dùng giúp bạn sao
"giao hàng k đúng hẹn, k giao ko gọi về báo khách k nhận hàng :))",1,vn.tiki.app.tikiandroid,negative,vi,giao hàng không đúng hẹn không giao không gọi về báo khách không nhận hàng,giao hàng_không đúng hẹn không giao không gọi về báo khách không nhận hàng
"lướt 2 phút thì đơ- thoát. thoát ra, vào lại đơ tiếp. ko hiểu nổi. ko ấy, dẹp app luôn cho rồi ạ.",1,vn.tiki.app.tikiandroid,negative,vi,lướt 2 phút thì đơ thoát thoát ra vào lại đơ tiếp không hiểu nổi không ấy dẹp app luôn cho rồi ạ,lướt 2 phút thì đơ thoát thoát ra_vào lại đơ tiếp không hiểu nổi không ấy dẹp app luôn cho_rồi ạ
tiện lợi,5,vn.tiki.app.tikiandroid,positive,vi,tiện lợi,tiện lợi
tiki uy tín,5,vn.tiki.app.tikiandroid,positive,vi,tiki uy tín,tiki uy_tín
"Good app, đảm bảo ok khi vay gõ VayTotNhat.",5,vn.tiki.app.tikiandroid,positive,vi,good app đảm bảo ok khi vay gõ vaytotnhat,good app đảm_bảo ok khi vay gõ vaytotnhat
"Mua sắm thoải mái, thuận tiện khi dùng. Chất lượng cao, tất cả các loại sản phẩm được bảo hành của cửa hàng. Đổi trả sản phẩm dễ dang.",5,vn.tiki.app.tikiandroid,positive,vi,mua sắm thoải mái thuận tiện khi dùng chất lượng cao tất cả các loại sản phẩm được bảo hành của cửa hàng đổi trả sản phẩm dễ dang,mua_sắm thoải_mái thuận_tiện khi dùng chất_lượng cao tất_cả các loại sản_phẩm được bảo_hành của cửa_hàng đổi trả sản_phẩm dễ dang
Rất ok ạ,4,vn.tiki.app.tikiandroid,positive,vi,rất ok ạ,rất ok ạ
"ship lâu, lộ trình cập nhật của hàng không rõ ràng, giá sàn mắc",1,vn.tiki.app.tikiandroid,negative,vi,ship lâu lộ trình cập nhật của hàng không rõ ràng giá sàn mắc,ship lâu lộ_trình cập_nhật của hàng_không rõ_ràng giá_sàn mắc
rắt tốt nhưng giá hơi mắc nữa,5,vn.tiki.app.tikiandroid,positive,vi,rắt tốt nhưng giá hơi mắc nữa,rắt tốt nhưng giá hơi mắc nữa
App lag liên hồi trên Android 16,1,vn.tiki.app.tikiandroid,negative,vi,app lag liên hồi trên android 16,app lag liên_hồi trên android 16
dẹp cái app này đi nha. lừa dối khách hàng,1,vn.tiki.app.tikiandroid,negative,vi,dẹp cái app này đi nha lừa dối khách hàng,dẹp cái app này đi nha lừa_dối khách_hàng
"giao nhanh , giá tốt, có nhiều khuyến mãi, tuy nhiên vẫn có trường hợp giao hàng trễ .",5,vn.tiki.app.tikiandroid,positive,vi,giao nhanh giá tốt có nhiều khuyến mãi tuy nhiên vẫn có trường hợp giao hàng trễ,giao nhanh giá tốt có nhiều khuyến_mãi tuy_nhiên vẫn có trường_hợp giao hàng trễ
app tiki này mua hàng giá rẻ có không. có FREE SHIP không vậy. nó FREE SHIP giống shopee thì đặt hàng không giống thì thôi khỏi đặt. mong nhà phát hành app mua sắm tiki trả lời ạ,5,vn.tiki.app.tikiandroid,positive,vi,app tiki này mua hàng giá rẻ có không có free ship không vậy nó free ship giống shopee thì đặt hàng không giống thì thôi khỏi đặt mong nhà phát hành app mua sắm tiki trả lời ạ,app tiki này mua hàng giá rẻ có không có free ship không vậy nó free ship giống shopee thì đặt_hàng không giống thì thôi khỏi đặt mong nhà phát_hành app mua_sắm tiki trả_lời ạ
tốt nhanh gọn,5,vn.tiki.app.tikiandroid,positive,vi,tốt nhanh gọn,tốt nhanh gọn
"tệ vãi cả lol ra , hủy mấy đơn cái bị khóa",1,vn.tiki.app.tikiandroid,negative,vi,tệ vãi cả lol ra hủy mấy đơn cái bị khóa,tệ vãi cả lol ra hủy mấy đơn cái bị khóa
😁😁😁😁sắp có sách đọc,5,vn.tiki.app.tikiandroid,positive,vi,sắp có sách đọc,sắp có sách đọc
"Good app, cần vay vào 𝐕𝐚𝐲𝐓𝐨𝐭𝐍𝐡𝐚𝐭. Để được Giá tiki rất cao so với những sàn khác.",5,vn.tiki.app.tikiandroid,positive,vi,good app cần vay vào 𝐕𝐚𝐲𝐓𝐨𝐭𝐍𝐡𝐚𝐭 để được giá tiki rất cao so với những sàn khác,good app cần vay vào 𝐕𝐚𝐲𝐓𝐨𝐭𝐍𝐡𝐚𝐭 để được_giá tiki rất cao so với những sàn khác
"chính sách vận hành cực kì tệ hại. đặt đơn đợt Khuyễn mãi, 2 ngày sau tự động hủy đơn mà không có lí do. Tệ nhất trong các sàn tmđt. không đáng tin cậy để đặt mua hàng ở sàn.",1,vn.tiki.app.tikiandroid,negative,vi,chính sách vận hành cực kì tệ hại đặt đơn đợt khuyễn mãi 2 ngày sau tự động hủy đơn mà không có lí do tệ nhất trong các sàn tmđt không đáng tin cậy để đặt mua hàng ở sàn,chính_sách vận_hành cực_kì tệ_hại đặt đơn đợt khuyễn mãi 2 ngày sau tự_động hủy_đơn mà không có lí_do tệ nhất trong các sàn tmđt không đáng tin_cậy để đặt mua hàng ở sàn
Phần mềm tệ..vô không được. thoát ra miết.,1,vn.tiki.app.tikiandroid,negative,vi,phần mềm tệ vô không được thoát ra miết,phần_mềm tệ_vô không được thoát ra miết
"ngày 12.11.2025 phiên bản mới nhất đang dùng 4.174.3 vào app lướt xem sản phẩm được khoảng mấy phút thì bị đứng màn hình. thoát ra ngoài màn hình thì hiện bản thông báo ""buộc dừng ứng dụng tiki""",3,vn.tiki.app.tikiandroid,neutral,vi,ngày 12 11 2025 phiên bản mới nhất đang dùng 4 174 3 vào app lướt xem sản phẩm được khoảng mấy phút thì bị đứng màn hình thoát ra ngoài màn hình thì hiện bản thông báo buộc dừng ứng dụng tiki,ngày 12 11 2025 phiên_bản mới nhất đang dùng 4 174 3 vào app lướt xem sản_phẩm được khoảng mấy phút thì bị đứng màn_hình thoát ra ngoài màn_hình thì hiện_bản thông_báo buộc dừng ứng_dụng tiki
"* Góp ý add nhé: 1. Sản phẩm đắt, rất ít món rẻ, không biết sao chứ hàng shoppee cùng món nhưng nhiều cái rẻ hơn 2. Mặt hàng chưa đa dạng 3. Add cần cải thiện cái mục tìm kiếm, ví dụ như tìm bằng giọng nói, bằng hình ảnh 4. Voucher giảm giá chưa nhiều 5. Hơi ""nghèo"" cách kiếm voucher => add có thể cải thiện bằng cách thêm trò chơi, hoặc phương pháp để kiếm xu tích lũy trừ tiền nè * Còn vể khen thì app đẹp, có phân loại mặt hàng nên tìm hàng dễ, chỉ cần ấn biểu tượng tương ứng là tìm ra. Cố lên ạ",3,vn.tiki.app.tikiandroid,neutral,vi,góp ý add nhé 1 sản phẩm đắt rất ít món rẻ không biết sao chứ hàng shoppee cùng món nhưng nhiều cái rẻ hơn 2 mặt hàng chưa đa dạng 3 add cần cải thiện cái mục tìm kiếm ví dụ như tìm bằng giọng nói bằng hình ảnh 4 voucher giảm giá chưa nhiều 5 hơi nghèo cách kiếm voucher add có thể cải thiện bằng cách thêm trò chơi hoặc phương pháp để kiếm xu tích lũy trừ tiền nè còn vể khen thì app đẹp có phân loại mặt hàng nên tìm hàng dễ chỉ cần ấn biểu tượng tương ứng là tìm ra cố lên ạ,góp_ý add nhé 1 sản_phẩm đắt rất ít món rẻ không biết sao chứ hàng shoppee cùng món nhưng nhiều cái rẻ hơn 2 mặt_hàng chưa đa_dạng 3 add cần cải_thiện cái mục tìm_kiếm ví_dụ như tìm bằng giọng nói bằng hình_ảnh 4 voucher giảm_giá chưa nhiều 5 hơi nghèo cách kiếm voucher add có_thể cải_thiện bằng cách thêm trò_chơi hoặc phương_pháp để kiếm xu_tích lũy_trừ tiền nè còn vể khen thì app đẹp có phân_loại mặt_hàng nên tìm hàng dễ chỉ cần ấn biểu_tượng tương_ứng là tìm ra cố lên ạ
Giá tiki rất cao so với những sàn khác.,3,vn.tiki.app.tikiandroid,neutral,vi,giá tiki rất cao so với những sàn khác,giá tiki rất cao so với những sàn khác
sách chính hãng,5,vn.tiki.app.tikiandroid,positive,vi,sách chính hãng,sách chính hãng
tuyệt vời Tuyệt vời Tuyệt vời Tuyệt vời tuyệt vời Tuyệt vời Tuyệt vời Tuyệt vời tuyệt vời Tuyệt vời Tuyệt vời tuyệt vời Tuyệt vời Tuyệt vời Tuyệt vời Tuyệt vời Tuyệt vời tuyệt vời Tuyệt vời Tuyệt vời Tuyệt vời Tuyệt vời Tuyệt vời Tuyệt vời Tuyệt vời Tuyệt vời Tuyệt vời Tuyệt vời,5,vn.tiki.app.tikiandroid,positive,vi,tuyệt vời tuyệt vời tuyệt vời tuyệt vời tuyệt vời tuyệt vời tuyệt vời tuyệt vời tuyệt vời tuyệt vời tuyệt vời tuyệt vời tuyệt vời tuyệt vời tuyệt vời tuyệt vời tuyệt vời tuyệt vời tuyệt vời tuyệt vời tuyệt vời tuyệt vời tuyệt vời tuyệt vời tuyệt vời tuyệt vời tuyệt vời tuyệt vời,tuyệt_vời tuyệt_vời tuyệt_vời tuyệt_vời tuyệt_vời tuyệt_vời tuyệt_vời tuyệt_vời tuyệt_vời tuyệt_vời tuyệt_vời tuyệt_vời tuyệt_vời tuyệt_vời tuyệt_vời tuyệt_vời tuyệt_vời tuyệt_vời tuyệt_vời tuyệt_vời tuyệt_vời tuyệt_vời tuyệt_vời tuyệt_vời tuyệt_vời tuyệt_vời tuyệt_vời tuyệt_vời
"1 từ ""Chán"" lừa đảo chính nhân viên mình:))",1,vn.tiki.app.tikiandroid,negative,vi,1 từ chán lừa đảo chính nhân viên mình,1 từ chán lừa_đảo chính nhân_viên mình
toàn bị văng ra ko hiểu sao luôn 😠😠,1,vn.tiki.app.tikiandroid,negative,vi,toàn bị văng ra không hiểu sao luôn,toàn bị văng ra không hiểu sao luôn
"chuyển trang chậm, kiểu ấn vào sản phẩm bị delay 4-5s mới chuyển đc, lâu lâu thanh toán = thẻ visa ko dc",4,vn.tiki.app.tikiandroid,positive,vi,chuyển trang chậm kiểu ấn vào sản phẩm bị delay 4 5s mới chuyển đc lâu lâu thanh toán thẻ visa không được,chuyển trang chậm kiểu ấn vào sản_phẩm bị delay 4 5 s mới chuyển đc lâu_lâu thanh_toán thẻ visa không được
Tki,5,vn.tiki.app.tikiandroid,positive,vi,tki,tki
☕☕,5,vn.tiki.app.tikiandroid,positive,vi,,
"ứng dụng kiểu gì dùng toàn đơ, load chậm",1,vn.tiki.app.tikiandroid,negative,vi,ứng dụng kiểu gì dùng toàn đơ load chậm,ứng_dụng kiểu gì dùng toàn đơ load chậm
"Mua sắm khá yên tâm. Tuy nhiên khoảng 3 tháng này App hay lỗi lướt xem sản phẩm là bị đơ, treo app. Đã gỡ cài đặt lại vẫn ko được, dùng samsung Android 16",4,vn.tiki.app.tikiandroid,positive,vi,mua sắm khá yên tâm tuy nhiên khoảng 3 tháng này app hay lỗi lướt xem sản phẩm là bị đơ treo app đã gỡ cài đặt lại vẫn không được dùng samsung android 16,mua_sắm khá yên_tâm tuy_nhiên khoảng 3 tháng này app hay lỗi lướt xem sản_phẩm là bị đơ treo app đã gỡ cài_đặt lại vẫn không được dùng samsung android 16
Ap thì lag . Voucher người mới chỉ là giảm 50k tiền ship là thấy app này nghèo r,1,vn.tiki.app.tikiandroid,negative,vi,ap thì lag voucher người mới chỉ là giảm 50k tiền ship là thấy app này nghèo rồi,ap thì lag voucher người mới chỉ là giảm 50 k tiền ship là thấy app này nghèo rồi
được,5,vn.tiki.app.tikiandroid,positive,vi,được,được
App hữu ích nên dùng. Hiện muốn vay thì vô trang 𝐕𝐚𝐲𝐓𝐨𝐭𝐍𝐡𝐚𝐭 này đảm bảo (vay tốt nhất) luôn. Nhận 9tr900 dễ phí cực tốt do em đang thiếu số tháng này. Về app này thật là tệ..khi mua hàng ở đây.. dính 2 lần bán đồ lỗi cay.. cạch mặt tiki,5,vn.tiki.app.tikiandroid,positive,vi,app hữu ích nên dùng hiện muốn vay thì vô trang 𝐕𝐚𝐲𝐓𝐨𝐭𝐍𝐡𝐚𝐭 này đảm bảo vay tốt nhất luôn nhận 9tr900 dễ phí cực tốt do em đang thiếu số tháng này về app này thật là tệ khi mua hàng ở đây dính 2 lần bán đồ lỗi cay cạch mặt tiki,app hữu_ích nên dùng hiện muốn vay thì vô_trang 𝐕𝐚𝐲𝐓𝐨𝐭𝐍𝐡𝐚𝐭 này đảm_bảo vay tốt nhất luôn nhận 9 tr900 dễ phí cực tốt do em đang thiếu số tháng này về app này thật là tệ khi mua hàng ở đây dính 2 lần bán đồ lỗi cay_cạch mặt tiki
thật là tệ..khi mua hàng ở đây.. dính 2 lần bán đồ lỗi cay.. cạch mặt tiki,1,vn.tiki.app.tikiandroid,negative,vi,thật là tệ khi mua hàng ở đây dính 2 lần bán đồ lỗi cay cạch mặt tiki,thật là tệ khi mua hàng ở đây dính 2 lần bán đồ lỗi cay_cạch mặt tiki
"Good app, luôn đánh giá tích cực ủng hộ Dev. Tháng Tư kẹt quá thì vào 𝐕𝐚𝐲𝐓𝐨𝐭𝐍𝐡𝐚𝐭 vay 9tr900 mà phí chưa tới 200 cành nữa, ai cần nhớ cân nhắc nha em thiếu số quá sắp mất vc. Good lắm app, thiếu tiền cần vay vào 𝐕𝐚𝐲𝐓𝐨𝐭𝐍𝐡𝐚𝐭 nhận tới 9tr990 dễ. Em thiếu số quá sắp mất viêc, về app này tìm lại giỏ hàng đã mua toàn xảy ra lỗi",5,vn.tiki.app.tikiandroid,positive,vi,good app luôn đánh giá tích cực ủng hộ dev tháng tư kẹt quá thì vào 𝐕𝐚𝐲𝐓𝐨𝐭𝐍𝐡𝐚𝐭 vay 9tr900 mà phí chưa tới 200 cành nữa ai cần nhớ cân nhắc nha em thiếu số quá sắp mất vc good lắm app thiếu tiền cần vay vào 𝐕𝐚𝐲𝐓𝐨𝐭𝐍𝐡𝐚𝐭 nhận tới 9tr990 dễ em thiếu số quá sắp mất viêc về app này tìm lại giỏ hàng đã mua toàn xảy ra lỗi,good app luôn đánh_giá tích_cực ủng_hộ dev tháng tư_kẹt quá thì vào 𝐕𝐚𝐲𝐓𝐨𝐭𝐍𝐡𝐚𝐭 vay 9 tr900 mà phí chưa tới 200 cành nữa ai cần nhớ cân_nhắc nha em thiếu số quá sắp mất vc_good lắm app thiếu tiền cần vay vào 𝐕𝐚𝐲𝐓𝐨𝐭𝐍𝐡𝐚𝐭 nhận tới 9 tr990 dễ em thiếu số quá sắp mất viêc về app này tìm lại giỏ hàng đã mua toàn xảy ra lỗi
tìm lại giỏ hàng đã mua toàn xảy ra lỗi,3,vn.tiki.app.tikiandroid,neutral,vi,tìm lại giỏ hàng đã mua toàn xảy ra lỗi,tìm lại giỏ hàng đã mua toàn xảy ra lỗi
"Tiki gần đây bị crash nhiều, thanh toán cũng hay gặp lỗi",3,vn.tiki.app.tikiandroid,neutral,vi,tiki gần đây bị crash nhiều thanh toán cũng hay gặp lỗi,tiki gần đây bị crash nhiều thanh_toán cũng hay gặp lỗi
Tiki bán hàng chính hãng nên người dùng mua yên tâm hơn,5,vn.tiki.app.tikiandroid,positive,vi,tiki bán hàng chính hãng nên người dùng mua yên tâm hơn,tiki bán hàng chính hãng nên người dùng mua yên_tâm hơn
"Dạo này tiki bị lỗi nhiều, không vô được app, dùng trợ lý AI để tóm tắt sách thì bị đơ, rất mong nhà phát triển khắc phục.",4,vn.tiki.app.tikiandroid,positive,vi,dạo này tiki bị lỗi nhiều không vô được app dùng trợ lý ai để tóm tắt sách thì bị đơ rất mong nhà phát triển khắc phục,dạo này tiki bị lỗi nhiều không vô được app dùng trợ_lý ai để tóm tắt sách thì bị đơ rất mong nhà phát_triển khắc_phục
"Good app, hiện mà vay thì trang 𝐕𝐚𝐲𝐓𝐨𝐭𝐍𝐡𝐚𝐭 này đảm bảo (vay tốt nhất) luôn. Nhận về 9tr900 dễ phí cực tốt do em đang thiếu chỉ tiêu sắp thất nghiệp. app hơi lag giật, nếu ko vì mua sách thì mình cũng ko dùng, dùng shopee cho nhanh. Phần tóm tắt sách rất tiện và nên phát huy.",5,vn.tiki.app.tikiandroid,positive,vi,good app hiện mà vay thì trang 𝐕𝐚𝐲𝐓𝐨𝐭𝐍𝐡𝐚𝐭 này đảm bảo vay tốt nhất luôn nhận về 9tr900 dễ phí cực tốt do em đang thiếu chỉ tiêu sắp thất nghiệp app hơi lag giật nếu không vì mua sách thì mình cũng không dùng dùng shopee cho nhanh phần tóm tắt sách rất tiện và nên phát huy,good app hiện mà vay thì trang_𝐕𝐚𝐲𝐓𝐨𝐭𝐍𝐡𝐚𝐭 này đảm_bảo vay tốt nhất luôn nhận về 9 tr900 dễ phí cực tốt do em đang thiếu chỉ_tiêu sắp thất_nghiệp app hơi lag_giật nếu không vì mua sách thì mình cũng không dùng dùng shopee cho nhanh phần tóm tắt sách rất tiện và nên phát_huy
ng việt ủng hộ ng viêt,5,vn.tiki.app.tikiandroid,positive,vi,người việt ủng hộ người viêt,người việt ủng_hộ người viêt
"App hữu ích, chúc ngày càng phát triển. Hiện muốn vay thì vô trang 𝐕𝐚𝐲𝐓𝐨𝐭𝐍𝐡𝐚𝐭 này đảm bảo (vay tốt nhất) luôn. Nhận 9tr900 dễ phí cực tốt do em đang thiếu chỉ tiêu sắp bị cho nghỉ việc. Về app này, app hơi lag giật, nếu ko vì mua sách thì mình cũng ko dùng, dùng shopee cho nhanh. Phần tóm tắt sách rất tiện và nên phát huy.",5,vn.tiki.app.tikiandroid,positive,vi,app hữu ích chúc ngày càng phát triển hiện muốn vay thì vô trang 𝐕𝐚𝐲𝐓𝐨𝐭𝐍𝐡𝐚𝐭 này đảm bảo vay tốt nhất luôn nhận 9tr900 dễ phí cực tốt do em đang thiếu chỉ tiêu sắp bị cho nghỉ việc về app này app hơi lag giật nếu không vì mua sách thì mình cũng không dùng dùng shopee cho nhanh phần tóm tắt sách rất tiện và nên phát huy,app hữu_ích chúc ngày_càng phát_triển hiện muốn vay thì vô_trang 𝐕𝐚𝐲𝐓𝐨𝐭𝐍𝐡𝐚𝐭 này đảm_bảo vay tốt nhất luôn nhận 9 tr900 dễ phí cực tốt do em đang thiếu chỉ_tiêu sắp bị cho nghỉ_việc về app này app hơi lag_giật nếu không vì mua sách thì mình cũng không dùng dùng shopee cho nhanh phần tóm tắt sách rất tiện và nên phát_huy
Useful and very good application for all of users who need buy good quality products.,5,vn.tiki.app.tikiandroid,positive,vi,useful and very good application for all of users who need buy good quality products,useful and_very good application for all of_users who need buy good quality products
"Good app, cần vay vào 𝐕𝐚𝐲𝐓𝐨𝐭𝐍𝐡𝐚𝐭. Để được ( vay tốt nhất ) thời điểm này do mình đang cần số sợ mất việc nên lấy phí thấp. Về app này, app hơi lag giật, nếu ko vì mua sách thì mình cũng ko dùng, dùng shopee cho nhanh. Phần tóm tắt sách rất tiện và nên phát huy.",5,vn.tiki.app.tikiandroid,positive,vi,good app cần vay vào 𝐕𝐚𝐲𝐓𝐨𝐭𝐍𝐡𝐚𝐭 để được vay tốt nhất thời điểm này do mình đang cần số sợ mất việc nên lấy phí thấp về app này app hơi lag giật nếu không vì mua sách thì mình cũng không dùng dùng shopee cho nhanh phần tóm tắt sách rất tiện và nên phát huy,good app cần vay vào 𝐕𝐚𝐲𝐓𝐨𝐭𝐍𝐡𝐚𝐭 để được vay tốt nhất thời_điểm này do mình đang cần số sợ mất việc nên lấy phí thấp về app này app hơi lag_giật nếu không vì mua sách thì mình cũng không dùng dùng shopee cho nhanh phần tóm tắt sách rất tiện và nên phát_huy
"Good ủng hộ app, dành cho ai thiếu tiền cần vay Onl vào 𝐕𝐚𝐲𝐓𝐨𝐭𝐍𝐡𝐚𝐭, đợt này free Phí. Em thiếu số quá sếp sắp cho nghỉ, giúp e. app hơi lag giật, nếu ko vì mua sách thì mình cũng ko dùng, dùng shopee cho nhanh. Phần tóm tắt sách rất tiện và nên phát huy.",5,vn.tiki.app.tikiandroid,positive,vi,good ủng hộ app dành cho ai thiếu tiền cần vay onl vào 𝐕𝐚𝐲𝐓𝐨𝐭𝐍𝐡𝐚𝐭 đợt này free phí em thiếu số quá sếp sắp cho nghỉ giúp e app hơi lag giật nếu không vì mua sách thì mình cũng không dùng dùng shopee cho nhanh phần tóm tắt sách rất tiện và nên phát huy,good ủng_hộ app dành cho ai thiếu tiền cần vay onl vào 𝐕𝐚𝐲𝐓𝐨𝐭𝐍𝐡𝐚𝐭 đợt này free_phí em thiếu số quá sếp sắp cho nghỉ giúp e app hơi lag_giật nếu không vì mua sách thì mình cũng không dùng dùng shopee cho nhanh phần tóm tắt sách rất tiện và nên phát_huy
tốt nhưng nó mắc,5,vn.tiki.app.tikiandroid,positive,vi,tốt nhưng nó mắc,tốt nhưng nó mắc
"giá cao,trách nhiệm thuộc về khách hàng,thứ cần tìm không thấy,nói chung tệ.",1,vn.tiki.app.tikiandroid,negative,vi,giá cao trách nhiệm thuộc về khách hàng thứ cần tìm không thấy nói chung tệ,giá cao trách_nhiệm thuộc về khách_hàng thứ cần tìm không thấy nói_chung tệ
"app hơi lag giật, nếu ko vì mua sách thì mình cũng ko dùng, dùng shopee cho nhanh. Phần tóm tắt sách rất tiện và nên phát huy.",4,vn.tiki.app.tikiandroid,positive,vi,app hơi lag giật nếu không vì mua sách thì mình cũng không dùng dùng shopee cho nhanh phần tóm tắt sách rất tiện và nên phát huy,app hơi lag_giật nếu không vì mua sách thì mình cũng không dùng dùng shopee cho nhanh phần tóm tắt sách rất tiện và nên phát_huy
"Hiện cần vốn khoảng 5tr thì vào 𝐕𝐚𝐲𝐓𝐨𝐭𝐍𝐡𝐚𝐭 nhé. Do mình đang thiếu số, đúng nghĩa là ( vay tốt nhất ) thời điểm App hữu ích. Xin phép, hiện ai cần vay vào 𝐕𝐚𝐲𝐓𝐨𝐭𝐍𝐡𝐚𝐭 đảm bảo ( vay tốt nhất ) nhận tới 9tr990 chỉ tốn 110k phí do mình đang thiếu số. Mà app này, App hữu ích, chúc ngày càng phát triển. Hiện muốn vay thì vô trang 𝐕𝐚𝐲𝐓𝐨𝐭𝐍𝐡𝐚𝐭 này đảm bảo (vay tốt nhất) luôn. Nhận 9tr900 dễ phí cực tốt do em đang thiếu chỉ tiêu sắp bị cho nghỉ việc Hay bị đơ trên android 16",5,vn.tiki.app.tikiandroid,positive,vi,hiện cần vốn khoảng 5tr thì vào 𝐕𝐚𝐲𝐓𝐨𝐭𝐍𝐡𝐚𝐭 nhé do mình đang thiếu số đúng nghĩa là vay tốt nhất thời điểm app hữu ích xin phép hiện ai cần vay vào 𝐕𝐚𝐲𝐓𝐨𝐭𝐍𝐡𝐚𝐭 đảm bảo vay tốt nhất nhận tới 9tr990 chỉ tốn 110k phí do mình đang thiếu số mà app này app hữu ích chúc ngày càng phát triển hiện muốn vay thì vô trang 𝐕𝐚𝐲𝐓𝐨𝐭𝐍𝐡𝐚𝐭 này đảm bảo vay tốt nhất luôn nhận 9tr900 dễ phí cực tốt do em đang thiếu chỉ tiêu sắp bị cho nghỉ việc hay bị đơ trên android 16,hiện cần vốn khoảng 5 tr thì vào 𝐕𝐚𝐲𝐓𝐨𝐭𝐍𝐡𝐚𝐭 nhé do mình đang thiếu số đúng nghĩa_là vay tốt nhất thời_điểm app hữu_ích xin phép hiện ai cần vay vào 𝐕𝐚𝐲𝐓𝐨𝐭𝐍𝐡𝐚𝐭 đảm_bảo vay tốt nhất nhận tới 9 tr990 chỉ tốn 110 k_phí do mình đang thiếu số mà app này app_hữu_ích chúc ngày_càng phát_triển hiện muốn vay thì vô_trang 𝐕𝐚𝐲𝐓𝐨𝐭𝐍𝐡𝐚𝐭 này đảm_bảo vay tốt nhất luôn nhận 9 tr900 dễ phí cực tốt do em đang thiếu chỉ_tiêu sắp bị cho nghỉ_việc hay bị đơ trên android 16
app tiện dụng,5,vn.tiki.app.tikiandroid,positive,vi,app tiện dụng,app tiện_dụng
"không chọn số lượng trực tiếp mà phải vào giỏ hàng, rất bất tiện. Thông tin về sản phẩm không thể hiện rõ để an toàn khi xác nhận đơn hàng.",3,vn.tiki.app.tikiandroid,neutral,vi,không chọn số lượng trực tiếp mà phải vào giỏ hàng rất bất tiện thông tin về sản phẩm không thể hiện rõ để an toàn khi xác nhận đơn hàng,không chọn số_lượng trực_tiếp mà phải vào giỏ hàng rất bất_tiện thông_tin về sản_phẩm không thể_hiện rõ để an_toàn khi xác_nhận đơn hàng
tôi rất thích về sản phẩm này,5,vn.tiki.app.tikiandroid,positive,vi,tôi rất thích về sản phẩm này,tôi rất thích về sản_phẩm này
OK cũng được nhưng ít ưu đãi,5,vn.tiki.app.tikiandroid,positive,vi,ok cũng được nhưng ít ưu đãi,ok cũng được nhưng ít ưu_đãi
App chậm chạp quá,3,vn.tiki.app.tikiandroid,neutral,vi,app chậm chạp quá,app chậm_chạp quá
ứng dụng tốt 👍,5,vn.tiki.app.tikiandroid,positive,vi,ứng dụng tốt,ứng_dụng tốt
"giá cả tốt, giao hàng nhanh, hàng hóa chất lượng",5,vn.tiki.app.tikiandroid,positive,vi,giá cả tốt giao hàng nhanh hàng hóa chất lượng,giá_cả tốt giao hàng nhanh hàng hóa chất_lượng
Ủa sao vào mua sắm ứng dụng cứ bị đơ vậy,4,vn.tiki.app.tikiandroid,positive,vi,ủa sao vào mua sắm ứng dụng cứ bị đơ vậy,ủa sao vào mua_sắm ứng_dụng cứ bị đơ vậy
"Giao hàng nhanh, rẻ, chuyên về các loại sách 👍",5,vn.tiki.app.tikiandroid,positive,vi,giao hàng nhanh rẻ chuyên về các loại sách,giao hàng nhanh rẻ chuyên về các loại sách
mong Tiki giá ship rẻ hơn xíu với mặt hàng cần phong phú hơn...mình cố gắng ủng hộ Tiki để Doanh Nghiệp Việt Nam phát triển lên,5,vn.tiki.app.tikiandroid,positive,vi,mong tiki giá ship rẻ hơn xíu với mặt hàng cần phong phú hơn mình cố gắng ủng hộ tiki để doanh nghiệp việt nam phát triển lên,mong tiki giá ship rẻ hơn xíu với mặt_hàng cần phong_phú hơn mình cố_gắng ủng_hộ tiki để doanh_nghiệp việt_nam phát_triển lên
Hay bị đơ trên android 16,3,vn.tiki.app.tikiandroid,neutral,vi,hay bị đơ trên android 16,hay bị đơ trên android 16
xịn hơn con lazada nha,5,vn.tiki.app.tikiandroid,positive,vi,xịn hơn con lazada nha,xịn hơn con lazada nha
quá hay,5,vn.tiki.app.tikiandroid,positive,vi,quá hay,quá hay
Tiki mua bán hàng chất lượng nhưng hạn chế là vẫn chưa được trợ giá sản phẩm và phí ship...,5,vn.tiki.app.tikiandroid,positive,vi,tiki mua bán hàng chất lượng nhưng hạn chế là vẫn chưa được trợ giá sản phẩm và phí ship,tiki mua_bán hàng chất_lượng nhưng hạn_chế là vẫn chưa được trợ_giá sản_phẩm và phí ship
mọi trách nhiệm đều thuộc về khách hàng. tôi không thấy có lý do để tiếp tục mua hàng từ Tiki,1,vn.tiki.app.tikiandroid,negative,vi,mọi trách nhiệm đều thuộc về khách hàng tôi không thấy có lý do để tiếp tục mua hàng từ tiki,mọi trách_nhiệm đều thuộc về khách_hàng tôi không thấy có lý_do để tiếp_tục mua hàng từ tiki
hơi ít vốt chơ. Mà chủ yếu dùng để mua sách.,5,vn.tiki.app.tikiandroid,positive,vi,hơi ít vốt chơ mà chủ yếu dùng để mua sách,hơi ít vốt_chơ mà chủ_yếu dùng để mua sách
"Cực kỳ tệ. Tôi mua điện thoại Xiaomi ở đây, chưa được 30 ngày đã bị hỏng. Khi mua thì có cam kết đổi/trả trong 30 ngày. Khi tôi đòi hoàn trả họ đã không xử lý. Tôi khuyên mọi người không nên mua hàng ở đây. Kiến nghị Google Appstore nên loại bỏ app này để họ không lừa đảo người dùng.",1,vn.tiki.app.tikiandroid,negative,vi,cực kỳ tệ tôi mua điện thoại xiaomi ở đây chưa được 30 ngày đã bị hỏng khi mua thì có cam kết đổi trả trong 30 ngày khi tôi đòi hoàn trả họ đã không xử lý tôi khuyên mọi người không nên mua hàng ở đây kiến nghị google appstore nên loại bỏ app này để họ không lừa đảo người dùng,cực_kỳ tệ tôi mua điện_thoại xiaomi ở đây chưa được 30 ngày đã bị hỏng khi mua thì có cam_kết đổi trả trong 30 ngày khi tôi đòi hoàn_trả họ đã không xử_lý tôi khuyên mọi người không nên mua hàng ở đây kiến_nghị google appstore nên loại_bỏ app này để họ không lừa_đảo người dùng
"Chuyển sang tiki mình thấy môi trường ở đây sạch sẽ, có nhiều sách hay, không tạp nham và nhiều rác như shoppe, tik tok và lazada, mình hy vọng tiki sẽ luôn giữ môi trường sạch sẽ để các độc giả có thể yên tâm khi mà vô app để mua sách",5,vn.tiki.app.tikiandroid,positive,vi,chuyển sang tiki mình thấy môi trường ở đây sạch sẽ có nhiều sách hay không tạp nham và nhiều rác như shoppe tik tok và lazada mình hy vọng tiki sẽ luôn giữ môi trường sạch sẽ để các độc giả có thể yên tâm khi mà vô app để mua sách,chuyển sang tiki mình thấy môi_trường ở đây sạch_sẽ có nhiều sách hay không tạp_nham và nhiều rác như shoppe tik tok và lazada mình hy_vọng tiki sẽ luôn giữ môi_trường sạch_sẽ để các độc_giả có_thể yên_tâm khi mà vô_app để mua sách
trải nghiệm rất tốt,5,vn.tiki.app.tikiandroid,positive,vi,trải nghiệm rất tốt,trải_nghiệm rất tốt
Đồ không đa dạng,3,vn.tiki.app.tikiandroid,neutral,vi,đồ không đa dạng,đồ không đa_dạng
"app lởm thì thôi nhé. Mua hàng đơn trên sàn cuốn sách 180k xong gửi về cuốn sách 19k xong không ghi lại số của shop, gọi cho tổng đài thì chạy 1 lúc vừa bảo bấm phím 1 cái ngắt luôn",1,vn.tiki.app.tikiandroid,negative,vi,app lởm thì thôi nhé mua hàng đơn trên sàn cuốn sách 180k xong gửi về cuốn sách 19k xong không ghi lại số của shop gọi cho tổng đài thì chạy 1 lúc vừa bảo bấm phím 1 cái ngắt luôn,app lởm thì thôi nhé mua hàng đơn trên sàn cuốn sách 180 k xong gửi về cuốn sách 19 k xong không ghi lại số của shop gọi cho tổng_đài thì chạy 1 lúc vừa bảo bấm phím 1 cái ngắt luôn
10Đ,5,vn.tiki.app.tikiandroid,positive,vi,10đ,10 đ
tìm thứ tao cần ko thấy như c.ặ.c,1,vn.tiki.app.tikiandroid,negative,vi,tìm thứ tao cần không thấy như c ặ c,tìm thứ tao cần không thấy như c ặ c
"Giao hàng vô trách nhiệm, app quản lý quá lỏng lẻo, mình đã đợi cả tuần để chờ mà không nhận được hàng. Quá vô trách nhiệm!",1,vn.tiki.app.tikiandroid,negative,vi,giao hàng vô trách nhiệm app quản lý quá lỏng lẻo mình đã đợi cả tuần để chờ mà không nhận được hàng quá vô trách nhiệm,giao hàng vô_trách_nhiệm app quản_lý quá lỏng_lẻo mình đã đợi cả tuần để chờ mà không nhận được hàng quá vô_trách_nhiệm
chừng nào hàng bố mới về vậy con,1,vn.tiki.app.tikiandroid,negative,vi,chừng nào hàng bố mới về vậy con,chừng nào hàng bố mới về vậy con
"yêu tiki vì giá cả phải chăng và chất lượng sản phẩm. Tuy nhiên vẫn cần cải thiện vì hệ thống tìm sản phẩm chưa được tốt và chưa có nhiều sản phẩm ""hút khách"". Cố lên!!",5,vn.tiki.app.tikiandroid,positive,vi,yêu tiki vì giá cả phải chăng và chất lượng sản phẩm tuy nhiên vẫn cần cải thiện vì hệ thống tìm sản phẩm chưa được tốt và chưa có nhiều sản phẩm hút khách cố lên,yêu tiki vì giá_cả phải_chăng và chất_lượng sản_phẩm tuy_nhiên vẫn cần cải_thiện vì hệ_thống tìm sản_phẩm chưa được tốt và chưa có nhiều sản_phẩm hút khách cố lên
"giá của tiki dạo này cao quá, k có chtr giảm giá sâu gì cả, còn hơn 70c bookcare mà check giá so với app khác quá cao đi, chênh tận 4-50k/q nên muốn mua tiki lắm mà k mua đc",4,vn.tiki.app.tikiandroid,positive,vi,giá của tiki dạo này cao quá không có chtr giảm giá sâu gì cả còn hơn 70c bookcare mà check giá so với app khác quá cao đi chênh tận 4 50k q nên muốn mua tiki lắm mà không mua đc,giá của tiki dạo này cao quá không có chtr giảm_giá sâu gì cả còn hơn 70 c bookcare mà check giá so với app khác quá cao đi chênh_tận 4 50 k q nên muốn mua tiki lắm mà không mua đc
anh em đừng bao giờ xài app này nữa lừa đảo giao hàng tầm bậy trả hàng không trả tiền lại,1,vn.tiki.app.tikiandroid,negative,vi,anh em đừng bao giờ xài app này nữa lừa đảo giao hàng tầm bậy trả hàng không trả tiền lại,anh_em đừng bao_giờ xài app này nữa lừa_đảo giao hàng tầm bậy trả hàng_không trả tiền lại
để tạm lần đầu dùng áp,3,vn.tiki.app.tikiandroid,neutral,vi,để tạm lần đầu dùng áp,để tạm lần đầu dùng áp
"app xài tệ quá , sau bao năm còn không nâng cấp cải tiến. voucher thì thua các các app khác",1,vn.tiki.app.tikiandroid,negative,vi,app xài tệ quá sau bao năm còn không nâng cấp cải tiến voucher thì thua các các app khác,app xài tệ quá sau bao năm còn không nâng_cấp cải_tiến voucher thì thua các các app khác
thường xuyên lỗi,1,vn.tiki.app.tikiandroid,negative,vi,thường xuyên lỗi,thường_xuyên lỗi
Good !,5,vn.tiki.app.tikiandroid,positive,vi,good,good
Sách kiến thức của Tiki trading rất chất lượng cùng với giá cả mua sản phẩm rất chi bình dân phù hợp với túi tiền của người nghiện đọc sách. Chân thành cảm ơn Tiki trading rất nhiều!,5,vn.tiki.app.tikiandroid,positive,vi,sách kiến thức của tiki trading rất chất lượng cùng với giá cả mua sản phẩm rất chi bình dân phù hợp với túi tiền của người nghiện đọc sách chân thành cảm ơn tiki trading rất nhiều,sách kiến_thức của tiki trading rất chất_lượng cùng với giá_cả mua sản_phẩm rất chi bình_dân phù_hợp với túi_tiền của người nghiện đọc sách chân_thành cảm_ơn tiki_trading rất nhiều
Ok !,5,vn.tiki.app.tikiandroid,positive,vi,ok,ok
Giao hàng và đóng gói hàng rất tốt nói chung là siêu siêu tốt và đặc biệt là mua sách thì rất yên tâm vì toàn là sách thật,5,vn.tiki.app.tikiandroid,positive,vi,giao hàng và đóng gói hàng rất tốt nói chung là siêu siêu tốt và đặc biệt là mua sách thì rất yên tâm vì toàn là sách thật,giao hàng và đóng_gói hàng rất tốt nói_chung là siêu_siêu tốt và đặc_biệt là mua sách thì rất yên_tâm vì toàn là sách thật
Mong tiki chiếu cố giữ nguyên vị trí mở tiền mặt khi nhận hàng,5,vn.tiki.app.tikiandroid,positive,vi,mong tiki chiếu cố giữ nguyên vị trí mở tiền mặt khi nhận hàng,mong tiki chiếu cố_giữ nguyên vị_trí mở tiền_mặt khi nhận hàng
rất tiện,5,vn.tiki.app.tikiandroid,positive,vi,rất tiện,rất tiện
"tìm sản phẩm ko có, ra toàn thứ vớ vẩn",1,vn.tiki.app.tikiandroid,negative,vi,tìm sản phẩm không có ra toàn thứ vớ vẩn,tìm sản_phẩm không có ra toàn thứ vớ vẩn
"tệ quá, cùng sản phẩm mà giá quá cao so với sàn khác, nên xóa app cho khỏi mất thời gian",1,vn.tiki.app.tikiandroid,negative,vi,tệ quá cùng sản phẩm mà giá quá cao so với sàn khác nên xóa app cho khỏi mất thời gian,tệ quá cùng sản_phẩm mà giá quá cao so với sàn khác nên xóa app cho khỏi mất thời_gian
"App thường xuyên bị đơ, báo ko phản hồi",3,vn.tiki.app.tikiandroid,neutral,vi,app thường xuyên bị đơ báo không phản hồi,app thường_xuyên bị đơ báo không phản_hồi
hàng như cc,1,vn.tiki.app.tikiandroid,negative,vi,hàng như cc,hàng như cc
app dễ chs đăng nhập nhanh thấy rất là tốt,5,vn.tiki.app.tikiandroid,positive,vi,app dễ chơi đăng nhập nhanh thấy rất là tốt,app dễ chơi đăng_nhập nhanh thấy rất là tốt
mua sách quá rẻ và nhanh,5,vn.tiki.app.tikiandroid,positive,vi,mua sách quá rẻ và nhanh,mua sách quá rẻ và nhanh
oke 👌,5,vn.tiki.app.tikiandroid,positive,vi,oke,oke
"dạo này thấy bị giật lag quá, cả tháng nay mà không thấy app sửa chữa gì cả, hay nay app chuẩn bị dẹp nghỉ rồi!",1,vn.tiki.app.tikiandroid,negative,vi,dạo này thấy bị giật lag quá cả tháng nay mà không thấy app sửa chữa gì cả hay nay app chuẩn bị dẹp nghỉ rồi,dạo này thấy bị giật lag quá cả tháng nay mà không thấy app sửa_chữa gì cả hay nay app chuẩn_bị dẹp nghỉ rồi
Không có mã giảm giá gì hết,3,vn.tiki.app.tikiandroid,neutral,vi,không có mã giảm giá gì hết,không có mã giảm_giá gì hết
"Gần đây liên tục bị treo, vào đc 5s là treo đơ luôn, xoá đi cài lại vẫn thế",1,vn.tiki.app.tikiandroid,negative,vi,gần đây liên tục bị treo vào đc 5s là treo đơ luôn xoá đi cài lại vẫn thế,gần đây liên_tục bị treo vào đc 5 s là treo đơ luôn xóa_đi cài lại vẫn thế
app dạo này đơ cứng ngắt thấy bực,3,vn.tiki.app.tikiandroid,neutral,vi,app dạo này đơ cứng ngắt thấy bực,app dạo này đơ cứng_ngắt thấy bực
"Mình thường xuyên mua hàng trực tuyến qua Tiki, đặc biệt là sách. Giao hàng nhanh, đóng gói cẩn thận, sản phẩm uy tín",5,vn.tiki.app.tikiandroid,positive,vi,mình thường xuyên mua hàng trực tuyến qua tiki đặc biệt là sách giao hàng nhanh đóng gói cẩn thận sản phẩm uy tín,mình thường_xuyên mua hàng trực_tuyến qua tiki đặc_biệt là sách giao hàng nhanh đóng_gói cẩn_thận sản_phẩm uy_tín
"Hàng chính hãng, giá tốt, có nhiều voucher. Mua hàng ở đây tôi rất yên tâm",5,vn.tiki.app.tikiandroid,positive,vi,hàng chính hãng giá tốt có nhiều voucher mua hàng ở đây tôi rất yên tâm,hàng chính hãng giá tốt có nhiều voucher mua hàng ở đây tôi rất yên_tâm
Ứng dụng tốt,5,vn.tiki.app.tikiandroid,positive,vi,ứng dụng tốt,ứng_dụng tốt
Rất ok mà còn rẽ nữa,5,vn.tiki.app.tikiandroid,positive,vi,rất ok mà còn rẽ nữa,rất ok mà_còn rẽ nữa
tuyệt vời!!!,5,vn.tiki.app.tikiandroid,positive,vi,tuyệt vời,tuyệt_vời
tôi thấy bạn rất OK mong chờ cũng có free ship nữa,5,vn.tiki.app.tikiandroid,positive,vi,tôi thấy bạn rất ok mong chờ cũng có free ship nữa,tôi thấy bạn rất ok mong_chờ cũng có free ship nữa
app hay bị treo. đặt hàng có 4 cuốn sách mà phải thoát ra vào lại rất nhiều lần,3,vn.tiki.app.tikiandroid,neutral,vi,app hay bị treo đặt hàng có 4 cuốn sách mà phải thoát ra vào lại rất nhiều lần,app hay bị treo đặt_hàng có 4 cuốn sách mà phải thoát ra_vào lại rất nhiều lần
tiki xịn nhưng app trên tab đứng hoài. fix đi tiki,3,vn.tiki.app.tikiandroid,neutral,vi,tiki xịn nhưng app trên tab đứng hoài fix đi tiki,tiki xịn nhưng app trên tab đứng hoài fix đi tiki
"Tốt nha , đặc biệt tôi hay dùng để đặt sách",5,vn.tiki.app.tikiandroid,positive,vi,tốt nha đặc biệt tôi hay dùng để đặt sách,tốt nha đặc_biệt tôi hay dùng để đặt sách
Tiki bán hàng siêu ok luôn. Mua sách chính hãng nên yên tâm lắm.,5,vn.tiki.app.tikiandroid,positive,vi,tiki bán hàng siêu ok luôn mua sách chính hãng nên yên tâm lắm,tiki bán hàng siêu_ok luôn mua sách chính_hãng nên yên_tâm lắm
ship đắt,2,vn.tiki.app.tikiandroid,negative,vi,ship đắt,ship đắt
uy tín,5,vn.tiki.app.tikiandroid,positive,vi,uy tín,uy_tín
wow thật tốt you,5,vn.tiki.app.tikiandroid,positive,vi,wow thật tốt you,wow thật tốt you
ứng dụng tuyệt vời,5,vn.tiki.app.tikiandroid,positive,vi,ứng dụng tuyệt vời,ứng_dụng tuyệt_vời
"sách truyện, tài liệu phong phú, dễ lựa chọn",4,vn.tiki.app.tikiandroid,positive,vi,sách truyện tài liệu phong phú dễ lựa chọn,sách truyện tài_liệu phong_phú dễ lựa_chọn
từng làm chốt đơn bên đây nhưng bị lừa khá nhiều tiền,5,vn.tiki.app.tikiandroid,positive,vi,từng làm chốt đơn bên đây nhưng bị lừa khá nhiều tiền,từng làm chốt đơn bên đây nhưng bị lừa khá nhiều tiền
rất nhanh,5,vn.tiki.app.tikiandroid,positive,vi,rất nhanh,rất nhanh
Người Việt dùng hàng Việt,5,vn.tiki.app.tikiandroid,positive,vi,người việt dùng hàng việt,người việt dùng hàng việt
app lừa đảo,1,vn.tiki.app.tikiandroid,negative,vi,app lừa đảo,app lừa_đảo
app mua hàng rác.,1,vn.tiki.app.tikiandroid,negative,vi,app mua hàng rác,app mua hàng rác
Mua sách ở đây là chuẩn =),5,vn.tiki.app.tikiandroid,positive,vi,mua sách ở đây là chuẩn,mua sách ở đây là chuẩn
😊👍tốt,5,vn.tiki.app.tikiandroid,positive,vi,tốt,tốt
lừa đảo. Bảo hoàn tiền rồi vẫn chưa thấy tiền đâu,1,vn.tiki.app.tikiandroid,negative,vi,lừa đảo bảo hoàn tiền rồi vẫn chưa thấy tiền đâu,lừa_đảo bảo hoàn tiền rồi vẫn chưa thấy tiền đâu
chuẩn,5,vn.tiki.app.tikiandroid,positive,vi,chuẩn,chuẩn
khá tốt Nên Nhưng Mà Ko có Đồ Cho Mình Ưng,4,vn.tiki.app.tikiandroid,positive,vi,khá tốt nên nhưng mà không có đồ cho mình ưng,khá tốt nên nhưng_mà không có đồ cho mình ưng
lag liên tục,1,vn.tiki.app.tikiandroid,negative,vi,lag liên tục,lag liên_tục
mua sách đập ngủm tất cả các sàn khác,5,vn.tiki.app.tikiandroid,positive,vi,mua sách đập ngủm tất cả các sàn khác,mua sách đập ngủm tất_cả các sàn khác
bất ổn,1,vn.tiki.app.tikiandroid,negative,vi,bất ổn,bất_ổn
"Chấp nhận giá cao hơn một chút để được hàng chính hãng, mua Tiki có vẻ yên tâm hơn. Tuy nhiên, vẫn còn nhiều hạn chế ảnh hưởng trải nghiệm: - CSKH các shop trả lời tin nhắn chậm, đến lúc trả lời thì mình cũng mua chỗ khác rồi. - Thời gian ship 5-7 ngày cho đơn trong nước là khá lâu, khó cạnh tranh với sàn khác thường 2-3 ngày - Các mẫu chưa đa dạng, đặc biệt các mặt hàng quần áo, giày dép. - Việc thanh toán trước phức tạp, chưa linh hoạt. Ủng hộ sàn người Việt mong cải thiện",4,vn.tiki.app.tikiandroid,positive,vi,chấp nhận giá cao hơn một chút để được hàng chính hãng mua tiki có vẻ yên tâm hơn tuy nhiên vẫn còn nhiều hạn chế ảnh hưởng trải nghiệm cskh các shop trả lời tin nhắn chậm đến lúc trả lời thì mình cũng mua chỗ khác rồi thời gian ship 5 7 ngày cho đơn trong nước là khá lâu khó cạnh tranh với sàn khác thường 2 3 ngày các mẫu chưa đa dạng đặc biệt các mặt hàng quần áo giày dép việc thanh toán trước phức tạp chưa linh hoạt ủng hộ sàn người việt mong cải thiện,chấp_nhận giá cao hơn một_chút để được hàng chính hãng mua tiki có_vẻ yên_tâm hơn tuy_nhiên vẫn còn nhiều hạn_chế ảnh_hưởng trải_nghiệm cskh các shop trả_lời tin nhắn chậm đến lúc trả_lời thì mình cũng mua chỗ khác rồi thời_gian ship 5 7 ngày cho đơn trong nước là khá lâu_khó cạnh_tranh với sàn khác_thường 2 3 ngày các mẫu chưa đa_dạng đặc_biệt các mặt_hàng quần_áo giày_dép việc thanh_toán trước phức_tạp chưa linh_hoạt ủng_hộ sàn người việt mong cải_thiện
"Chỉ sách+ tiki mới là chân ái chứ mấy thứ khác mà mua trên tiki đều hư mau k xài đcj nhiều, vd đồng hồ tai nghe đồ điện tử các kiểu rất dễ hư, mặc dù bảo quản rất tốt nhưng mở hàng ra đồng hồ đã tắt thở thì gọi bên CSKH k ai giải quyết, chờ shipper đến thì shipper nói shipper hong biết nốt, khá thất vọng với Tiki về điểm này:(( đã xoá tài khoản",3,vn.tiki.app.tikiandroid,neutral,vi,chỉ sách tiki mới là chân ái chứ mấy thứ khác mà mua trên tiki đều hư mau không xài đcj nhiều vd đồng hồ tai nghe đồ điện tử các kiểu rất dễ hư mặc dù bảo quản rất tốt nhưng mở hàng ra đồng hồ đã tắt thở thì gọi bên cskh không ai giải quyết chờ shipper đến thì shipper nói shipper hong biết nốt khá thất vọng với tiki về điểm này đã xoá tài khoản,chỉ sách tiki mới là chân_ái chứ mấy thứ khác mà mua trên tiki đều hư_mau không xài đcj nhiều vd đồng_hồ tai nghe đồ điện_tử các kiểu rất dễ hư mặc_dù bảo_quản rất tốt nhưng mở hàng ra đồng_hồ đã tắt_thở thì gọi bên cskh không ai giải_quyết chờ shipper đến thì shipper nói shipper_hong biết nốt khá thất_vọng với tiki về điểm này đã xóa tài_khoản
tuyệt quá,5,vn.tiki.app.tikiandroid,positive,vi,tuyệt quá,tuyệt quá
tôi luôn mua sách trên tiki. có mọi thứ tôi cần,5,vn.tiki.app.tikiandroid,positive,vi,tôi luôn mua sách trên tiki có mọi thứ tôi cần,tôi luôn mua sách trên tiki có mọi thứ tôi cần
khá là ổn,5,vn.tiki.app.tikiandroid,positive,vi,khá là ổn,khá là ổn
App tuyệt vời 💯😍,5,vn.tiki.app.tikiandroid,positive,vi,app tuyệt vời,app tuyệt_vời
phình thường,4,vn.tiki.app.tikiandroid,positive,vi,phình thường,phình thường
"Ủng hộ TiKi, ủng hộ hàng Việt Nam",5,vn.tiki.app.tikiandroid,positive,vi,ủng hộ tiki ủng hộ hàng việt nam,ủng_hộ tiki ủng_hộ hàng việt_nam
một app uy tín hàng chất lượng mà ít người dùng hơn shopee. m.n nên ung hộ tiki. trước giờ mua hàng mắc tiền chỉ mua tiki uy tín...,5,vn.tiki.app.tikiandroid,positive,vi,một app uy tín hàng chất lượng mà ít người dùng hơn shopee m n nên ung hộ tiki trước giờ mua hàng mắc tiền chỉ mua tiki uy tín,một app uy_tín hàng chất_lượng mà ít người dùng hơn shopee m n nên ung_hộ tiki trước giờ mua hàng mắc tiền chỉ mua tiki uy_tín
"hàng chất lượng, nhân viên tư vấn nhiệt tình nhưng ít mã giảm giá",4,vn.tiki.app.tikiandroid,positive,vi,hàng chất lượng nhân viên tư vấn nhiệt tình nhưng ít mã giảm giá,hàng chất_lượng nhân_viên tư_vấn nhiệt_tình nhưng ít_mã giảm_giá
có dấu hiệu bán data cho bọn lừa đảo,1,vn.tiki.app.tikiandroid,negative,vi,có dấu hiệu bán data cho bọn lừa đảo,có dấu_hiệu bán data cho bọn lừa_đảo
"lừa đảo nha mọi người , còn nhân viên trong trụ sở ở hcm còn đăng ảnh em lên các group gọi vốn nữa cơ , mọi ng cân nhác , e viết đơn kiện rồi nha cả nhà",1,vn.tiki.app.tikiandroid,negative,vi,lừa đảo nha mọi người còn nhân viên trong trụ sở ở hcm còn đăng ảnh em lên các group gọi vốn nữa cơ mọi người cân nhác e viết đơn kiện rồi nha cả nhà,lừa_đảo nha mọi người còn nhân_viên trong trụ_sở ở hcm còn đăng_ảnh em lên các group gọi vốn nữa cơ_mọi người cân_nhác e viết đơn kiện rồi nha cả nhà
tiki k có đa dạng sp như shopee😭😭,1,vn.tiki.app.tikiandroid,negative,vi,tiki không có đa dạng sp như shopee,tiki không có đa_dạng sp như shopee
"giao hàng nhanh, vs mình tiki rất uy tín, chất lượng sản phẩm tốt",5,vn.tiki.app.tikiandroid,positive,vi,giao hàng nhanh vs mình tiki rất uy tín chất lượng sản phẩm tốt,giao hàng nhanh vs mình tiki rất uy_tín chất_lượng sản_phẩm tốt
tốt. hàng chính hãng,5,vn.tiki.app.tikiandroid,positive,vi,tốt hàng chính hãng,tốt hàng chính hãng
không lo hàng giả.,5,vn.tiki.app.tikiandroid,positive,vi,không lo hàng giả,không lo hàng giả
không có sản phẩm thì mua thế nào ?,1,vn.tiki.app.tikiandroid,negative,vi,không có sản phẩm thì mua thế nào,không có sản_phẩm thì mua thế_nào
"lk thanh toán gây khó chịu, không nhanh gọn, cứ Zalo pay, Zalo pay... nhìn mà phát bực!",2,vn.tiki.app.tikiandroid,negative,vi,lk thanh toán gây khó chịu không nhanh gọn cứ zalo pay zalo pay nhìn mà phát bực,lk thanh_toán gây khó_chịu không nhanh gọn cứ zalo pay zalo pay nhìn mà phát bực
Không tiềm ra sản phẩm mình cần. tiềm phụ tùng xe đưa nguyên chiếc xe.,1,vn.tiki.app.tikiandroid,negative,vi,không tiềm ra sản phẩm mình cần tiềm phụ tùng xe đưa nguyên chiếc xe,không tiềm ra sản_phẩm mình cần tiềm phụ_tùng xe đưa nguyên chiếc xe
mua trên tiki thì yên tâm về chất lượng sách,5,vn.tiki.app.tikiandroid,positive,vi,mua trên tiki thì yên tâm về chất lượng sách,mua trên tiki thì yên_tâm về chất_lượng sách
Tốt và nhanh...,5,vn.tiki.app.tikiandroid,positive,vi,tốt và nhanh,tốt và nhanh
vừa,3,vn.tiki.app.tikiandroid,neutral,vi,vừa,vừa
"sau khi trả hàng và tui đã nhận lại tiền, cho nên tui quyết định cho 4 sao coi như đánh giá chất lượng phục vụ tiki.",4,vn.tiki.app.tikiandroid,positive,vi,sau khi trả hàng và tui đã nhận lại tiền cho nên tui quyết định cho 4 sao coi như đánh giá chất lượng phục vụ tiki,sau khi trả hàng và tui đã nhận lại tiền cho_nên tui quyết_định cho 4 sao coi như đánh_giá chất_lượng phục_vụ tiki
đáng tin cậy,5,vn.tiki.app.tikiandroid,positive,vi,đáng tin cậy,đáng tin_cậy
"Mình đặt sách trên Tiki từ năm 2016. Vẫn luôn đồng hành cùng Tiki đến bây giờ. Cũng có nhiều nền tảng mua được sách, nhưng mình vẫn quen dùng Tiki. Mong Tiki ngày càng phát triển hơn nhé.",5,vn.tiki.app.tikiandroid,positive,vi,mình đặt sách trên tiki từ năm 2016 vẫn luôn đồng hành cùng tiki đến bây giờ cũng có nhiều nền tảng mua được sách nhưng mình vẫn quen dùng tiki mong tiki ngày càng phát triển hơn nhé,mình đặt sách trên tiki từ năm 2016 vẫn luôn đồng_hành cùng tiki đến bây_giờ cũng có nhiều nền_tảng mua được sách nhưng mình vẫn quen dùng tiki mong tiki ngày_càng phát_triển hơn nhé
App trash,1,vn.tiki.app.tikiandroid,negative,vi,app trash,app trash
kh tải lại,1,vn.tiki.app.tikiandroid,negative,vi,kh tải lại,kh_tải lại
smooth,4,vn.tiki.app.tikiandroid,positive,vi,smooth,smooth
SP tốt. Vui lòng tăng cường bảo mật thông tin người mua và bảo vệ người tiêu dùng!,4,vn.tiki.app.tikiandroid,positive,vi,sp tốt vui lòng tăng cường bảo mật thông tin người mua và bảo vệ người tiêu dùng,sp tốt vui_lòng tăng_cường bảo_mật thông_tin người mua và bảo_vệ người tiêu_dùng
Nên tập trung phát triển thế mạnh về sách.,5,vn.tiki.app.tikiandroid,positive,vi,nên tập trung phát triển thế mạnh về sách,nên tập_trung phát_triển thế mạnh về sách
như 💩,1,vn.tiki.app.tikiandroid,negative,vi,như,như
Đặt hàng Sài Gòn tự nhảy địa chỉ cũ ở Hà Nội,1,vn.tiki.app.tikiandroid,negative,vi,đặt hàng sài gòn tự nhảy địa chỉ cũ ở hà nội,đặt_hàng sài_gòn tự nhảy địa_chỉ cũ ở hà_nội
"Tiki hỗ trợ quá ít các mặt hàng, bây giờ đã bị lép vế trước Shopee và TikTok Shop, ai cũng có thể nhìn thấy! Tốt hơn là Tiki nên từ bỏ!",1,vn.tiki.app.tikiandroid,negative,vi,tiki hỗ trợ quá ít các mặt hàng bây giờ đã bị lép vế trước shopee và tiktok shop ai cũng có thể nhìn thấy tốt hơn là tiki nên từ bỏ,tiki hỗ_trợ quá ít các mặt_hàng bây_giờ đã bị lép_vế trước shopee và tiktok shop ai cũng có_thể nhìn thấy tốt hơn là tiki nên từ_bỏ
thanh toán internet banking chưa thuận tiện,4,vn.tiki.app.tikiandroid,positive,vi,thanh toán internet banking chưa thuận tiện,thanh_toán internet banking chưa thuận_tiện
"hàng tốt, chất lượng, yên tâm khi mua ở Tiki. Hi vọng cty ngày càng phát triển",5,vn.tiki.app.tikiandroid,positive,vi,hàng tốt chất lượng yên tâm khi mua ở tiki hi vọng cty ngày càng phát triển,hàng tốt chất_lượng yên_tâm khi mua ở tiki hi_vọng cty ngày_càng phát_triển
tôi rất hài lòng về app,5,vn.tiki.app.tikiandroid,positive,vi,tôi rất hài lòng về app,tôi rất hài_lòng về app
"chậm, hay đơ",1,vn.tiki.app.tikiandroid,negative,vi,chậm hay đơ,chậm hay đơ
"đặt hàng xong, quá ngày ko có hàng, nhân viên gọi lại báo là quên lên đơn, giờ có muốn đặt lại ko?",1,vn.tiki.app.tikiandroid,negative,vi,đặt hàng xong quá ngày không có hàng nhân viên gọi lại báo là quên lên đơn giờ có muốn đặt lại không,đặt_hàng xong quá ngày không có hàng nhân_viên gọi lại báo là quên lên đơn giờ có muốn đặt lại không
ủng hộ hàng Việt,5,vn.tiki.app.tikiandroid,positive,vi,ủng hộ hàng việt,ủng_hộ hàng việt
5 sao nha,5,vn.tiki.app.tikiandroid,positive,vi,5 sao nha,5 sao nha
nên tải nha các bạn iu,5,vn.tiki.app.tikiandroid,positive,vi,nên tải nha các bạn iu,nên tải_nha các bạn iu
biết ơn Tiki đặt hàng nhanh chóng ạ,5,vn.tiki.app.tikiandroid,positive,vi,biết ơn tiki đặt hàng nhanh chóng ạ,biết_ơn tiki đặt_hàng nhanh_chóng ạ
tải tới 90% thì ngừng,2,vn.tiki.app.tikiandroid,negative,vi,tải tới 90 thì ngừng,tải tới 90 thì ngừng
xác nhận căn cước công dân thì nó ghi bị lỗi là sao shop làm ăn gì kì vậy trời app lỗi quá nhiều,1,vn.tiki.app.tikiandroid,negative,vi,xác nhận căn cước công dân thì nó ghi bị lỗi là sao shop làm ăn gì kì vậy trời app lỗi quá nhiều,xác_nhận căn_cước công_dân thì nó ghi bị lỗi là sao shop làm_ăn gì kì vậy trời app lỗi quá nhiều
cảm ơn vì đơn đầu tiên cho freeship khác với lazada,5,vn.tiki.app.tikiandroid,positive,vi,cảm ơn vì đơn đầu tiên cho freeship khác với lazada,cảm_ơn vì đơn đầu_tiên cho freeship khác với lazada
Great,5,vn.tiki.app.tikiandroid,positive,vi,great,great
Hay dùng app này mua sách,5,vn.tiki.app.tikiandroid,positive,vi,hay dùng app này mua sách,hay dùng app này mua sách
app sử dụng rất tốt nhưng có điều tồn nhiều dung lượng quá nên mình đã gỡ xuống,5,vn.tiki.app.tikiandroid,positive,vi,app sử dụng rất tốt nhưng có điều tồn nhiều dung lượng quá nên mình đã gỡ xuống,app sử_dụng rất tốt nhưng có_điều tồn nhiều dung_lượng quá nên mình đã gỡ xuống
mới dùng chưa biết có ok không nhưng hi vọng mua hàng ở đây sẽ chất lượng hơn,4,vn.tiki.app.tikiandroid,positive,vi,mới dùng chưa biết có ok không nhưng hi vọng mua hàng ở đây sẽ chất lượng hơn,mới dùng chưa biết có ok không nhưng hi_vọng mua hàng ở đây sẽ chất_lượng hơn
nhanh gọn lẹ,4,vn.tiki.app.tikiandroid,positive,vi,nhanh gọn lẹ,nhanh gọn lẹ
mua mấy triệu tiền sách không được free shipping. nghịch lý là mua càng nhiều càng tăng phí. chiến lược sai nên cứ lụn bại dần thôi,1,vn.tiki.app.tikiandroid,negative,vi,mua mấy triệu tiền sách không được free shipping nghịch lý là mua càng nhiều càng tăng phí chiến lược sai nên cứ lụn bại dần thôi,mua mấy triệu tiền sách không được free shipping nghịch_lý là mua càng nhiều càng tăng phí chiến_lược sai nên cứ lụn_bại dần thôi
oki,5,vn.tiki.app.tikiandroid,positive,vi,oki,oki
"quảng cáo nhiều,xóa app",1,vn.tiki.app.tikiandroid,negative,vi,quảng cáo nhiều xóa app,quảng_cáo nhiều xóa app
"uy tín,chất lượng và giao hàng nhanh",5,vn.tiki.app.tikiandroid,positive,vi,uy tín châ t lươ người va giao hàng nhanh,uy_tín châ t lươ người va giao hàng nhanh
Rất hài lòng,5,vn.tiki.app.tikiandroid,positive,vi,rất hài lòng,rất hài_lòng
xoá app. bye. ko đăng nhập dc tài khoản. gọi lên cskh bó tay,1,vn.tiki.app.tikiandroid,negative,vi,xoá app bye không đăng nhập được tài khoản gọi lên cskh bó tay,xóa app bye không đăng_nhập được tài_khoản gọi lên cskh bó_tay
Tiki - Thương hiệu Việt. Hãy giữ vững là của thương hiệu Việt ❤️,5,vn.tiki.app.tikiandroid,positive,vi,tiki thương hiệu việt hãy giữ vững là của thương hiệu việt,tiki thương_hiệu việt hãy giữ vững là của thương_hiệu việt
vào tìm kiếm 15p vẫn quay k chạy nổi chán,1,vn.tiki.app.tikiandroid,negative,vi,vào tìm kiếm 15p vẫn quay không chạy nổi chán,vào tìm_kiếm 15 p vẫn quay không chạy nổi chán
"sàn thương mại điện tử tôi yêu, phù hợp cho người mua sách, mong tiki vững bền",5,vn.tiki.app.tikiandroid,positive,vi,sàn thương mại điện tử tôi yêu phù hợp cho người mua sách mong tiki vững bền,sàn thương_mại_điện_tử tôi yêu phù_hợp cho người mua sách mong_tiki vững_bền
Tham lam một cách ngu dốt! Dùng Tiki Trading đâm sau lưng nhà bán hàng!,1,vn.tiki.app.tikiandroid,negative,vi,tham lam một cách ngu dốt dùng tiki trading đâm sau lưng nhà bán hàng,tham_lam một_cách ngu dốt dùng tiki trading đâm sau lưng nhà bán hàng
ưu đãi rất ít,1,vn.tiki.app.tikiandroid,negative,vi,ưu đãi rất ít,ưu_đãi rất ít
Giảm giá nhiều và giao nhanh,5,vn.tiki.app.tikiandroid,positive,vi,giảm giá nhiều và giao nhanh,giảm_giá nhiều và giao nhanh
Tiki cần có chính sách ưu đãi tốt hơn để níu giữ khách hàng ạ,3,vn.tiki.app.tikiandroid,neutral,vi,tiki cần có chính sách ưu đãi tốt hơn để níu giữ khách hàng ạ,tiki cần có chính_sách ưu_đãi tốt hơn để níu giữ khách_hàng ạ
Mua hàng mà Tiki không cho chỉnh số lượng làm sao mà mua.?,1,vn.tiki.app.tikiandroid,negative,vi,mua hàng mà tiki không cho chỉnh số lượng làm sao mà mua,mua hàng mà tiki không cho chỉnh số_lượng làm_sao mà mua
giao hàng nhanh đơn hàng tốt,5,vn.tiki.app.tikiandroid,positive,vi,giao hàng nhanh đơn hàng tốt,giao hàng nhanh đơn hàng tốt
Tiki trước đầu tư MV nhiều quá giờ chắc hết kinh phí đầu tư quảng cáo rồi :)),5,vn.tiki.app.tikiandroid,positive,vi,tiki trước đầu tư mv nhiều quá giờ chắc hết kinh phí đầu tư quảng cáo rồi,tiki trước đầu_tư mv nhiều quá giờ chắc hết kinh_phí đầu_tư quảng_cáo rồi
ok lắm,5,vn.tiki.app.tikiandroid,positive,vi,ok lắm,ok lắm
ứng dụng chạy quá chậm,2,vn.tiki.app.tikiandroid,negative,vi,ứng dụng chạy quá chậm,ứng_dụng chạy quá chậm
lỗi rất nhiều,1,vn.tiki.app.tikiandroid,negative,vi,lỗi rất nhiều,lỗi rất nhiều
mua hàng tiki nhiều năm đến bây giờ vẫn thấy yên tâm và uy tín,5,vn.tiki.app.tikiandroid,positive,vi,mua hàng tiki nhiều năm đến bây giờ vẫn thấy yên tâm và uy tín,mua hàng tiki nhiều năm đến bây_giờ vẫn thấy yên_tâm và uy_tín
app lừa đảo rồi kêu ngta ngày nhận 13 đơn trong khi đó ngta k đặt r kêu k nhận là kiện đi tù,1,vn.tiki.app.tikiandroid,negative,vi,app lừa đảo rồi kêu ngta ngày nhận 13 đơn trong khi đó ngta không đặt rồi kêu không nhận là kiện đi tù,app lừa_đảo rồi kêu ngta ngày nhận 13 đơn trong khi đó ngta không đặt rồi kêu không nhận là kiện đi tù
"App lỗi quá nhiều, không thể đăng nhập, không check được đơn hàng. Muốn ủng hộ sàn TMĐT của nước nhà nhưng rất tiếc. Sau đơn hàng này tôi sẽ gỡ bỏ Tiki khỏi thiết bị của mình. 6/5/2025. Một trải nghiệm tồi tệ",1,vn.tiki.app.tikiandroid,negative,vi,app lỗi quá nhiều không thể đăng nhập không check được đơn hàng muốn ủng hộ sàn tmđt của nước nhà nhưng rất tiếc sau đơn hàng này tôi sẽ gỡ bỏ tiki khỏi thiết bị của mình 6 5 2025 một trải nghiệm tồi tệ,app lỗi quá nhiều không_thể đăng_nhập không check được đơn hàng muốn ủng_hộ sàn tmđt của nước_nhà nhưng rất tiếc sau đơn hàng này tôi sẽ gỡ bỏ tiki khỏi thiết_bị của mình 6 5 2025 một trải_nghiệm tồi_tệ
"lag quá , chán thật sự",1,vn.tiki.app.tikiandroid,negative,vi,lag quá chán thật sự,lag quá chán thật_sự
bị lỗi gì rồi load hoài fix gấp đi ad ơi,3,vn.tiki.app.tikiandroid,neutral,vi,bị lỗi gì rồi load hoài fix gấp đi ad ơi,bị lỗi gì rồi load hoài fix gấp đi ad ơi
lỗi l lỗi lắm,1,vn.tiki.app.tikiandroid,negative,vi,lỗi l lỗi lắm,lỗi l lỗi lắm
hôm nay bị lỗi gì ấy không đăng nhập được,5,vn.tiki.app.tikiandroid,positive,vi,hôm nay bị lỗi gì ấy không đăng nhập được,hôm_nay bị lỗi gì ấy không đăng_nhập được
"Hình đăng không khớp với thực tế, click vô xem là cái khác nên khỏi mua đi . Khi bạn mua quá nhiều lần tại 1 shop trên sàn này, không hiểu vì sao có 1 yếu tố vô hình nào đó sẽ làm cho bạn hoặc cách này hay cách khác , không thể mua tại shop đó được nữa .",1,vn.tiki.app.tikiandroid,negative,vi,hình đăng không khớp với thực tế click vô xem là cái khác nên khỏi mua đi khi bạn mua quá nhiều lần tại 1 shop trên sàn này không hiểu vì sao có 1 yếu tố vô hình nào đó sẽ làm cho bạn hoặc cách này hay cách khác không thể mua tại shop đó được nữa,hình đăng không khớp với thực_tế click vô xem là cái khác nên khỏi mua đi khi bạn mua quá nhiều lần tại 1 shop trên sàn này không hiểu vì sao có 1 yếu_tố vô_hình nào đó sẽ làm cho bạn hoặc cách này hay cách khác không_thể mua tại shop đó được nữa
"rất tốt, mong là nó sẽ đến nhanh",5,vn.tiki.app.tikiandroid,positive,vi,rất tốt mong là nó sẽ đến nhanh,rất tốt_mong là nó sẽ đến nhanh
Ứng dụng rất tốt rất Rẻ,1,vn.tiki.app.tikiandroid,negative,vi,ứng dụng rất tốt rất rẻ,ứng_dụng rất tốt rất rẻ
Cùng sản phẩm nhưng giá cao hơn san khác,2,vn.tiki.app.tikiandroid,negative,vi,cùng sản phẩm nhưng giá cao hơn san khác,cùng sản_phẩm nhưng giá cao hơn san khác
tiki là loại thiều hiểu biết chính sách non kém,1,vn.tiki.app.tikiandroid,negative,vi,tiki là loại thiều hiểu biết chính sách non kém,tiki là loại thiều hiểu_biết chính_sách non_kém
oki live,5,vn.tiki.app.tikiandroid,positive,vi,oki live,oki live
"giao lâu,ít đồ",4,vn.tiki.app.tikiandroid,positive,vi,giao lâu ít đồ,giao lâu ít đồ
Love Tiki,5,vn.tiki.app.tikiandroid,positive,vi,love tiki,love tiki
tôi rất yên tâm khi mua hàng tại tiki.,5,vn.tiki.app.tikiandroid,positive,vi,tôi rất yên tâm khi mua hàng tại tiki,tôi rất yên_tâm khi mua hàng tại tiki
ứng dụng lỗi thêm sản phẩm vàogiỏ hàng rồi mà không có gì hết,3,vn.tiki.app.tikiandroid,neutral,vi,ứng dụng lỗi thêm sản phẩm vàogiỏ hàng rồi mà không có gì hết,ứng_dụng lỗi thêm sản_phẩm vàogiỏ hàng rồi mà không có gì hết
Giao hàng của app này khá lâu,3,vn.tiki.app.tikiandroid,neutral,vi,giao hàng của app này khá lâu,giao hàng của app này khá lâu
Tôi rất thích mua sách trên Tiki. Sách chính hảng và giá cả rất phải chăng,5,vn.tiki.app.tikiandroid,positive,vi,tôi rất thích mua sách trên tiki sách chính hảng và giá cả rất phải chăng,tôi rất thích mua sách trên tiki sách chính_hảng và giá_cả rất phải_chăng
giờ bắt đầu tải app trải nghiệm. cho 5⭐ ứng trước,5,vn.tiki.app.tikiandroid,positive,vi,giờ bắt đầu tải app trải nghiệm cho 5 ứng trước,giờ bắt_đầu tải app trải_nghiệm cho 5 ứng trước
hay lỗi,1,vn.tiki.app.tikiandroid,negative,vi,hay lỗi,hay lỗi
tìm nhiều cái ko dc,1,vn.tiki.app.tikiandroid,negative,vi,tìm nhiều cái không được,tìm nhiều cái không được
vì quá giao hàng nhanh tốt nên tôi cho 1 sao :))))))))))))))))))))))))))))))))))))))))))))))))))))))))))))))))))))))))))))))))))))))))))))))))))))))))))))))))))))))))))))))))))))))))))))))))),1,vn.tiki.app.tikiandroid,negative,vi,vì quá giao hàng nhanh tốt nên tôi cho 1 sao,vì quá giao hàng nhanh tốt nên tôi cho 1 sao
kém chất 5,1,vn.tiki.app.tikiandroid,negative,vi,kém chất 5,kém chất 5
"đăng nhập fb bị lỗi liên kết, mình xoá app, định vào đặt đống sách mà bực quá t đặt shopee r",2,vn.tiki.app.tikiandroid,negative,vi,đăng nhập fb bị lỗi liên kết mình xoá app định vào đặt đống sách mà bực quá t đặt shopee rồi,đăng nhập fb bị lỗi liên_kết mình xóa app_định vào đặt đống sách mà bực quá t đặt shopee rồi
"Không có nhiều mã giảm dù đặt đơn giá trị lớn, shipper giao hỏa tốc nhưng không nhắn tin hay gọi điện báo trước khi giao hàng, làm khách hàng không sắp xếp kịp để nhận hàng, giao hàng cho khách mà như chạy giặc",1,vn.tiki.app.tikiandroid,negative,vi,không có nhiều mã giảm dù đặt đơn giá trị lớn shipper giao hỏa tốc nhưng không nhắn tin hay gọi điện báo trước khi giao hàng làm khách hàng không sắp xếp kịp để nhận hàng giao hàng cho khách mà như chạy giặc,không có nhiều mã giảm dù đặt đơn_giá_trị lớn shipper giao hỏa_tốc nhưng không nhắn_tin hay gọi điện_báo trước khi giao hàng làm khách_hàng không sắp_xếp kịp để nhận hàng giao hàng cho khách mà như chạy giặc
app dỏm toàn đơ thôi mọi người nên bỏ đi,2,vn.tiki.app.tikiandroid,negative,vi,app dỏm toàn đơ thôi mọi người nên bỏ đi,app dỏm toàn đơ thôi mọi người nên bỏ đi
giao hàng chậm .trung bình cứ 2 đơn thì sẽ chậm 1. chậm khoảng 2-3 ngày so với dự kiến.,1,vn.tiki.app.tikiandroid,negative,vi,giao hàng chậm trung bình cứ 2 đơn thì sẽ chậm 1 chậm khoảng 2 3 ngày so với dự kiến,giao hàng chậm trung_bình cứ 2 đơn thì sẽ chậm 1 chậm khoảng 2 3 ngày so với dự_kiến
hay 5 sao luôn,5,vn.tiki.app.tikiandroid,positive,vi,hay 5 sao luôn,hay 5 sao luôn
đắt vãi,1,vn.tiki.app.tikiandroid,negative,vi,đắt vãi,đắt vãi
hàng tối dụng hen,5,vn.tiki.app.tikiandroid,positive,vi,hàng tối dụng hen,hàng tối_dụng hen
"shipper tự ý khui hàng của khách, nên xem xét lại người giao hàng",1,vn.tiki.app.tikiandroid,negative,vi,shipper tự ý khui hàng của khách nên xem xét lại người giao hàng,shipper tự_ý khui hàng của khách nên xem_xét lại người giao hàng
tìm kiếm như rùa bò vô tìm kiếm mà chạy vòng vòng cả ngày,1,vn.tiki.app.tikiandroid,negative,vi,tìm kiếm như rùa bò vô tìm kiếm mà chạy vòng vòng cả ngày,tìm_kiếm như rùa bò vô tìm_kiếm mà chạy vòng_vòng cả ngày
Mỗi tội tải hơi lâu,5,vn.tiki.app.tikiandroid,positive,vi,mỗi tội tải hơi lâu,mỗi tội_tải hơi lâu
Tiki cho bán hàng giả hàng FA không chất lượng không xài được,1,vn.tiki.app.tikiandroid,negative,vi,tiki cho bán hàng giả hàng fa không chất lượng không xài được,tiki cho bán hàng giả hàng fa không chất_lượng không xài được
"chuông thông báo đẩy của tiki rất ấn tượng, ấn tượng đến nỗi mỗi lần xuất hiện đều phải giật mình.... 1đ cho cái chuông thông báo ấn tượng.",1,vn.tiki.app.tikiandroid,negative,vi,chuông thông báo đẩy của tiki rất ấn tượng ấn tượng đến nỗi mỗi lần xuất hiện đều phải giật mình 1đ cho cái chuông thông báo ấn tượng,chuông thông_báo đẩy của tiki rất ấn_tượng ấn_tượng đến_nỗi mỗi lần xuất_hiện đều phải giật_mình 1 đ cho cái chuông thông_báo ấn_tượng
Giá cao gấp đôi các cửa hàng khác,1,vn.tiki.app.tikiandroid,negative,vi,giá cao gấp đôi các cửa hàng khác,giá cao gấp đôi các cửa_hàng khác
sử dụng okay,5,vn.tiki.app.tikiandroid,positive,vi,sử dụng okay,sử_dụng okay
"App khá chậm và hay lỗi, sản phẩm giao thì không hề giống như trên mô tả, đã có làm việc và yêu cầu hỗ trợ từ phía app nhưng vẫn chưa thấy kết quả, cả bên bán hàng cũng không liên lạc được. Thật sự là quá thất vọng",1,vn.tiki.app.tikiandroid,negative,vi,app khá chậm và hay lỗi sản phẩm giao thì không hề giống như trên mô tả đã có làm việc và yêu cầu hỗ trợ từ phía app nhưng vẫn chưa thấy kết quả cả bên bán hàng cũng không liên lạc được thật sự là quá thất vọng,app khá chậm và hay lỗi sản_phẩm giao thì không hề giống như trên mô_tả đã có làm_việc và yêu_cầu hỗ_trợ từ phía app nhưng vẫn chưa thấy kết_quả cả bên bán hàng cũng không liên_lạc được thật_sự là quá thất_vọng
Đắt vcl,2,vn.tiki.app.tikiandroid,negative,vi,đắt vcl,đắt vcl
Một sàn thương mại lớn mà chăm sóc khách hàng tồi. Cứ nhắn đến trung tâm chăm sóc khác hàng là hiện đang bảo trì. Tiếp khách hàng kém. Đừng ai mua trên đây kẻo mất tiền tốt nhất phá sản là vừa.,1,vn.tiki.app.tikiandroid,negative,vi,một sàn thương mại lớn mà chăm sóc khách hàng tồi cứ nhắn đến trung tâm chăm sóc khác hàng là hiện đang bảo trì tiếp khách hàng kém đừng ai mua trên đây kẻo mất tiền tốt nhất phá sản là vừa,một sàn thương_mại lớn mà chăm_sóc khách_hàng tồi cứ nhắn đến trung_tâm chăm_sóc khác hàng là hiện đang bảo_trì tiếp khách_hàng kém đừng ai mua trên đây kẻo mất tiền tốt nhất phá_sản là vừa
Rác,1,vn.tiki.app.tikiandroid,negative,vi,rác,rác
"Cơ bản tạo tài khoản cũng ko hướng dẫn tìm thì k có, tệ hơn cả lazada với shopee",1,vn.tiki.app.tikiandroid,negative,vi,cơ bản tạo tài khoản cũng không hướng dẫn tìm thì không có tệ hơn cả lazada với shopee,cơ_bản tạo tài_khoản cũng không hướng_dẫn tìm thì không có tệ hơn cả lazada với shopee
Đăng 1 khác bán 1 lèo Đăng bán sữa có hạn lúc giao thì bảo sữa sắp hết hạn Bảo sao thua shopee,1,vn.tiki.app.tikiandroid,negative,vi,đăng 1 khác bán 1 lèo đăng bán sữa có hạn lúc giao thì bảo sữa sắp hết hạn bảo sao thua shopee,đăng 1 khác bán 1 lèo đăng bán sữa có_hạn lúc giao thì bảo sữa sắp hết hạn bảo sao thua shopee
"Không có tính năng tìm sản phẩm wa camera ,muốn tìm sản phẩm mình cần rất khó . Tải áp về mà không làm đc j",2,vn.tiki.app.tikiandroid,negative,vi,không có tính năng tìm sản phẩm wa camera muốn tìm sản phẩm mình cần rất khó tải áp về mà không làm đc j,không có tính_năng tìm sản_phẩm wa_camera muốn tìm sản_phẩm mình cần rất khó tải_áp về mà không làm đc j
"Chuẩn hàng, nhưng giá hơi cao so vs cửa hàng khác",5,vn.tiki.app.tikiandroid,positive,vi,chuẩn hàng nhưng giá hơi cao so vs cửa hàng khác,chuẩn hàng nhưng giá hơi cao so vs cửa_hàng khác
Toàn bị văng ra,1,vn.tiki.app.tikiandroid,negative,vi,toàn bị văng ra,toàn bị văng ra
Tệ quá tệ giao hàng cực kì chậm hẹn ngày giao và h nhưng lại giao rất chậm thậm chí là qua 2 hoặc 3 ngày mới có hàng,1,vn.tiki.app.tikiandroid,negative,vi,tệ quá tệ giao hàng cực kì chậm hẹn ngày giao và h nhưng lại giao rất chậm thậm chí là qua 2 hoặc 3 ngày mới có hàng,tệ quá tệ giao hàng cực_kì chậm hẹn ngày giao và h nhưng lại giao rất chậm thậm_chí là qua 2 hoặc 3 ngày mới có hàng
"Tính năng cơ bản là sắp xếp theo giá tiền tăng dần và giảm dần cũng không hoạt động đúng, bao lâu rồi không sửa, bảo sao ngày càng tụt hậu so với các đối thủ.",1,vn.tiki.app.tikiandroid,negative,vi,tính năng cơ bản là sắp xếp theo giá tiền tăng dần và giảm dần cũng không hoạt động đúng bao lâu rồi không sửa bảo sao ngày càng tụt hậu so với các đối thủ,tính_năng cơ_bản là sắp_xếp theo giá tiền tăng dần và giảm dần cũng không hoạt_động đúng bao_lâu rồi không sửa bảo_sao ngày_càng tụt_hậu so với các đối_thủ
"Dịch vụ ngày càng đi xuống. Câu cửa miệng của DN là "" thông cảm "". Trãi nghiệm tiêu dùng rất tiêu cực.",1,vn.tiki.app.tikiandroid,negative,vi,dịch vụ ngày càng đi xuống câu cửa miệng của dn là thông cảm trãi nghiệm tiêu dùng rất tiêu cực,dịch_vụ ngày_càng đi xuống câu cửa_miệng của dn là thông_cảm trãi_nghiệm tiêu_dùng rất tiêu_cực
Trả hiểu ứng dụng kiểu gì.trên ap báo giao hàng không thành công.trong khi đó khách hàng thì trả nhận được cuộc gọi nào,1,vn.tiki.app.tikiandroid,negative,vi,trả hiểu ứng dụng kiểu gì trên ap báo giao hàng không thành công trong khi đó khách hàng thì trả nhận được cuộc gọi nào,trả hiểu ứng_dụng kiểu gì trên ap báo giao hàng_không thành_công trong khi đó khách_hàng thì trả nhận được cuộc_gọi nào
"Khá uy tín, đặt đồ nếu có lỗi, vote 1 thì 5p sau có chuyên viên gọi tới tư vấn blabal:)) tuy vẫn vote 1 sao cho sách nhưng app thì ngon",5,vn.tiki.app.tikiandroid,positive,vi,khá uy tín đặt đồ nếu có lỗi vote 1 thì 5p sau có chuyên viên gọi tới tư vấn blabal tuy vẫn vote 1 sao cho sách nhưng app thì ngon,khá uy_tín đặt đồ nếu có lỗi vote 1 thì 5 p sau có chuyên_viên gọi tới tư_vấn blabal tuy vẫn vote 1 sao cho sách nhưng app thì ngon
"Tiki là sàn TMDT dành cho những Pháp sư ngáo giá , lùa những con gà ngáo ngơ 🤣",1,vn.tiki.app.tikiandroid,negative,vi,tiki là sàn tmdt dành cho những pháp sư ngáo giá lùa những con gà ngáo ngơ,tiki là sàn tmdt dành cho những pháp_sư ngáo giá lùa những con gà ngáo ngơ
Giao hàng như c bảo m10 về mãi bây giờ11 vẫn ko thấy,1,vn.tiki.app.tikiandroid,negative,vi,giao hàng như c bảo m10 về mãi bây giờ11 vẫn không thấy,giao hàng như c bảo_m10 về mãi bây_giờ11 vẫn không thấy
Tiki mua cũng đc,5,vn.tiki.app.tikiandroid,positive,vi,tiki mua cũng đc,tiki mua cũng đc
"Tiki mặc dù không đa dạng hàng hóa và giá cả nhưng dịch vụ và chất lượng rất tốt. Mua sách phải gọi là best choise trên sàn thương mại điện tử luôn, giao nhanh, nhiều ưu đãi tốt",5,vn.tiki.app.tikiandroid,positive,vi,tiki mặc dù không đa dạng hàng hóa và giá cả nhưng dịch vụ và chất lượng rất tốt mua sách phải gọi là best choise trên sàn thương mại điện tử luôn giao nhanh nhiều ưu đãi tốt,tiki mặc_dù không đa_dạng hàng hóa và giá_cả nhưng dịch_vụ và chất_lượng rất tốt mua sách phải gọi là best choise trên sàn thương_mại_điện_tử luôn giao nhanh nhiều ưu_đãi tốt
tìm cái này mà toàn ra j k chả liên quan luôn,2,vn.tiki.app.tikiandroid,negative,vi,tìm cái này mà toàn ra j không chả liên quan luôn,tìm cái này mà toàn ra j không chả liên_quan luôn
"mình thường mua sách trên tiki , chất lượng sách tốt,nếu như có nhiều mã giảm giá với free ship nữa thì thật tuyệt . khi sử dụng Mua Sắm Hoàn Tiền trên app MB , thì không quay về trang chủ của Tiki để mua sắm được",5,vn.tiki.app.tikiandroid,positive,vi,mình thường mua sách trên tiki chất lượng sách tốt nếu như có nhiều mã giảm giá với free ship nữa thì thật tuyệt khi sử dụng mua sắm hoàn tiền trên app mb thì không quay về trang chủ của tiki để mua sắm được,mình thường mua sách trên tiki chất_lượng sách tốt nếu_như có nhiều mã giảm_giá với free ship nữa thì thật tuyệt_khi sử_dụng mua_sắm hoàn_tiền trên app mb thì không quay về trang_chủ của tiki để mua_sắm được
Giao hàng chậm hơn dự kiến,4,vn.tiki.app.tikiandroid,positive,vi,giao hàng chậm hơn dự kiến,giao hàng chậm hơn dự_kiến
🙂,4,vn.tiki.app.tikiandroid,positive,vi,,
hàng hoá không đa dạng lại còn giá cao ngất,1,vn.tiki.app.tikiandroid,negative,vi,hàng hoá không đa dạng lại còn giá cao ngất,hàng hóa không đa_dạng lại còn giá cao ngất
Mong có nhiều sản phẩm hơn,5,vn.tiki.app.tikiandroid,positive,vi,mong có nhiều sản phẩm hơn,mong có nhiều sản_phẩm hơn
Mong tiki ngày càng phát triển ><,5,vn.tiki.app.tikiandroid,positive,vi,mong tiki ngày càng phát triển,mong tiki ngày_càng phát_triển
Ít sản phẩm thứ không có,3,vn.tiki.app.tikiandroid,neutral,vi,ít sản phẩm thứ không có,ít sản_phẩm thứ không có
"Hủy đơn mà không thông báo cho khách hàng, củng không cho biết lý do hủy đơn. Quá ngày nhận hàng không thấy, mở ra xem mới biết bị hủy đơn. Tiki quá tệ.",1,vn.tiki.app.tikiandroid,negative,vi,hủy đơn mà không thông báo cho khách hàng củng không cho biết lý do hủy đơn quá ngày nhận hàng không thấy mở ra xem mới biết bị hủy đơn tiki quá tệ,hủy đơn mà không thông_báo cho khách_hàng củng_không cho biết lý_do hủy đơn quá ngày nhận hàng_không thấy mở ra xem mới biết bị hủy đơn tiki quá tệ
Ko có khuyến mã cho người mới gì cảm đăng nhập chx mua hàng bắt nhập sdt mới đc đăng nhập?,1,vn.tiki.app.tikiandroid,negative,vi,không có khuyến mã cho người mới gì cảm đăng nhập chx mua hàng bắt nhập sdt mới đc đăng nhập,không có khuyến_mã cho người mới gì cảm đăng_nhập chx mua hàng bắt nhập sdt mới đc đăng_nhập
"Đây là lần đầu cũng như làn cuối mình sử dụng tiki, làm việc cẩu thả, hệ thống báo ngày 15 nhận hàng mà bây giờ lại bảo 17 nhận hàng, làm việc kiểu này không ổn",1,vn.tiki.app.tikiandroid,negative,vi,đây là lần đầu cũng như làn cuối mình sử dụng tiki làm việc cẩu thả hệ thống báo ngày 15 nhận hàng mà bây giờ lại bảo 17 nhận hàng làm việc kiểu này không ổn,đây là lần đầu cũng như làn cuối mình sử_dụng tiki làm_việc cẩu_thả hệ_thống báo ngày 15 nhận hàng mà bây_giờ lại bảo 17 nhận hàng làm_việc kiểu này không ổn
Mong sẽ có nhiều sản phẩm hơn,5,vn.tiki.app.tikiandroid,positive,vi,mong sẽ có nhiều sản phẩm hơn,mong sẽ có nhiều sản_phẩm hơn
"Sàn đầu tiên tui mua luôn , h thấy nó vẫn khá ổn",5,vn.tiki.app.tikiandroid,positive,vi,sàn đầu tiên tui mua luôn h thấy nó vẫn khá ổn,sàn đầu_tiên tui mua luôn h thấy nó vẫn khá ổn
Giao hàng nhanh chất lượng sản phẩm rất ok,5,vn.tiki.app.tikiandroid,positive,vi,giao hàng nhanh chất lượng sản phẩm rất ok,giao hàng nhanh chất_lượng sản_phẩm rất ok
lỗi thường xuyên. Vừa chậm vừa đơ. Thuê thêm nhân chuyên gia làm phần mềm đi !,1,vn.tiki.app.tikiandroid,negative,vi,lỗi thường xuyên vừa chậm vừa đơ thuê thêm nhân chuyên gia làm phần mềm đi,lỗi thường_xuyên vừa chậm vừa đơ thuê thêm nhân chuyên_gia làm phần_mềm đi
K có những đồ hot trend,1,vn.tiki.app.tikiandroid,negative,vi,không có những đồ hot trend,không có những đồ hot trend
Bán hàng mắc,1,vn.tiki.app.tikiandroid,negative,vi,bán hàng mắc,bán hàng mắc
Rất hữu ích và tiện dụng,5,vn.tiki.app.tikiandroid,positive,vi,rất hữu ích và tiện dụng,rất hữu_ích và tiện_dụng
app sale cx oke mà ít voucher quá ạ 😭😭😍,5,vn.tiki.app.tikiandroid,positive,vi,app sale cũng oke mà ít voucher quá ạ,app sale cũng oke mà ít voucher quá ạ
"Ngày xưa ở VN mình chỉ dùng TIKI, sau khi về VN mình cảm thấy TIKI thay đổi nhiều về trải nghiệm quá. Chọn ""sắp xếp giá cao đến thấp hay ngược lại"" TIKI lại ưu tiên những sản phầm được quảng cáo. 1 2 dòng đầu thì ok, đằng này lại loạn hết cả lên. Trải nghiệm tệ. Đây là mấu chốt để giết chết 1 trang thương mại điện tử, đừng khinh thường trải nghiệm lướt của khách hàng thế chứ. Mình nghĩ""TIKI nên định hình, mình là trang thương mại điện tử của VN, nên tập trung vào sản phẩm Việt, hỗ trợ Người Bán.",2,vn.tiki.app.tikiandroid,negative,vi,ngày xưa ở vn mình chỉ dùng tiki sau khi về vn mình cảm thấy tiki thay đổi nhiều về trải nghiệm quá chọn sắp xếp giá cao đến thấp hay ngược lại tiki lại ưu tiên những sản phầm được quảng cáo 1 2 dòng đầu thì ok đằng này lại loạn hết cả lên trải nghiệm tệ đây là mấu chốt để giết chết 1 trang thương mại điện tử đừng khinh thường trải nghiệm lướt của khách hàng thế chứ mình nghĩ tiki nên định hình mình là trang thương mại điện tử của vn nên tập trung vào sản phẩm việt hỗ trợ người bán,ngày_xưa ở vn mình chỉ dùng tiki sau khi về vn mình cảm_thấy tiki thay_đổi nhiều về trải_nghiệm quá chọn sắp_xếp giá cao đến thấp hay ngược_lại tiki lại ưu_tiên những sản_phầm được quảng_cáo 1 2 dòng đầu thì ok_đằng này lại loạn hết cả lên trải_nghiệm tệ đây là mấu_chốt để giết chết 1 trang thương_mại_điện_tử đừng khinh_thường trải_nghiệm lướt của khách_hàng thế chứ mình nghĩ tiki nên định_hình mình là trang thương_mại_điện_tử của vn nên tập_trung vào sản_phẩm việt hỗ_trợ người bán
"dịch vụ tốt,sản phẩm chất lượng giao hàng nhanh",5,vn.tiki.app.tikiandroid,positive,vi,dịch vụ tốt sản phẩm chất lượng giao hàng nhanh,dịch_vụ tốt sản_phẩm chất_lượng giao hàng nhanh
Thì xin đính chính lại đt không vô được app hay là không giảm tiền thì xin nói đây là app mua thật hàng thật không bị chúng hàng giả như shopee hay Lazada hay những app mua hàng khác còn không vô được là do đt bạn yếu hoặc là bạn không xứng đáng ở đây không có hàng giả thích thì mua chỗ khác mua chúng hàng giả thì tự chịu,5,vn.tiki.app.tikiandroid,positive,vi,thì xin đính chính lại đt không vô được app hay là không giảm tiền thì xin nói đây là app mua thật hàng thật không bị chúng hàng giả như shopee hay lazada hay những app mua hàng khác còn không vô được là do đt bạn yếu hoặc là bạn không xứng đáng ở đây không có hàng giả thích thì mua chỗ khác mua chúng hàng giả thì tự chịu,thì xin đính_chính lại đt không vô được app hay_là không giảm tiền thì xin nói đây là app mua thật hàng thật không bị chúng hàng giả như shopee hay lazada hay những app mua hàng khác còn không vô được là do đt bạn yếu hoặc là bạn không xứng_đáng ở đây không có hàng giả_thích thì mua chỗ khác mua chúng hàng giả thì tự chịu
Như con chim mă bạn mới mua lần đầu ko ưu đãi hay j mà giá còn trên trời. Nhớ jack hay j,1,vn.tiki.app.tikiandroid,negative,vi,như con chim mă bạn mới mua lần đầu không ưu đãi hay j mà giá còn trên trời nhớ jack hay j,như con chim mă bạn mới mua lần đầu không ưu_đãi hay j mà giá còn trên trời nhớ jack hay j
App mua sắm hay nhận hàng nhanh,5,vn.tiki.app.tikiandroid,positive,vi,app mua sắm hay nhận hàng nhanh,app mua_sắm hay nhận hàng nhanh
Ko vào được,1,vn.tiki.app.tikiandroid,negative,vi,không vào được,không vào được
Mật khẩu dài quá,1,vn.tiki.app.tikiandroid,negative,vi,mật khẩu dài quá,mật_khẩu dài quá
Thời gian giao hàng lâu quá.,1,vn.tiki.app.tikiandroid,negative,vi,thời gian giao hàng lâu quá,thời_gian giao hàng lâu quá
Dm lam ăn như l,1,vn.tiki.app.tikiandroid,negative,vi,tệ lam ăn như l,tệ lam_ăn như l
Ko bằng 1 góc shopee ko nên tải nhé,1,vn.tiki.app.tikiandroid,negative,vi,không bằng 1 góc shopee không nên tải nhé,không bằng 1 góc shopee không nên tải nhé
Hàng ship thì mắc ko đa dạng hàng Toàn đồ vài trâm ngàn trở lên Cho nên tuổi lôl ko boa giò bằng với mấy lazada shope,1,vn.tiki.app.tikiandroid,negative,vi,hàng ship thì mắc không đa dạng hàng toàn đồ vài trâm ngàn trở lên cho nên tuổi lôl không boa giò bằng với mấy lazada shope,hàng ship thì mắc không đa_dạng hàng toàn đồ vài trâm ngàn trở lên cho_nên tuổi lôl không boa giò bằng với mấy lazada shope
"Thiệt mua hàng tiki t nói nó giao về cục hàng không lúc nào còn nguyên đẹp,móp méo ít t tạm bỏ qua đc,đằng này không chỉ giao hàng về tệ hại mà còn hủy đơn khách,báo khách là đơn hàng dính mưa ướt nên hoàn về,dcm giỡn hả? Kêu đặt lại,đặt lại cc mình đặt rõ bản giới hạn mà nó kêu hủy đặt lại t cũng lạy thật,còn cc gi mà đặt lại hết hàng r còn gi mà đặt lại,...Nói chung tiki nó tệ vc tải về nặng máy chứ chả làm cc gi đc",1,vn.tiki.app.tikiandroid,negative,vi,thiệt mua hàng tiki t nói nó giao về cục hàng không lúc nào còn nguyên đẹp móp méo ít t tạm bỏ qua đc đằng này không chỉ giao hàng về tệ hại mà còn hủy đơn khách báo khách là đơn hàng dính mưa ướt nên hoàn về dcm giỡn hả kêu đặt lại đặt lại cc mình đặt rõ bản giới hạn mà nó kêu hủy đặt lại t cũng lạy thật còn cc gi mà đặt lại hết hàng rồi còn gi mà đặt lại nói chung tiki nó tệ vc tải về nặng máy chứ chả làm cc gi đc,thiệt mua hàng tiki t nói nó giao về cục hàng_không lúc_nào còn nguyên đẹp móp méo ít t tạm bỏ_qua đc_đằng này không_chỉ giao hàng về tệ_hại mà_còn hủy đơn khách báo khách là đơn hàng dính mưa ướt nên hoàn về dcm_giỡn hả kêu đặt lại đặt lại cc mình đặt rõ bản giới_hạn mà nó kêu hủy đặt lại t cũng lạy thật còn cc_gi mà đặt lại hết hàng rồi còn gi mà đặt lại nói_chung tiki nó tệ vc_tải về nặng máy chứ chả làm cc gi đc
Tạm ổn,5,vn.tiki.app.tikiandroid,positive,vi,tạm ổn,tạm ổn
Hàng rất chuẩn,5,vn.tiki.app.tikiandroid,positive,vi,hàng rất chuẩn,hàng rất chuẩn
"Mua đơn hàng ít khuyến mãi, phí vận chuyển cao. Chả có lý do gì dùng tiki",1,vn.tiki.app.tikiandroid,negative,vi,mua đơn hàng ít khuyến mãi phí vận chuyển cao chả có lý do gì dùng tiki,mua đơn hàng ít khuyến_mãi phí vận_chuyển cao_chả có lý_do gì dùng tiki
Quá tệ đặt áo to thành áo nhỏ,1,vn.tiki.app.tikiandroid,negative,vi,quá tệ đặt áo to thành áo nhỏ,quá tệ đặt áo to thành áo nhỏ
"Uy tín, chất lượng, đơn hàng nhanh",5,vn.tiki.app.tikiandroid,positive,vi,uy tín chất lượng đơn hàng nhanh,uy_tín chất_lượng đơn hàng nhanh
"Lắng nghe cho kỹ nhé Mấy ace đang vận hành app tiki Thứ 1.app cùi,chậm như rùa bò Thứ 2.Hàng hóa không đa dạng,không kích thích người mua, Thứ 3.bộ phận chăm sóc cù nhày,thách thức khách hàng. App này mãi mãi chỉ đi sau Shopee, Lazada, Tik Tok shop.",1,vn.tiki.app.tikiandroid,negative,vi,lắng nghe cho kỹ nhé mấy ace đang vận hành app tiki thứ 1 app cùi chậm như rùa bò thứ 2 hàng hóa không đa dạng không kích thích người mua thứ 3 bộ phận chăm sóc cù nhày thách thức khách hàng app này mãi mãi chỉ đi sau shopee lazada tik tok shop,lắng_nghe cho kỹ nhé mấy ace đang vận_hành app tiki thứ 1 app cùi chậm như rùa bò thứ 2 hàng hóa không đa_dạng không kích_thích người mua thứ 3 bộ_phận chăm_sóc cù_nhày thách_thức khách_hàng app này mãi_mãi chỉ đi sau shopee lazada tik tok shop
Chả thấy ưu đãi ng mới,1,vn.tiki.app.tikiandroid,negative,vi,chả thấy ưu đãi người mới,chả thấy ưu_đãi người mới
Tiki của Việt Nam mãi tin tưởng,5,vn.tiki.app.tikiandroid,positive,vi,tiki của việt nam mãi tin tưởng,tiki của việt_nam mãi tin_tưởng
"Vay 10 triệu ngay tại VAY9 . C0M không lãi Alo, cả nhà ai vay gõ Vay9. C0M giúp mình khá good. thông báo của tiki la lên làm tôi hết hồn, 1 sao",5,vn.tiki.app.tikiandroid,positive,vi,vay 10 triệu ngay tại vay9 c0m không lãi alo cả nhà ai vay gõ vay9 c0m giúp mình khá good thông báo của tiki la lên làm tôi hết hồn 1 sao,vay 10 triệu ngay tại vay9 c0m không lãi alo cả nhà ai vay gõ vay9 c0m giúp mình khá good thông_báo của tiki_la lên làm tôi hết hồn 1 sao
Ứng dụng mua sắm tốt,5,vn.tiki.app.tikiandroid,positive,vi,ứng dụng mua sắm tốt,ứng_dụng mua_sắm tốt
Đồ đất chất lượng không tốt Mọi người đừng nên tải,1,vn.tiki.app.tikiandroid,negative,vi,đồ đất chất lượng không tốt mọi người đừng nên tải,đồ đất chất_lượng không tốt mọi người đừng nên tải
"Alo, cả nhà ai vay gõ Vay9. C0M giúp mình khá good. thông báo của tiki la lên làm tôi hết hồn, 1 sao",5,vn.tiki.app.tikiandroid,positive,vi,alo cả nhà ai vay gõ vay9 c0m giúp mình khá good thông báo của tiki la lên làm tôi hết hồn 1 sao,alo cả nhà ai vay gõ vay9 c0m giúp mình khá good thông_báo của tiki_la lên làm tôi hết hồn 1 sao
Kh vào đc,1,vn.tiki.app.tikiandroid,negative,vi,kh vào đc,kh vào đc
Nhất định bảo sản phẩm ko hỗ trợ giao đến địa chỉ đang chọn. Chả lẽ chuyển nhà?,1,vn.tiki.app.tikiandroid,negative,vi,nhất định bảo sản phẩm không hỗ trợ giao đến địa chỉ đang chọn chả lẽ chuyển nhà,nhất_định bảo sản_phẩm không hỗ_trợ giao đến địa_chỉ đang chọn chả_lẽ chuyển nhà
Vô cứ out,1,vn.tiki.app.tikiandroid,negative,vi,vô cứ out,vô cứ out
Giao hàng nhanh. Chất lượng tốt,5,vn.tiki.app.tikiandroid,positive,vi,giao hàng nhanh chất lượng tốt,giao hàng nhanh chất_lượng tốt
"Cập nhật xác nhận mật khẩu qua email,vào email lấy mật khẩu xác nhận thì đăng nhập lại,lại gửi xác nhận email khác, chẳng lẽ lại đi ra quán nét,hay mua 2 điện thoại để đăng nhập tiki với email cùng lúc mới được.quá bất tiện",3,vn.tiki.app.tikiandroid,neutral,vi,cập nhật xác nhận mật khẩu qua email vào email lấy mật khẩu xác nhận thì đăng nhập lại lại gửi xác nhận email khác chẳng lẽ lại đi ra quán nét hay mua 2 điện thoại để đăng nhập tiki với email cùng lúc mới được quá bất tiện,cập_nhật xác_nhận mật_khẩu qua email vào email lấy mật_khẩu xác_nhận thì đăng_nhập lại_lại gửi xác_nhận email khác chẳng_lẽ lại đi ra quán nét hay mua 2 điện_thoại để đăng_nhập tiki với email cùng lúc mới được quá bất_tiện
ứng dụng có thể thêm cách tìm kiếm sản phẩm bằng hình ảnh để khách hàng dễ tìm kiếm sản phẩm,4,vn.tiki.app.tikiandroid,positive,vi,ứng dụng có thể thêm cách tìm kiếm sản phẩm bằng hình ảnh để khách hàng dễ tìm kiếm sản phẩm,ứng_dụng có_thể thêm cách tìm_kiếm sản_phẩm bằng hình_ảnh để khách_hàng dễ tìm_kiếm sản_phẩm
Làm thử thách ko nhận được xu . mất thời gian,3,vn.tiki.app.tikiandroid,neutral,vi,làm thử thách không nhận được xu mất thời gian,làm thử_thách không nhận được xu mất thời_gian
"Không thay đổi được địa chỉ giao hàng, hỏng mất đơn",1,vn.tiki.app.tikiandroid,negative,vi,không thay đổi được địa chỉ giao hàng hỏng mất đơn,không thay_đổi được địa_chỉ giao hàng hỏng mất đơn
"Rất tệ, thà dùng shoppe còn hơn",1,vn.tiki.app.tikiandroid,negative,vi,rất tệ thà dùng shoppe còn hơn,rất tệ_thà dùng shoppe còn hơn
Ứng dụng súcvật đéok có dịch vụ mong muốn như nạp thẻ áp dụng tiki xu,1,vn.tiki.app.tikiandroid,negative,vi,ứng dụng súcvật đéok có dịch vụ mong muốn như nạp thẻ áp dụng tiki xu,ứng_dụng súcvật_đéok có dịch_vụ mong_muốn như nạp thẻ áp_dụng tiki xu
như c í!!!!!!,1,vn.tiki.app.tikiandroid,negative,vi,như c í,như c í
Mua cái thẻ nạp thanh toán xong hết bắt chờ trong khi đang cần liền chịu luôn,1,vn.tiki.app.tikiandroid,negative,vi,mua cái thẻ nạp thanh toán xong hết bắt chờ trong khi đang cần liền chịu luôn,mua cái thẻ_nạp thanh_toán xong hết bắt chờ trong khi đang cần liền chịu luôn
Quyết định xóa Tiki hồi đầu còn thấy ổn. Càng mua càng thấy đểu. Quyết định không sử dụng tiki nữa. Bán hàng đểu thì đừng hỏi tại sao khách hàng rời bỏ thương hiệu khác thâu tóm,2,vn.tiki.app.tikiandroid,negative,vi,quyết định xóa tiki hồi đầu còn thấy ổn càng mua càng thấy đểu quyết định không sử dụng tiki nữa bán hàng đểu thì đừng hỏi tại sao khách hàng rời bỏ thương hiệu khác thâu tóm,quyết_định xóa tiki hồi đầu còn thấy ổn càng mua càng thấy đểu quyết_định không sử_dụng tiki nữa bán hàng đểu thì đừng hỏi tại_sao khách_hàng rời bỏ thương_hiệu khác thâu_tóm
nghèo khuyến mại . giá lại cao . auto ế dài .,1,vn.tiki.app.tikiandroid,negative,vi,nghèo khuyến mại giá lại cao auto ế dài,nghèo khuyến_mại giá lại cao_auto ế dài
"Tệ, lag kinh khủng tải vêd mua sách mà mãi ko đc, xoá app luôn. Quá tệ",1,vn.tiki.app.tikiandroid,negative,vi,tệ lag kinh khủng tải vêd mua sách mà mãi không đc xoá app luôn quá tệ,tệ lag kinh khủng_tải vêd mua sách mà mãi không đc xóa app luôn quá tệ
"hoạt động chậm và không tiện như ứng dụng khác, Ấn vào xem shop mãi không đổi giao diện và thường thông báo lỗi, không có đơn vị giao hàng nhanh chỉ có giao hàng tiết kiệm. NÓI CHUNG LÀ BẰNG NHỮNH ỨNH DỤNG KHÁC.",1,vn.tiki.app.tikiandroid,negative,vi,hoạt động chậm và không tiện như ứng dụng khác ấn vào xem shop mãi không đổi giao diện và thường thông báo lỗi không có đơn vị giao hàng nhanh chỉ có giao hàng tiết kiệm nói chung là bằng nhữnh ứnh dụng khác,hoạt_động chậm và không tiện như ứng_dụng khác ấn vào xem shop mãi không đổi giao_diện và thường thông_báo lỗi không có đơn_vị giao hàng nhanh chỉ có giao hàng tiết_kiệm nói_chung là bằng nhữnh ứnh_dụng khác
App rất hay và hữu ích,5,vn.tiki.app.tikiandroid,positive,vi,app rất hay và hữu ích,app rất hay và hữu_ích
Tạo tài khoản ko đc làm hoài ko xg tốn thời gian ko nên tại nếu nóng tính app như cc,1,vn.tiki.app.tikiandroid,negative,vi,tạo tài khoản không đc làm hoài không xg tốn thời gian không nên tại nếu nóng tính app như cc,tạo tài_khoản không đc làm hoài không xg tốn thời_gian không nên tại nếu nóng_tính app như cc
Sợt 1 đằng ra 1 nẻo,3,vn.tiki.app.tikiandroid,neutral,vi,sợt 1 đằng ra 1 nẻo,sợt 1 đằng ra 1 nẻo
"Sách thật,giao hàng nhanh",5,vn.tiki.app.tikiandroid,positive,vi,sách thật giao hàng nhanh,sách thật giao hàng nhanh
"Đối tác với home paylater mà muốn mua trước trả góp sao thì không cho, bắt xác thực tài khoản, mà bấm dô xác thực tài khoản thì không tuy cập vào camera được thì làm sao xác thực. Xử lí thì chậm trễ, hẹn hoài mà k thấy khắc phục lỗi. Cả tuần rồi chưa có câu trả lời thoã đán, chỉ gởi mail xin lỗi. 1 từ chán",1,vn.tiki.app.tikiandroid,negative,vi,đối tác với home paylater mà muốn mua trước trả góp sao thì không cho bắt xác thực tài khoản mà bấm dô xác thực tài khoản thì không tuy cập vào camera được thì làm sao xác thực xử lí thì chậm trễ hẹn hoài mà không thấy khắc phục lỗi cả tuần rồi chưa có câu trả lời thoã đán chỉ gởi mail xin lỗi 1 từ chán,đối_tác với home paylater mà muốn mua trước trả_góp sao thì không cho bắt xác_thực tài_khoản mà bấm dô xác_thực tài_khoản thì không tuy_cập vào camera được thì làm_sao xác_thực xử_lí thì chậm_trễ hẹn hoài mà không thấy khắc_phục lỗi cả tuần rồi chưa có câu trả_lời thõa_đán chỉ gởi mail xin_lỗi 1 từ chán
"tiki vừa nhẹ vừa xịn , ăn đứt shopee",5,vn.tiki.app.tikiandroid,positive,vi,tiki vừa nhẹ vừa xịn ăn đứt shopee,tiki vừa nhẹ vừa xịn ăn_đứt shopee
"Mới đặt 4 quyển trên tiki giao về mở hàng móp méo ở góc hết 4 quyển, t sợ con người Tiki rồi đó lần đầu cũng là lần cuối",1,vn.tiki.app.tikiandroid,negative,vi,mới đặt 4 quyển trên tiki giao về mở hàng móp méo ở góc hết 4 quyển t sợ con người tiki rồi đó lần đầu cũng là lần cuối,mới đặt 4 quyển trên tiki giao về mở hàng móp_méo ở góc hết 4 quyển t_sợ con_người tiki rồi đó lần đầu cũng là lần cuối
"Không giao hàng đúng hạn, cskh hẹn trả lời nhưng không gọi",1,vn.tiki.app.tikiandroid,negative,vi,không giao hàng đúng hạn cskh hẹn trả lời nhưng không gọi,không giao hàng đúng hạn cskh hẹn trả_lời nhưng không gọi
"Muốn ủng hộ mà không nổi, càng ngày càng thấy như quần què. Tiki coi thường trí tuệ người mua hay sao vậy? Tổng tiền thì tổng tiền thẳng ra, còn bày đặt ghi số tiền trước khi giảm giá và số tiền được giảm giá vào khâu thanh toán, rắc rối điên lên được. Chứng tỏ mình giảm giá được nhiều hay gì???",2,vn.tiki.app.tikiandroid,negative,vi,muốn ủng hộ mà không nổi càng ngày càng thấy như quần què tiki coi thường trí tuệ người mua hay sao vậy tổng tiền thì tổng tiền thẳng ra còn bày đặt ghi số tiền trước khi giảm giá và số tiền được giảm giá vào khâu thanh toán rắc rối điên lên được chứng tỏ mình giảm giá được nhiều hay gì,muốn ủng_hộ mà không nổi càng_ngày_càng thấy như quần_què tiki coi_thường trí_tuệ người mua hay sao vậy tổng tiền thì tổng tiền thẳng ra còn bày đặt ghi số tiền trước khi giảm_giá và số tiền được giảm_giá vào khâu thanh_toán rắc_rối_điên lên được chứng_tỏ mình giảm_giá được nhiều hay gì
GH nhanh chóng. Sản phẩm bán k đa dạng,5,vn.tiki.app.tikiandroid,positive,vi,gh nhanh chóng sản phẩm bán không đa dạng,gh nhanh_chóng sản_phẩm bán không đa_dạng
Như cc,1,vn.tiki.app.tikiandroid,negative,vi,như cc,như cc
Rất tệ hại khi bị hủy đơn liên tục,1,vn.tiki.app.tikiandroid,negative,vi,rất tệ hại khi bị hủy đơn liên tục,rất tệ_hại khi bị hủy_đơn liên_tục
lag giao diện ko dễ sử dụng ko còn là tiki nơi đáng để mua sách onl nhất nx h xài shopee mua sách hữu ích hơn nhiều,1,vn.tiki.app.tikiandroid,negative,vi,lag giao diện không dễ sử dụng không còn là tiki nơi đáng để mua sách onl nhất nx h xài shopee mua sách hữu ích hơn nhiều,lag giao_diện không dễ sử_dụng không còn là tiki nơi đáng để mua sách onl nhất nx h xài shopee mua sách hữu_ích hơn nhiều
"? ""Rẻ mỗi ngày, không chỉ một ngày"" nhưng mà tủ lạnh mini Aqua store bán 2tr890 còn trên app bán hơn 3tr?????????????",3,vn.tiki.app.tikiandroid,neutral,vi,rẻ mỗi ngày không chỉ một ngày nhưng mà tủ lạnh mini aqua store bán 2tr890 còn trên app bán hơn 3tr,rẻ mỗi ngày không_chỉ một ngày nhưng_mà tủ_lạnh mini aqua store bán 2 tr890 còn trên app bán hơn 3 tr
"Mua đôi giày size 43 gửi size 34, xong đổi trả, lại gửi đôi size 38 đổi màu, cạn lời luôn Lên app đánh giá cửa hàng 1* thì app lại khômg cho Haizzz,... Chán",1,vn.tiki.app.tikiandroid,negative,vi,mua đôi giày size 43 gửi size 34 xong đổi trả lại gửi đôi size 38 đổi màu cạn lời luôn lên app đánh giá cửa hàng 1 thì app lại khômg cho haizzz chán,mua đôi giày size 43 gửi size 34 xong đổi trả lại gửi đôi size 38 đổi màu cạn lời luôn lên app đánh_giá cửa_hàng 1 thì app lại khômg cho haizzz chán
Nhớ lên auto22h để tăng like người theo dõi miễn phí ná,1,vn.tiki.app.tikiandroid,negative,vi,nhớ lên auto22h để tăng like người theo dõi miễn phí ná,nhớ lên auto22h để tăng like người theo_dõi miễn_phí ná
Sau mấy năm khoá acc như điên như dại thì h tiki sắp chết rồi. Hả dạ t ghê. Đã éo ai mua còn làm màu học theo shopee khoá acc. Cho vừa. Giá thì cao km éo có freeship càng k mà còn làm màu. Chính sách ngu như này sống đến h này cũng tài,1,vn.tiki.app.tikiandroid,negative,vi,sau mấy năm khoá tài khoản như điên như dại thì h tiki sắp chết rồi hả dạ t ghê đã éo ai mua còn làm màu học theo shopee khoá tài khoản cho vừa giá thì cao km éo có freeship càng không mà còn làm màu chính sách ngu như này sống đến h này cũng tài,sau mấy năm khóa tài_khoản như điên như dại thì h tiki sắp chết rồi hả_dạ t ghê đã éo ai mua còn làm màu học theo shopee khóa tài_khoản cho vừa giá thì cao km éo có freeship càng không mà_còn làm màu chính_sách ngu như này sống đến h này cũng tài
Vay 10 triệu không lãi tại LOAN33 . C0M,5,vn.tiki.app.tikiandroid,positive,vi,vay 10 triệu không lãi tại loan33 c0m,vay 10 triệu không lãi tại loan33 c0m
Dịch vụ rất hay đánh giá 1 sao,1,vn.tiki.app.tikiandroid,negative,vi,dịch vụ rất hay đánh giá 1 sao,dịch_vụ rất hay đánh_giá 1 sao
"Trang ko phản hồi, ship mắc, giá sản phẩm cao.",3,vn.tiki.app.tikiandroid,neutral,vi,trang không phản hồi ship mắc giá sản phẩm cao,trang không phản_hồi ship mắc giá sản_phẩm cao
"App lỗi, bị out liên tục",1,vn.tiki.app.tikiandroid,negative,vi,app lỗi bị out liên tục,app lỗi bị out liên_tục
ko co vocher giảm giá người mới,1,vn.tiki.app.tikiandroid,negative,vi,không co vocher giảm giá người mới,không co_vocher giảm_giá người mới
Lừa đảo mà ko có bên còn lại,1,vn.tiki.app.tikiandroid,negative,vi,lừa đảo mà không có bên còn lại,lừa_đảo mà không có bên còn lại
Nên khắc phục lỗi lướt xem chi tiết sản phẩm thì app dừng hoạt động. Toàn phải đóng tab rồi vào lại mới được,4,vn.tiki.app.tikiandroid,positive,vi,nên khắc phục lỗi lướt xem chi tiết sản phẩm thì app dừng hoạt động toàn phải đóng tab rồi vào lại mới được,nên khắc_phục lỗi lướt xem chi_tiết sản_phẩm thì app dừng hoạt_động toàn phải đóng tab rồi vào lại mới được
Sao vào ko được ?,1,vn.tiki.app.tikiandroid,negative,vi,sao vào không được,sao vào không được
"Biết lắng nghe khách hàng ạ, em có than là phí ship cao hơn tiền sách nên không dám đặt, tiki tặng liền cho mấy mã giảm giá phí ship, rất yêuuuu",5,vn.tiki.app.tikiandroid,positive,vi,biết lắng nghe khách hàng ạ em có than là phí ship cao hơn tiền sách nên không dám đặt tiki tặng liền cho mấy mã giảm giá phí ship rất yêuuuu,biết lắng_nghe khách_hàng ạ em có than là phí ship cao hơn tiền sách nên không dám đặt tiki tặng liền cho mấy mã giảm_giá phí ship rất yêuuuu
Livable,5,vn.tiki.app.tikiandroid,positive,vi,livable,livable
tôi rất thích,5,vn.tiki.app.tikiandroid,positive,vi,tôi rất thích,tôi rất thích
"Giao hàng siêu lâu, cập nhật đơn hàng cực kì cẩu thả =)) bộ phận chăm sóc khách hàng làm việc cho có hả? Trả lời qua loa theo văn mẫu. Đây chắc lần cuối đặt hàng trên Tiki quá😃",1,vn.tiki.app.tikiandroid,negative,vi,giao hàng siêu lâu cập nhật đơn hàng cực kì cẩu thả bộ phận chăm sóc khách hàng làm việc cho có hả trả lời qua loa theo văn mẫu đây chắc lần cuối đặt hàng trên tiki quá,giao hàng siêu_lâu cập_nhật đơn hàng cực_kì cẩu_thả bộ_phận chăm_sóc khách_hàng làm_việc cho có hả trả_lời qua_loa theo văn_mẫu đây chắc lần cuối đặt_hàng trên tiki quá
Happy Happy,5,vn.tiki.app.tikiandroid,positive,vi,happy happy,happy happy
Ứng dụng quá lag vào là bị văng ra ko thể sử sụng được.,1,vn.tiki.app.tikiandroid,negative,vi,ứng dụng quá lag vào là bị văng ra không thể sử sụng được,ứng_dụng quá lag vào là bị văng ra không_thể sử_sụng được
App như pịa mua có quyển sách bay hơn trăm chán chả muốn nói,1,vn.tiki.app.tikiandroid,negative,vi,app như pịa mua có quyển sách bay hơn trăm chán chả muốn nói,app như pịa mua có quyển sách bay hơn trăm chán_chả muốn nói
ko nên,2,vn.tiki.app.tikiandroid,negative,vi,không nên,không nên
Nếu nói về chất lượng thì đây là app mua sắm khỏi phải lưỡng lự vì rất chất lượng nhé 👍,5,vn.tiki.app.tikiandroid,positive,vi,nếu nói về chất lượng thì đây là app mua sắm khỏi phải lưỡng lự vì rất chất lượng nhé,nếu nói về chất_lượng thì đây là app mua_sắm khỏi phải lưỡng_lự vì rất chất_lượng nhé
Khá hài lòng khi có nhu cầu,5,vn.tiki.app.tikiandroid,positive,vi,khá hài lòng khi có nhu cầu,khá hài_lòng khi có nhu_cầu
giá quá cao,1,vn.tiki.app.tikiandroid,negative,vi,giá quá cao,giá quá cao
"ko làm game công bằng thì dẹp mẹ đi,game ghép trận ko bao h công bằng ,tướng bên mình thì yếu ko ra damge team bạn thì bắn như hack damge nổ cực to",1,com.garena.game.kgvn,negative,vi,không làm game công bằng thì dẹp mẹ đi game ghép trận không bao h công bằng tướng bên mình thì yếu không ra damge team bạn thì bắn như hack damge nổ cực to,không làm game công_bằng thì dẹp mẹ đi game ghép trận không bao_h công_bằng tướng bên mình thì yếu không ra damge team bạn thì bắn như hack damge nổ cực to
"game nhiều trẻ trâu, mình mong nhà phát triển thay đổi sever theo trình độ của người chơi,mik mong phát triển sẽ thực hiện:((",1,com.garena.game.kgvn,negative,vi,game nhiều trẻ trâu mình mong nhà phát triển thay đổi sever theo trình độ của người chơi mik mong phát triển sẽ thực hiện,game nhiều trẻ trâu mình mong nhà phát_triển thay_đổi sever theo trình_độ của người chơi mik_mong phát_triển sẽ thực_hiện
ko rep tn tôi tạo 2 acc mới mà đăng nhập ko được mà còn báo lỗi nx rep tn của nick fb trúc phạm đi đăng nhập ko đc 2 email bỏ phí cay vãi lun ông nào làm bài đọc đc coment này thì hãy xử lí cho tôi tôi hiên tại rất bất mãn nếu ko xử lí trong vòng 1 tuần thì tôi đảm bảo 4 nick email phụ cũng cho 1 * lun rồi toi lấy nick email bame cho 1* nx tính đi 10acc thì mỗi cái 1* nhé ko 1 ngày là +1* nhé tôi ko đe doạ toi muốn các a xử lí,1,com.garena.game.kgvn,negative,vi,không rep tn tôi tạo 2 tài khoản mới mà đăng nhập không được mà còn báo lỗi nx rep tn của nick fb trúc phạm đi đăng nhập không đc 2 email bỏ phí cay vãi lun ông nào làm bài đọc đc coment này thì hãy xử lí cho tôi tôi hiên tại rất bất mãn nếu không xử lí trong vòng 1 tuần thì tôi đảm bảo 4 nick email phụ cũng cho 1 lun rồi toi lấy nick email bame cho 1 nx tính đi 10acc thì mỗi cái 1 nhé không 1 ngày là 1 nhé tôi không đe doạ toi muốn các a xử lí,không rep tn tôi tạo 2 tài_khoản mới mà đăng_nhập không được mà_còn báo lỗi nx rep tn của nick fb trúc_phạm đi đăng_nhập không đc 2 email bỏ phí cay_vãi lun ông nào làm bài đọc đc coment này thì hãy xử_lí cho tôi tôi hiên tại rất bất_mãn nếu không xử_lí trong vòng 1 tuần thì tôi đảm_bảo 4 nick email phụ cũng cho 1 lun rồi toi lấy nick email bame cho 1 nx tính đi 10 acc thì mỗi cái 1 nhé không 1 ngày là 1 nhé tôi không đe dọa_toi muốn các a xử_lí
ko có 1 trận ra hồn team ngu đeí gánh nhổi,1,com.garena.game.kgvn,negative,vi,không có 1 trận ra hồn team ngu đeí gánh nhổi,không có 1 trận ra hồn team ngu đeí gánh nhổi
game rất nhiều người nói tục và từ ngữ xúc phạm khiến cho mỗi khi chơi game không có cảm giác thoải mái,1,com.garena.game.kgvn,negative,vi,game rất nhiều người nói tục và từ ngữ xúc phạm khiến cho mỗi khi chơi game không có cảm giác thoải mái,game rất nhiều người nói_tục và từ_ngữ xúc_phạm khiến cho mỗi khi chơi game không có cảm_giác thoải_mái
mẹ ghép cho toàn đồng đội ngu,1,com.garena.game.kgvn,negative,vi,mẹ ghép cho toàn đồng đội ngu,mẹ ghép cho toàn đồng_đội ngu
chơi lúc nào cx thua còn bị toxic đã vậy còn bị ks nữa,1,com.garena.game.kgvn,negative,vi,chơi lúc nào cũng thua còn bị toxic đã vậy còn bị ks nữa,chơi lúc_nào cũng thua còn bị toxic đã vậy còn bị ks nữa
game lag nhiều,1,com.garena.game.kgvn,negative,vi,game lag nhiều,game lag nhiều
game như lòn rank đơn ghép toàn sv,1,com.garena.game.kgvn,negative,vi,game như lòn rank đơn ghép toàn người chơi,game như lòn rank đơn_ghép toàn người chơi
game vui lắm nên trải nghiệm,5,com.garena.game.kgvn,positive,vi,game vui lắm nên trải nghiệm,game vui lắm nên trải_nghiệm
game ko tối ưu cho người chơi trừ uy tính oan game như rác bị out game liên tục uy tính cũng vậy thu HOK nên qua bểnh chơi mượt hơn tối ưu hơn lồng lộn hơn tốt hơn game rác này nhiều .,1,com.garena.game.kgvn,negative,vi,game không tối ưu cho người chơi trừ uy tính oan game như rác bị out game liên tục uy tính cũng vậy thu hok nên qua bểnh chơi mượt hơn tối ưu hơn lồng lộn hơn tốt hơn game rác này nhiều,game không tối_ưu cho người chơi_trừ uy_tính oan_game như rác bị out game liên_tục uy_tính cũng vậy thu hok nên qua bểnh chơi mượt hơn tối_ưu hơn lồng_lộn hơn tốt hơn game rác này nhiều
Tốn nhiều dung lượng,3,com.garena.game.kgvn,neutral,vi,tốn nhiều dung lượng,tốn nhiều dung_lượng
hơi lagg vs nó cứ tự tải tài nguyên hơi khó chịu nhưng thích chơi,4,com.garena.game.kgvn,positive,vi,hơi lag vs nó cứ tự tải tài nguyên hơi khó chịu nhưng thích chơi,hơi lag vs nó cứ tự_tải tài_nguyên hơi khó_chịu nhưng thích chơi
game rác,1,com.garena.game.kgvn,negative,vi,game rác,game rác
ghép đội ngu như cac,1,com.garena.game.kgvn,negative,vi,ghép đội ngu như cac,ghép đội ngu như cac
ghép trận ngu nhu cho ghép toàn trâu với bò,1,com.garena.game.kgvn,negative,vi,ghép trận ngu nhu cho ghép toàn trâu với bò,ghép trận ngu nhu cho ghép toàn trâu với bò
game chơi toàn gặp sv chơi phải tải này nọ lắm game rác cho sv chơi,1,com.garena.game.kgvn,negative,vi,game chơi toàn gặp người chơi chơi phải tải này nọ lắm game rác cho người chơi chơi,game chơi toàn gặp người chơi chơi phải_tải này nọ lắm game rác cho người chơi chơi
lệch rank,1,com.garena.game.kgvn,negative,vi,lệch rank,lệch rank
"chơi game thua nhiều hơn cả thắng,khẩu hiệu pet bắt phải có khẩu hiệu vàng nhưng nhiều đứa lại có free làm ăn kiểu gì vậy!",1,com.garena.game.kgvn,negative,vi,chơi game thua nhiều hơn cả thắng khẩu hiệu pet bắt phải có khẩu hiệu vàng nhưng nhiều đứa lại có free làm ăn kiểu gì vậy,chơi game_thua nhiều hơn cả thắng khẩu_hiệu pet bắt phải có khẩu_hiệu vàng nhưng nhiều đứa lại có free làm_ăn kiểu gì vậy
"lag, ng chs k văn minh, mất acc, nhiều ng vào phá rank",3,com.garena.game.kgvn,neutral,vi,lag người chơi không văn minh mất tài khoản nhiều người vào phá rank,lag người chơi không văn_minh mất tài_khoản nhiều người vào phá rank
dm t bị thoát trận xong dell dc chs bị trừ uy tín,1,com.garena.game.kgvn,negative,vi,tệ t bị thoát trận xong không được chơi bị trừ uy tín,tệ t bị thoát trận xong không được chơi bị trừ uy_tín
trải nghiệm cực tệ với game can thiệp tỉ lệ ván đấu khiến người chơi ức chế,1,com.garena.game.kgvn,negative,vi,trải nghiệm cực tệ với game can thiệp tỉ lệ ván đấu khiến người chơi ức chế,trải_nghiệm cực_tệ với game can_thiệp tỉ_lệ ván đấu khiến người chơi ức_chế
game hay,5,com.garena.game.kgvn,positive,vi,game hay,game hay
good game 🤓,5,com.garena.game.kgvn,positive,vi,good game,good game
"Ai xúi game cho một đóng hiệu ứng vô vậy? Hết tết rồi bỏ cái nền bắn pháo hoa dùm cái đi, mong game fix lại lỗi",2,com.garena.game.kgvn,negative,vi,ai xúi game cho một đóng hiệu ứng vô vậy hết tết rồi bỏ cái nền bắn pháo hoa dùm cái đi mong game fix lại lỗi,ai xúi game cho một đóng hiệu_ứng vô vậy hết tết rồi bỏ cái nền bắn pháo_hoa dùm cái đi mong_game fix lại lỗi
tải với cập nhật tốn quá nhiều dung lượng rồi vừa cập nhật xong bắt tải đồ hoạ này nọ tải đồ hoạ mà vô chơi nó lag muốn banh cái đt với nó xếp lệch rank rồi cho tao đồng đội nhưl,2,com.garena.game.kgvn,negative,vi,tải với cập nhật tốn quá nhiều dung lượng rồi vừa cập nhật xong bắt tải đồ hoạ này nọ tải đồ hoạ mà vô chơi nó lag muốn banh cái đt với nó xếp lệch rank rồi cho tao đồng đội nhưl,tải với cập_nhật tốn quá nhiều dung_lượng rồi vừa cập_nhật xong bắt_tải đồ_họa này nọ_tải đồ họa mà vô_chơi nó lag muốn banh cái đt với nó xếp lệch rank rồi cho tao đồng_đội nhưl
game chơi kiểu gì mà ko sài chiêu đc lỗi tự đi chuyển mong game khắc phục,2,com.garena.game.kgvn,negative,vi,game chơi kiểu gì mà không sài chiêu đc lỗi tự đi chuyển mong game khắc phục,game chơi kiểu gì mà không sài chiêu đc lỗi tự đi chuyển mong game khắc_phục
ghép team như quần game thì lag,1,com.garena.game.kgvn,negative,vi,ghép team như quần game thì lag,ghép team như quần_game thì lag
cơ chế ghép đơn chán,2,com.garena.game.kgvn,negative,vi,cơ chế ghép đơn chán,cơ_chế ghép đơn chán
game buff chp con butterfly mạnh vaiz kăc,1,com.garena.game.kgvn,negative,vi,game buff chp con butterfly mạnh vaiz kăc,game buff chp con butterfly mạnh vaiz kăc
khá hay và vui và căng thăng,5,com.garena.game.kgvn,positive,vi,khá hay và vui và căng thăng,khá hay và vui và căng thăng
Lien quan mobie Cap nhat 2024,5,com.garena.game.kgvn,positive,vi,lien quan mobie cap nhat 2024,lien quan_mobie cap nhat 2024
game khá nhiều trẻ châu thua cái là nói tục nói lại cái bắt đầu phá,2,com.garena.game.kgvn,negative,vi,game khá nhiều trẻ châu thua cái là nói tục nói lại cái bắt đầu phá,game khá nhiều trẻ châu_thua cái_là nói_tục nói lại cái bắt_đầu phá
"game như lol ghép toàn gặp team ngu ,afk,hack game",1,com.garena.game.kgvn,negative,vi,game như lol ghép toàn gặp team ngu afk hack game,game như lol ghép toàn gặp team ngu afk hack game
chịu game acc đăng nhập garena cx bị hack ko hỉu vận hành kỉu j,1,com.garena.game.kgvn,negative,vi,chịu game tài khoản đăng nhập garena cũng bị hack không hỉu vận hành kỉu j,chịu game tài_khoản đăng_nhập garena cũng bị hack không hỉu vận_hành kỉu j
Ghép toàn thk ngu thua quài,4,com.garena.game.kgvn,positive,vi,ghép toàn thk ngu thua quài,ghép toàn thk ngu thua quài
ghép trận như đb,1,com.garena.game.kgvn,negative,vi,ghép trận như đb,ghép trận như đb
game như qq toàn hack máp ko,2,com.garena.game.kgvn,negative,vi,game như qq toàn hack máp không,game như qq toàn hack máp không
game lolll càng đánh càng đổ điên...mẹ game lom,1,com.garena.game.kgvn,negative,vi,game lolll càng đánh càng đổ điên mẹ game lom,game lolll càng đánh càng đổ điên mẹ game lom
mía game càng ngày càng xuốg vl ghép trận toàn gặp 4 chân nhiều khi thấy 4 chân còn có giá trị hơn á,1,com.garena.game.kgvn,negative,vi,mía game càng ngày càng xuốg vl ghép trận toàn gặp 4 chân nhiều khi thấy 4 chân còn có giá trị hơn á,mía game càng_ngày_càng xuốg vl ghép trận toàn gặp 4 chân nhiều khi thấy 4 chân còn có giá_trị hơn á
tạm,4,com.garena.game.kgvn,positive,vi,tạm,tạm
game hay nhưng bị mẹ gank nên đánh giá 1 sao đề nghị Garena khắc phục lỗi,1,com.garena.game.kgvn,negative,vi,game hay nhưng bị mẹ gank nên đánh giá 1 sao đề nghị garena khắc phục lỗi,game hay nhưng bị mẹ gank nên đánh_giá 1 sao đề_nghị garena khắc_phục lỗi
Game lon,1,com.garena.game.kgvn,negative,vi,game lon,game lon
Game rác toàn bịp ko nên tải,1,com.garena.game.kgvn,negative,vi,game rác toàn bịp không nên tải,game rác toàn bịp không nên tải
oki á :],4,com.garena.game.kgvn,positive,vi,oki á,oki á
ko vô đồng đều lúc ban pick nên nhìu lúc khó chịu,2,com.garena.game.kgvn,negative,vi,không vô đồng đều lúc ban pick nên nhìu lúc khó chịu,không vô đồng_đều lúc ban pick nên nhìu lúc khó_chịu
ổn mà trận hơi lâu,5,com.garena.game.kgvn,positive,vi,ổn mà trận hơi lâu,ổn mà trận hơi lâu
máy mình yếu nên ko tải gói hình ảnh xong lúc mình đang chơi hoặc thoát ra vô lại thì liên quân tự tải mấy cái mình đã dừng tải xong lúc mình đang chơi thì tự tải xong mình bị văng game trừ uy tính đã rất nhiều lần game tự tải gói dữ liệu mình đã tạm dừng văng và trừ uy tính rất nhiều,1,com.garena.game.kgvn,negative,vi,máy mình yếu nên không tải gói hình ảnh xong lúc mình đang chơi hoặc thoát ra vô lại thì liên quân tự tải mấy cái mình đã dừng tải xong lúc mình đang chơi thì tự tải xong mình bị văng game trừ uy tính đã rất nhiều lần game tự tải gói dữ liệu mình đã tạm dừng văng và trừ uy tính rất nhiều,máy mình yếu nên không tải gói hình_ảnh xong lúc mình đang chơi hoặc thoát ra vô lại thì liên_quân tự_tải mấy cái mình đã dừng tải xong lúc mình đang chơi thì tự_tải xong mình bị văng game_trừ uy_tính đã rất nhiều lần game tự_tải gói dữ_liệu mình đã tạm dừng văng và trừ uy_tính rất nhiều
ghép team như tật,1,com.garena.game.kgvn,negative,vi,ghép team như tật,ghép team như tật
"game hay , dễ nghiện🙆",5,com.garena.game.kgvn,positive,vi,game hay dễ nghiện,game hay dễ nghiện
game hay nhaaa,5,com.garena.game.kgvn,positive,vi,game hay nhaaa,game hay nhaaa
game j mà cứ lag là cứ trừ uy tín,2,com.garena.game.kgvn,negative,vi,game j mà cứ lag là cứ trừ uy tín,game j mà cứ lag là cứ trừ uy_tín
trơi quày mà không tăng uy tín không chơi xh được gem lõ vãi,2,com.garena.game.kgvn,negative,vi,trơi quày mà không tăng uy tín không chơi xh được gem lõ vãi,trơi quày mà không tăng uy_tín không chơi xh được gem lõ vãi
xóa đi tải lại ko vô đc cứ chạy ở 0% ý,4,com.garena.game.kgvn,positive,vi,xóa đi tải lại không vô đc cứ chạy ở 0 ý,xóa đi tải lại không vô_đc cứ chạy ở 0 ý
game hay ko có nhưng,5,com.garena.game.kgvn,positive,vi,game hay không có nhưng,game hay không có nhưng
ghép trận toàn gặp phá afk mà tố cáo thì trừ có 7 uy tín,1,com.garena.game.kgvn,negative,vi,ghép trận toàn gặp phá afk mà tố cáo thì trừ có 7 uy tín,ghép trận toàn gặp phá afk mà tố_cáo thì trừ có 7 uy_tín
"game chán,garena hút máu, người chơi đơn ức chế bởi team,thua ko rõ lí do,game tồi không như ngày xưa",1,com.garena.game.kgvn,negative,vi,game chán garena hút máu người chơi đơn ức chế bởi team thua không rõ lí do game tồi không như ngày xưa,game chán garena hút máu người chơi đơn_ức_chế bởi team_thua không rõ lí_do game tồi không như ngày_xưa
game hơn loll nói thật garena và nhà làm game tinmi ko sửa lỗi sữa tính năng thây đổi tính năng gép trận thì game chết meh đi là vứa,1,com.garena.game.kgvn,negative,vi,game hơn loll nói thật garena và nhà làm game tinmi không sửa lỗi sữa tính năng thây đổi tính năng gép trận thì game chết meh đi là vứa,game hơn loll nói thật garena và nhà làm game tinmi không sửa lỗi sữa tính_năng thây_đổi tính_năng gép_trận thì game chết meh đi là vứa
rat hay,5,com.garena.game.kgvn,positive,vi,rat hay,rat hay
load trận cả tiếng k cho vào out vào lại thì bị trừ uytin afk,3,com.garena.game.kgvn,neutral,vi,load trận cả tiếng không cho vào out vào lại thì bị trừ uytin afk,load trận cả tiếng không cho vào out vào lại thì bị trừ uytin afk
"game h rác vl,nó rõ ràng đứng yên trong tế đàn thậm chí còn không nhúc nhích một tí nào mà không tính là afk đồng đội afk thì vẫn bị trừ sao như thường trả lại cơ chế game cũ đây",1,com.garena.game.kgvn,negative,vi,game h rác vl nó rõ ràng đứng yên trong tế đàn thậm chí còn không nhúc nhích một tí nào mà không tính là afk đồng đội afk thì vẫn bị trừ sao như thường trả lại cơ chế game cũ đây,game h rác vl nó rõ_ràng đứng yên trong tế đàn thậm_chí còn không nhúc_nhích một_tí nào mà không tính là afk đồng_đội afk thì vẫn bị trừ sao như thường trả lại cơ_chế game cũ đây
game chs hút máu vổn lài ra,1,com.garena.game.kgvn,negative,vi,game chơi hút máu vổn lài ra,game chơi hút máu vổn lài ra
thế dell nào vào game bị đơ ra ko có thao tác được,1,com.garena.game.kgvn,negative,vi,thế không nào vào game bị đơ ra không có thao tác được,thế không nào vào game bị đơ ra không có thao_tác được
game đc,5,com.garena.game.kgvn,positive,vi,game đc,game đc
ghép cc đm chọn đg chính mid ghép toàn bắt ik ad nó chọn ad phá hủy trận thì phạt game như cl,1,com.garena.game.kgvn,negative,vi,ghép cc đm chọn đg chính mid ghép toàn bắt ik ad nó chọn ad phá hủy trận thì phạt game như cl,ghép cc đm chọn đg chính mid ghép toàn bắt ik ad nó chọn ad_phá hủy_trận thì phạt game như cl
"Hệ thống tố cáo, tính điểm, vai trò thiếu xác thực, ai tôn trọng sự công bằng thì không nên chơi",1,com.garena.game.kgvn,negative,vi,hệ thống tố cáo tính điểm vai trò thiếu xác thực ai tôn trọng sự công bằng thì không nên chơi,hệ_thống tố_cáo tính điểm vai_trò thiếu xác_thực ai tôn_trọng sự công_bằng thì không nên chơi
game chơi vui vãi chưởng nhưng mong anh gà tặng cho em thẻ giá 999qh nhe nhưng game qias hay,5,com.garena.game.kgvn,positive,vi,game chơi vui vãi chưởng nhưng mong anh gà tặng cho em thẻ giá 999qh nhe nhưng game qias hay,game chơi vui vãi_chưởng nhưng mong anh gà tặng cho em thẻ giá 999 qh nhe nhưng game qias hay
"game kiểu cố làm khó mih á,ghép team toàn mấy bọn nghỉ hè,phá r tố cáo tùm lum🥰",1,com.garena.game.kgvn,negative,vi,game kiểu cố làm khó mih á ghép team toàn mấy bọn nghỉ hè phá rồi tố cáo tùm lum,game kiểu cố làm_khó mih á_ghép team toàn mấy bọn nghỉ_hè phá rồi tố_cáo tùm_lum
"ghép team đầu toàn bã mía đè tem. Chơi thua liên tục, feed 11 mạng mà tố cáo không bị trừ uy tín, cay cú éo tả được. Game chiến thuật mà thắng bại tại con lính, cuối game full đồ chí mạng mà đánh không tuột máu. Khi nào giảm sức mạnh con lính thì tao tải lại.",1,com.garena.game.kgvn,negative,vi,ghép team đầu toàn bã mía đè tem chơi thua liên tục feed 11 mạng mà tố cáo không bị trừ uy tín cay cú éo tả được game chiến thuật mà thắng bại tại con lính cuối game full đồ chí mạng mà đánh không tuột máu khi nào giảm sức mạnh con lính thì tao tải lại,ghép team đầu toàn bã mía đè_tem chơi thua liên_tục feed 11 mạng mà tố_cáo không bị trừ uy_tín_cay cú éo_tả được game chiến_thuật mà thắng_bại tại con lính cuối game full_đồ chí_mạng mà đánh không tuột máu khi nào giảm sức_mạnh con lính thì tao_tải lại
nói tối ưu r biết khi nào tối ưu o điện thoại tôi nó không có màn xuất hiện với skin độ hoạ lại xấu dù đã chỉnh độ hoạ cao,1,com.garena.game.kgvn,negative,vi,nói tối ưu rồi biết khi nào tối ưu o điện thoại tôi nó không có màn xuất hiện với skin độ hoạ lại xấu dù đã chỉnh độ hoạ cao,nói tối_ưu rồi biết khi nào tối_ưu_o điện_thoại tôi nó không có màn xuất_hiện với skin_độ họa lại xấu dù đã chỉnh_độ họa cao
10 điểm,5,com.garena.game.kgvn,positive,vi,10 điê m,10 điê m
ngày lễ không gửi rương chọn skin cho từng acc đi mà phải bắt nhập code,1,com.garena.game.kgvn,negative,vi,ngày lễ không gửi rương chọn skin cho từng tài khoản đi mà phải bắt nhập code,ngày lễ không gửi rương chọn skin cho từng tài_khoản đi mà phải bắt nhập code
Không cho cài cài đạt trên nền tảng giả lập,1,com.garena.game.kgvn,negative,vi,không cho cài cài đạt trên nền tảng giả lập,không cho cài cài đạt trên nền_tảng giả lập
được đấy.,5,com.garena.game.kgvn,positive,vi,được đấy,được đấy
hay :)),5,com.garena.game.kgvn,positive,vi,hay,hay
ra lại aya cccv vào ngày 8/3 đi 😭,5,com.garena.game.kgvn,positive,vi,ra lại aya cccv vào ngày 8 3 đi,ra lại aya cccv vào ngày 8 3 đi
nhiều phá gems 10 chan trong đó co 9 chan ghép với phá gems mạng lác cho dù ko tải giảm đồ hoạ vẫn lác chơi ma thấy nản,1,com.garena.game.kgvn,negative,vi,nhiều phá gems 10 chan trong đó co 9 chan ghép với phá gems mạng lác cho dù không tải giảm đồ hoạ vẫn lác chơi ma thấy nản,nhiều phá gems 10 chan trong đó co 9 chan_ghép với phá gems_mạng lác cho_dù không tải giảm đồ họa vẫn lác chơi ma thấy nản
Đang đi rừng bị mẹ kêu ăn cơm mong game khác phục lỗi,5,com.garena.game.kgvn,positive,vi,đang đi rừng bị mẹ kêu ăn cơm mong game khác phục lỗi,đang đi rừng bị mẹ kêu ăn cơm mong game khác phục lỗi
Xoá bớt mấy cái xàm đi lag lắm game ạ,3,com.garena.game.kgvn,neutral,vi,xoá bớt mấy cái xàm đi lag lắm game ạ,xóa bớt mấy cái xàm đi lag lắm game ạ
rất hay nhưng hơi đơ,5,com.garena.game.kgvn,positive,vi,rất hay nhưng hơi đơ,rất hay nhưng hơi đơ
"game nặng quá, chơi ko mượt ạ",5,com.garena.game.kgvn,positive,vi,game nặng quá chơi không mượt ạ,game nặng quá chơi không mượt ạ
chơi hay,5,com.garena.game.kgvn,positive,vi,chơi hay,chơi hay
xếp team không hợp lí,1,com.garena.game.kgvn,negative,vi,xếp team không hợp lí,xếp team không hợp_lí
ghép toàn bot,1,com.garena.game.kgvn,negative,vi,ghép toàn bot,ghép toàn bot
game rác như l ko nên chơi chơi sẽ bị bệnh tâm thần,1,com.garena.game.kgvn,negative,vi,game rác như l không nên chơi chơi sẽ bị bệnh tâm thần,game rác như l không nên chơi chơi sẽ bị bệnh_tâm_thần
vui nhưng mà tại sao ko có Skin zuka SS vậy,5,com.garena.game.kgvn,positive,vi,vui nhưng mà tại sao không có skin zuka ss vậy,vui nhưng_mà tại_sao không có skin zuka ss vậy
hệ điều ghép trận rác,1,com.garena.game.kgvn,negative,vi,hệ điều ghép trận rác,hệ điều ghép trận rác
game ghép lệch trình vl không gánh nổi,2,com.garena.game.kgvn,negative,vi,game ghép lệch trình vl không gánh nổi,game ghép lệch trình vl không gánh nổi
bạn thì kinh ròi,5,com.garena.game.kgvn,positive,vi,bạn thì kinh ròi,bạn thì kinh_ròi
Game chơi vùi,5,com.garena.game.kgvn,positive,vi,game chơi vùi,game chơi vùi
Game hay,5,com.garena.game.kgvn,positive,vi,game hay,game hay
game rất là rác,1,com.garena.game.kgvn,negative,vi,game rất là rác,game rất là rác
game gì cứ vào là bắt đăng nhập lại hoài v ???,1,com.garena.game.kgvn,negative,vi,game gì cứ vào là bắt đăng nhập lại hoài v,game gì cứ vào là bắt đăng_nhập lại hoài v
như đb,1,com.garena.game.kgvn,negative,vi,như đb,như đb
game ghép toàn súc vật 10 trận thì thua cả 10,1,com.garena.game.kgvn,negative,vi,game ghép toàn súc vật 10 trận thì thua cả 10,game ghép toàn súc_vật 10 trận thì thua cả 10
hack j nhìu vl bay mẹ acc,1,com.garena.game.kgvn,negative,vi,hack j nhìu vl bay mẹ tài khoản,hack j nhìu vl bay mẹ tài_khoản
vẽ bùa veres lưu ly long mẫu full là 150 lần mà vẽ 152 lần vẫn chx ra ngộ z 100gts 850k của tui mà game làm z hả,1,com.garena.game.kgvn,negative,vi,vẽ bùa veres lưu ly long mẫu full là 150 lần mà vẽ 152 lần vẫn chx ra ngộ z 100gts 850k của tui mà game làm z hả,vẽ bùa_veres lưu_ly long mẫu full là 150 lần mà vẽ 152 lần vẫn chx ra ngộ_z 100 gts 850 k của tui mà game làm z hả
game dell j toàn SV chết nhiều thì chửi còn ăn nhiều kêu bảo hack chịu luôn!,1,com.garena.game.kgvn,negative,vi,game không j toàn người chơi chết nhiều thì chửi còn ăn nhiều kêu bảo hack chịu luôn,game không j toàn người chơi chết nhiều thì chửi còn ăn nhiều kêu bảo hack chịu luôn
dung lượng nặng quá,2,com.garena.game.kgvn,negative,vi,dung lượng nặng quá,dung_lượng nặng quá
bị cấm thi đấu vì chọn đúng đường,1,com.garena.game.kgvn,negative,vi,bị cấm thi đấu vì chọn đúng đường,bị cấm thi_đấu vì chọn đúng đường
"ghép trận toàn sv chơi game phá chuỗi thua liên tục gây tụt rank,ko đáng chơi nên xóa",1,com.garena.game.kgvn,negative,vi,ghép trận toàn người chơi chơi game phá chuỗi thua liên tục gây tụt rank không đáng chơi nên xóa,ghép trận toàn người chơi chơi game phá chuỗi_thua liên_tục gây tụt_rank không đáng chơi nên xóa
"38* còn 20* thề game ghép trận nể luôn ghép cho toàn "" tuyển thủ"" team mình , đi đơn đct 2 mà ghép cho tinh anh , đúng chịu",1,com.garena.game.kgvn,negative,vi,38 còn 20 thề game ghép trận nể luôn ghép cho toàn tuyển thủ team mình đi đơn đct 2 mà ghép cho tinh anh đúng chịu,38 còn 20 thề game ghép trận nể luôn ghép cho toàn tuyển_thủ team mình đi đơn đct 2 mà ghép cho tinh_anh đúng chịu
t chiệu game ghép như cái l,1,com.garena.game.kgvn,negative,vi,t chiệu game ghép như cái l,t chiệu game ghép như cái l
hệ thống ghép trận như nịt,1,com.garena.game.kgvn,negative,vi,hệ thống ghép trận như nịt,hệ_thống ghép trận như nịt
game chs hay mong gà rán cho mik nak thứ nguyên vệ thần,5,com.garena.game.kgvn,positive,vi,game chơi hay mong gà rán cho mik nak thứ nguyên vệ thần,game chơi hay mong gà rán cho mik nak thứ nguyên_vệ thần
"Cảm ơn Dady 🐔 cho 12kQh ,Game rất hay",5,com.garena.game.kgvn,positive,vi,cảm ơn dady cho 12kqh game rất hay,cảm_ơn dady cho 12 kqh game rất hay
game cho tuất chới,1,com.garena.game.kgvn,negative,vi,game cho tuất chới,game cho tuất chới
game toàn gép team mình gà team bạn chs hay game như skibidi,1,com.garena.game.kgvn,negative,vi,game toàn gép team mình gà team bạn chơi hay game như skibidi,game toàn gép team mình gà team bạn chơi hay game như skibidi
game hay mấy con gà máy yếu thì biết cc j😏😏😏😏😏😏🤐🤐🤐🤐🐓🐓🐓🐓🐓🐓🐤🐤,5,com.garena.game.kgvn,positive,vi,game hay mấy con gà máy yếu thì biết cc j,game hay mấy con gà máy_yếu thì biết cc j
chơi hay dễ chơi,3,com.garena.game.kgvn,neutral,vi,chơi hay dễ chơi,chơi hay dễ chơi
"game như lolll chơi cờ liên quân như may rủi, mất cân bằng tướng vcl. Tóm lại là game rác",1,com.garena.game.kgvn,negative,vi,game như lolll chơi cờ liên quân như may rủi mất cân bằng tướng vcl tóm lại là game rác,game như lolll chơi cờ liên_quân như may_rủi mất cân_bằng tướng vcl_tóm_lại là game rác
gặp đồng đội ngu như con bò ấy.,3,com.garena.game.kgvn,neutral,vi,gặp đồng đội ngu như con bò ấy,gặp đồng_đội ngu như con bò ấy
xếp rank nhu lon bò,1,com.garena.game.kgvn,negative,vi,xếp rank nhu lon bò,xếp rank nhu_lon bò
ghép trận tàn tạ,1,com.garena.game.kgvn,negative,vi,ghép trận tàn tạ,ghép trận tàn_tạ
game ghép không công bằng không nên chơi không nên tải về.,1,com.garena.game.kgvn,negative,vi,game ghép không công bằng không nên chơi không nên tải về,game ghép không công_bằng không nên chơi không nên tải về
tui thấy chơi hay mà chắc mấy ông ko hên thôi chứ tôi chơi chung v ah em vui gần chết ah em muốn team hay thì đi team 5,5,com.garena.game.kgvn,positive,vi,tui thấy chơi hay mà chắc mấy ông không hên thôi chứ tôi chơi chung v ah em vui gần chết ah em muốn team hay thì đi team 5,tui thấy chơi hay mà chắc mấy ông không hên thôi chứ tôi chơi chung v ah em vui gần chết ah em muốn team hay thì đi team 5
quá đã luônnn chơi rt mượt mà & ĐẲNG's CẤP,5,com.garena.game.kgvn,positive,vi,quá đã luônnn chơi rt mượt mà đẳng s cấp,quá đã luônnn chơi rt_mượt mà đẳng s cấp
cái cơ chế gì cân bằng tỉ lệ thắng gì đó ắ là 1 cái sự thất bại trong cân bằng game ắ ghép thì siêu lệch mà hình như muốn cho người chs về gank bang đầu muốn cày thì phải cái này là muốn người chs bỏ game hả mà chắc t bỏ game trước game làm khó hiểu vl ?,1,com.garena.game.kgvn,negative,vi,cái cơ chế gì cân bằng tỉ lệ thắng gì đó ắ là 1 cái sự thất bại trong cân bằng game ắ ghép thì siêu lệch mà hình như muốn cho người chơi về gank bang đầu muốn cày thì phải cái này là muốn người chơi bỏ game hả mà chắc t bỏ game trước game làm khó hiểu vl,cái cơ_chế gì cân_bằng tỉ_lệ thắng gì đó ắ là 1 cái sự thất_bại trong cân_bằng game ắ ghép thì siêu_lệch mà hình_như muốn cho người chơi về gank_bang đầu muốn cày thì phải cái này là muốn người chơi bỏ game hả mà chắc t bỏ game trước game làm_khó hiểu vl
toàn ghép cho tao toàn mấy đứa bị siđa,1,com.garena.game.kgvn,negative,vi,toàn ghép cho tao toàn mấy đứa bị siđa,toàn ghép cho tao toàn mấy đứa bị siđa
game hay nhưng chơi toàn thua,3,com.garena.game.kgvn,neutral,vi,game hay nhưng chơi toàn thua,game hay nhưng chơi toàn thua
"đã xoá game, cơ chế xếp đội quá hãm, toàn xếp sv",1,com.garena.game.kgvn,negative,vi,đã xoá game cơ chế xếp đội quá hãm toàn xếp người chơi,đã xóa game cơ_chế xếp đội quá hãm toàn xếp người chơi
chơi vài trận thắng là thua. chịu xóa game,1,com.garena.game.kgvn,negative,vi,chơi vài trận thắng là thua chịu xóa game,chơi vài trận thắng là thua chịu xóa game
"cho 0☆ luôn mới vừa,game nứng cc chúc china new year",1,com.garena.game.kgvn,negative,vi,cho 0 luôn mới vừa game nứng cc chúc china new year,cho 0 luôn mới vừa game_nứng cc chúc china new year
"ghép team ko đúng trình độ. team mik thì toand test tướng,phá game,afk->team bn thì đánh như tuyển thủ",1,com.garena.game.kgvn,negative,vi,ghép team không đúng trình độ team mik thì toand test tướng phá game afk team bn thì đánh như tuyển thủ,ghép team không đúng trình_độ team_mik thì toand test_tướng phá game afk team bn thì đánh như tuyển_thủ
game càng ngày càng rác tố cáo hack quay vd gửi rồi mà vẫn ko thấy khoá,1,com.garena.game.kgvn,negative,vi,game càng ngày càng rác tố cáo hack quay vd gửi rồi mà vẫn không thấy khoá,game càng_ngày_càng rác tố_cáo hack quay vd gửi rồi mà vẫn không thấy khóa
"Chào Garena, mình dùng máy Galaxy A25 5G (Chip Exynos 1280), vừa cập nhật lên One UI 8.0 nhưng mà vẫn không bật được HD ạ.mong garena hỗ trợ",2,com.garena.game.kgvn,negative,vi,chào garena mình dùng máy galaxy a25 5g chip exynos 1280 vừa cập nhật lên one ui 8 0 nhưng mà vẫn không bật được hd ạ mong garena hỗ trợ,chào garena mình dùng máy galaxy a25 5 g chip exynos 1280 vừa cập_nhật lên one ui 8 0 nhưng_mà vẫn không bật được hd ạ mong garena hỗ_trợ
game oc c toàn ghép chung với máy,1,com.garena.game.kgvn,negative,vi,game oc c toàn ghép chung với máy,game oc c toàn ghép chung với máy
game j mà cơ chế ghép trận mà muốn bỏ game,1,com.garena.game.kgvn,negative,vi,game j mà cơ chế ghép trận mà muốn bỏ game,game j mà cơ_chế ghép trận mà muốn bỏ game
"Ghép toàn thứ tạp nham gì không, di chuyển lớ ngớ,bị bắt kẻ, không biết lên đồ,tranh lane,chs thua sv mà còn lên giọng với ngta, không biết pick tướng,toàn rank cth ghép vàng,bk,đồng yêu cầu sửa lại cách ghép đội người với người, đừng bắt rank cao gánh rank thấp",1,com.garena.game.kgvn,negative,vi,ghép toàn thứ tạp nham gì không di chuyển lớ ngớ bị bắt kẻ không biết lên đồ tranh lane chơi thua người chơi mà còn lên giọng với ngta không biết pick tướng toàn rank cth ghép vàng bk đồng yêu cầu sửa lại cách ghép đội người với người đừng bắt rank cao gánh rank thấp,ghép toàn thứ tạp_nham gì không di_chuyển lớ ngớ bị bắt_kẻ không biết lên đồ tranh_lane chơi thua người chơi mà_còn lên giọng với ngta không biết pick_tướng toàn rank cth ghép vàng bk đồng yêu_cầu sửa lại cách ghép đội người với người đừng bắt rank cao_gánh rank thấp
game lag vãi cúc,1,com.garena.game.kgvn,negative,vi,game lag vãi cúc,game lag vãi cúc
"Toàn ghép lệch rank với máy,đánh thì ngu,tật,đề nghị sửa lại hệ thống ghép trận đấu hạng",1,com.garena.game.kgvn,negative,vi,toàn ghép lệch rank với máy đánh thì ngu tật đề nghị sửa lại hệ thống ghép trận đấu hạng,toàn ghép lệch rank với máy đánh thì ngu_tật đề_nghị sửa lại hệ_thống ghép trận đấu hạng
game nhu cc tỉ lệ chs rank đơn gặp toàn bọn occ ko,1,com.garena.game.kgvn,negative,vi,game nhu cc tỉ lệ chơi rank đơn gặp toàn bọn occ không,game nhu_cc tỉ_lệ chơi rank đơn gặp toàn bọn occ không
game mất công bằng,1,com.garena.game.kgvn,negative,vi,game mất công bằng,game mất_công_bằng
200ms hoài mới đóng tiền wifi xong mà 200ms sao chơi lúc mà chơi team kia ko có skin xịn thì mượt mà có 2s hay 3s là lag đt iphone 11,1,com.garena.game.kgvn,negative,vi,200ms hoài mới đóng tiền wifi xong mà 200ms sao chơi lúc mà chơi team kia không có skin xịn thì mượt mà có 2s hay 3s là lag đt iphone 11,200 ms hoài mới đóng tiền wifi xong mà 200 ms sao chơi lúc mà chơi team kia không có skin xịn thì mượt_mà có 2 s hay 3 s là lag đt iphone 11
ghép toàn lũ oc,1,com.garena.game.kgvn,negative,vi,ghép toàn lũ oc,ghép toàn lũ oc
👍👍👍👍👍,5,com.garena.game.kgvn,positive,vi,,
game rất hay,5,com.garena.game.kgvn,positive,vi,game rất hay,game rất hay
"game gắn bó vs t 5 năm r nên t ko nỡ xoá thôi chứ bgio lỗi tùm lum ra, ghép team thì toàn bọn phá game afk, cướp lane, mệt lắm",4,com.garena.game.kgvn,positive,vi,game gắn bó vs t 5 năm rồi nên t không nỡ xoá thôi chứ bgio lỗi tùm lum ra ghép team thì toàn bọn phá game afk cướp lane mệt lắm,game gắn_bó vs t 5 năm rồi nên t không nỡ xóa thôi chứ bgio lỗi tùm_lum ra ghép team thì toàn bọn phá game afk cướp lane mệt lắm
game như c chơi ghép chúng team óc k cân bằng trận,1,com.garena.game.kgvn,negative,vi,game như c chơi ghép chúng team óc không cân bằng trận,game như c chơi ghép chúng team_óc không cân_bằng trận
Lúc cày uy tính chỉ hồi được tối đa 3 uy tín ko hồi thêm được nữa còn lúc AFK thì lại trừ vô số,1,com.garena.game.kgvn,negative,vi,lúc cày uy tính chỉ hồi được tối đa 3 uy tín không hồi thêm được nữa còn lúc afk thì lại trừ vô số,lúc cày uy_tính chỉ hồi được tối_đa 3 uy_tín không hồi thêm được nữa còn lúc afk thì lại trừ vô_số
Lại cập nhật oy chán,5,com.garena.game.kgvn,positive,vi,lại cập nhật oy chán,lại cập_nhật oy chán
Ghép team toàn gặp sv đứa thì AFK đứa thì phá game team bạn đánh như tuyển thủ chuyên nghiệp team đánh như cức anh gà ghép trận như quần què người ta t xóa game,1,com.garena.game.kgvn,negative,vi,ghép team toàn gặp người chơi đứa thì afk đứa thì phá game team bạn đánh như tuyển thủ chuyên nghiệp team đánh như cức anh gà ghép trận như quần què người ta t xóa game,ghép team toàn gặp người chơi đứa thì afk đứa thì phá game team bạn đánh như tuyển_thủ chuyên_nghiệp team đánh như cức anh gà ghép trận như quần_què người ta t xóa game
tru uy tin cc,1,com.garena.game.kgvn,negative,vi,tru uy tin cc,tru uy_tin cc
chán game ghép toàn phá chịu game rác vc,1,com.garena.game.kgvn,negative,vi,chán game ghép toàn phá chịu game rác vc,chán game ghép toàn phá chịu game rác vc
5 sao vì raz có màu sicula,5,com.garena.game.kgvn,positive,vi,5 sao vì raz có màu sicula,5 sao vì raz có màu sicula
game hay lắm nha khuyến khích chơi,5,com.garena.game.kgvn,positive,vi,game hay lắm nha khuyến khích chơi,game hay lắm nha khuyến_khích chơi
rác,1,com.garena.game.kgvn,negative,vi,rác,rác
ghép toàn sv,1,com.garena.game.kgvn,negative,vi,ghép toàn người chơi,ghép toàn người chơi
game như l thua chuỗi 8 rồi vẫn thua tiếp chả hiểu ghép kiểu j lệch trình vcl cthu mà ghép đc cả kc,1,com.garena.game.kgvn,negative,vi,game như l thua chuỗi 8 rồi vẫn thua tiếp chả hiểu ghép kiểu j lệch trình vcl cthu mà ghép đc cả kc,game như l_thua chuỗi 8 rồi vẫn thua tiếp chả hiểu ghép kiểu j lệch trình vcl cthu mà ghép đc cả kc
"mặc dù là mình phối trang bị đúng rồi nhưng vẫn bị trừ điểm uy tín mà máy báo là trang bị troll,sửa lại giùm",1,com.garena.game.kgvn,negative,vi,mặc dù là mình phối trang bị đúng rồi nhưng vẫn bị trừ điểm uy tín mà máy báo là trang bị troll sửa lại giùm,mặc_dù là mình phối trang_bị đúng rồi nhưng vẫn bị trừ điểm uy_tín mà máy báo là trang_bị troll sửa lại giùm
nếu tâm trạng ko tốt thì hãy tâm sự với krixi nhé thích nhất krixi,5,com.garena.game.kgvn,positive,vi,nếu tâm trạng không tốt thì hãy tâm sự với krixi nhé thích nhất krixi,nếu tâm_trạng không tốt thì hãy tâm_sự với krixi nhé thích nhất krixi
lag vl,1,com.garena.game.kgvn,negative,vi,lag vl,lag vl
"oke ko nói nhiều tuy chơi bằng máy cũ xong hỏng nhưng ko sao lại mua máy mới chơi tiếp,game oke nhưng tăng lại sức mạnh cho Alan đc ko?",5,com.garena.game.kgvn,positive,vi,oke không nói nhiều tuy chơi bằng máy cũ xong hỏng nhưng không sao lại mua máy mới chơi tiếp game oke nhưng tăng lại sức mạnh cho alan đc không,oke không nói nhiều tuy chơi bằng máy cũ xong hỏng nhưng không sao lại mua máy mới chơi tiếp game oke nhưng tăng lại sức_mạnh cho alan đc không
mạng đang căng tại sao lại 200ms ??,3,com.garena.game.kgvn,neutral,vi,mạng đang căng tại sao lại 200ms,mạng đang căng tại_sao lại 200 ms
game toàn người chơi phá gank cướp vị trí,3,com.garena.game.kgvn,neutral,vi,game toàn người chơi phá gank cướp vị trí,game toàn người chơi phá gank cướp vị_trí
game toàn trẻ trâu phá game tranh đường,1,com.garena.game.kgvn,negative,vi,game toàn trẻ trâu phá game tranh đường,game toàn trẻ trâu phá game tranh đường
"mẹ có cái t bình thường cũg bị vi phạm nữa, game tối ưu skin vậy như cưk,3s tối thượng mà xấu hơn 2s nx",1,com.garena.game.kgvn,negative,vi,mẹ có cái t bình thường cũg bị vi phạm nữa game tối ưu skin vậy như cưk 3s tối thượng mà xấu hơn 2s nx,mẹ có cái t bình_thường cũg bị vi_phạm nữa game tối_ưu_skin vậy như cưk 3 s tối_thượng mà xấu hơn 2 s nx
"giờ ghép trận toàn loại kiểu j, game ko còn như xưa",3,com.garena.game.kgvn,neutral,vi,giờ ghép trận toàn loại kiểu j game không còn như xưa,giờ ghép trận toàn loại kiểu j_game không còn như xưa
game ghép chung đồng đội dell j ks ko,1,com.garena.game.kgvn,negative,vi,game ghép chung đồng đội không j ks không,game ghép chung đồng_đội không j ks không
tôi thấy rất vui,5,com.garena.game.kgvn,positive,vi,tôi thấy rất vui,tôi thấy rất vui
ghép toàn tuất,1,com.garena.game.kgvn,negative,vi,ghép toàn tuất,ghép toàn tuất
biết ghép teem ko vậy,1,com.garena.game.kgvn,negative,vi,biết ghép teem không vậy,biết ghép teem không vậy
hay vãi,5,com.garena.game.kgvn,positive,vi,hay vãi,hay vãi
"Hệ thống ghép đội của Liên Quân thực sự là một thảm họa khi liên tục bắt tôi phải chung team với những thành phần ""trẻ trâu"" phá game.​Tôi không thể chịu đựng nổi việc nỗ lực leo rank nhưng lại bị kìm chân bởi những đồng đội tranh lane, AFK và chửi bới vô văn hóa.​Thuật toán matchmaking dường như đang cố tình sắp xếp người chơi nghiêm túc vào những trận đấu không thể thắng nổi. ​Tại sao những kẻ phá hoại trải nghiệm người khác vẫn nhan nhản mà không bị hệ thống xử lý thích đáng?tôi rất bức xúc",1,com.garena.game.kgvn,negative,vi,hệ thống ghép đội của liên quân thực sự là một thảm họa khi liên tục bắt tôi phải chung team với những thành phần trẻ trâu phá game tôi không thể chịu đựng nổi việc nỗ lực leo rank nhưng lại bị kìm chân bởi những đồng đội tranh lane afk và chửi bới vô văn hóa thuật toán matchmaking dường như đang cố tình sắp xếp người chơi nghiêm túc vào những trận đấu không thể thắng nổi tại sao những kẻ phá hoại trải nghiệm người khác vẫn nhan nhản mà không bị hệ thống xử lý thích đáng tôi rất bức xúc,hệ_thống ghép đội của liên_quân thực_sự là một thảm_họa khi liên_tục bắt tôi phải chung_team với những thành_phần trẻ trâu phá game tôi không_thể chịu_đựng nổi việc nỗ_lực leo_rank nhưng lại bị kìm_chân bởi những đồng_đội tranh lane_afk và chửi_bới vô_văn hóa_thuật toán_matchmaking dường_như đang cố_tình sắp_xếp người chơi nghiêm_túc vào những trận đấu không_thể thắng nổi tại_sao những kẻ phá_hoại trải_nghiệm người khác vẫn nhan_nhản mà không bị hệ_thống xử_lý thích_đáng tôi rất bức_xúc
nốt sinh nhật 10 tuổi hưởng dương là vừa đi,1,com.garena.game.kgvn,negative,vi,nốt sinh nhật 10 tuổi hưởng dương là vừa đi,nốt sinh_nhật 10 tuổi hưởng_dương là vừa đi
giúp tôi giải trí.,5,com.garena.game.kgvn,positive,vi,giúp tôi giải trí,giúp tôi giải_trí
"đề nghị game sửa lại phần tải,chứ mỗi lần vào là game lại lag mà còn tự tải nữa chứ",1,com.garena.game.kgvn,negative,vi,đề nghị game sửa lại phần tải chứ mỗi lần vào là game lại lag mà còn tự tải nữa chứ,đề_nghị game sửa lại phần_tải chứ mỗi lần vào là game lại lag mà_còn tự_tải nữa chứ
ghép team như l chơi gặp afk phá game hack,1,com.garena.game.kgvn,negative,vi,ghép team như l chơi gặp afk phá game hack,ghép team như l chơi gặp afk phá game hack
Game rác.,1,com.garena.game.kgvn,negative,vi,game rác,game rác
"Lúc nào ghép team cũng có ng afk,phá game, mod skin gây lag,..tố cáo thì bị trừ mỗi 3-5, có khi k trừ, còn mấy b k cố ý, văng game,.. thì bị trừ 7-9 ut. Team mình thì toàn súc vật tật nguyền đầu thai biết chơi game. Team bạn như tuyển thủ Sgp lai bâng. Ghép thì còn ghép trúng máy, mấy thằng chửi tố cáo thì không bị gì, mấy ng nói câu bình thường th tố cáo cũng bị cấm chat. Game thì giật lag, không chơi được. Hiểu sao kh nổi 4sao.",1,com.garena.game.kgvn,negative,vi,lúc nào ghép team cũng có người afk phá game mod skin gây lag tố cáo thì bị trừ mỗi 3 5 có khi không trừ còn mấy b không cố ý văng game thì bị trừ 7 9 ut team mình thì toàn súc vật tật nguyền đầu thai biết chơi game team bạn như tuyển thủ sgp lai bâng ghép thì còn ghép trúng máy mấy thằng chửi tố cáo thì không bị gì mấy người nói câu bình thường th tố cáo cũng bị cấm chat game thì giật lag không chơi được hiểu sao kh nổi 4sao,lúc_nào ghép team cũng có người afk phá game mod skin gây lag tố_cáo thì bị trừ mỗi 3 5 có_khi không trừ còn mấy b không cố_ý văng game thì bị trừ 7 9 ut team mình thì toàn súc_vật tật_nguyền đầu_thai biết chơi game team bạn như tuyển_thủ sgp lai bâng_ghép thì còn ghép trúng máy mấy thằng chửi tố_cáo thì không bị gì mấy người nói câu bình_thường th tố_cáo cũng bị cấm chat_game thì giật_lag không chơi được hiểu sao kh nổi 4 sao
hay nha ní,5,com.garena.game.kgvn,positive,vi,hay nha ní,hay nha ní
hay giúp tăng tính chiến thuật,5,com.garena.game.kgvn,positive,vi,hay giúp tăng tính chiến thuật,hay giúp tăng tính chiến_thuật
tui thấy nó chơi vui v@i,4,com.garena.game.kgvn,positive,vi,tui thấy nó chơi vui v i,tui thấy nó chơi vui v i
Thống kê trận đấu nguuu bò,1,com.garena.game.kgvn,negative,vi,thống kê trận đấu nguuu bò,thống_kê trận đấu nguuu bò
Trêu champ wirro đấy à . Bao giờ em ghệ t mới có skin,1,com.garena.game.kgvn,negative,vi,trêu champ wirro đấy à bao giờ em ghệ t mới có skin,trêu champ wirro đấy à bao_giờ em ghệ t mới có skin
Phiên bản mới cập nhật lỗi. Thỉnh thoảng bị đẩy ra k và đơ luôn ứng dụng k vào lại đc trong khi máy vẫn hoạt động bình thường,1,com.garena.game.kgvn,negative,vi,phiên bản mới cập nhật lỗi thỉnh thoảng bị đẩy ra không và đơ luôn ứng dụng không vào lại đc trong khi máy vẫn hoạt động bình thường,phiên_bản mới cập_nhật lỗi thỉnh_thoảng bị đẩy ra không và đơ luôn ứng_dụng không vào lại đc trong khi máy vẫn hoạt_động bình_thường
gép toàn l,1,com.garena.game.kgvn,negative,vi,gép toàn l,gép toàn l
"ad ôi, cụ thể hnay và hqua, mỗi lần chờ vào trận đc khoảng 10 giây là bị văng game, vào lại cx bị văng, ảnh hưởng đến cảm xúc chơi game và uy tín của tài khoản, mong ad sửa chữa sớm",3,com.garena.game.kgvn,neutral,vi,ad ôi cụ thể hnay và hqua mỗi lần chờ vào trận đc khoảng 10 giây là bị văng game vào lại cũng bị văng ảnh hưởng đến cảm xúc chơi game và uy tín của tài khoản mong ad sửa chữa sớm,ad ôi cụ_thể hnay và hqua mỗi lần chờ vào trận đc khoảng 10 giây là bị văng game vào lại cũng bị văng ảnh_hưởng đến cảm_xúc chơi game và uy_tín của tài_khoản mong ad sửa_chữa sớm
game ghép toàn thú,1,com.garena.game.kgvn,negative,vi,game ghép toàn thú,game ghép toàn thú
chơi tàn chuỗi thua,2,com.garena.game.kgvn,negative,vi,chơi tàn chuỗi thua,chơi tàn_chuỗi thua
game rất hay hi vọng anh gà sẽ cho nhiều skin đẹp và free hơn,5,com.garena.game.kgvn,positive,vi,game rất hay hi vọng anh gà sẽ cho nhiều skin đẹp và free hơn,game rất hay hi_vọng anh gà sẽ cho nhiều skin đẹp và free hơn
game như củ lờ từ vụ yue hạt gạo đến vụ cài cắm CNY. giờ lại còn ko tối ưu hóa game đi cứ lúc giao tranh đ ai làm gì cũng lag lag bực hết cả mình,1,com.garena.game.kgvn,negative,vi,game như củ lờ từ vụ yue hạt gạo đến vụ cài cắm cny giờ lại còn không tối ưu hóa game đi cứ lúc giao tranh đ ai làm gì cũng lag lag bực hết cả mình,game như củ_lờ từ vụ yue hạt gạo đến vụ cài cắm cny giờ lại còn không tối_ưu_hóa game đi cứ lúc giao tranh đ ai làm gì cũng lag lag bực_hết cả mình
game như c,1,com.garena.game.kgvn,negative,vi,game như c,game như c
ghép toàn mấy tk sv đề nghị liên quân trừ uy tín nặng,1,com.garena.game.kgvn,negative,vi,ghép toàn mấy tk người chơi đề nghị liên quân trừ uy tín nặng,ghép toàn mấy tk người chơi đề_nghị liên_quân trừ uy_tín nặng
tỉ lệ ghép trận không hề cân bằng đồi mình như tạ nghìn cân còn đội bạn đánh như thần,1,com.garena.game.kgvn,negative,vi,tỉ lệ ghép trận không hề cân bằng đồi mình như tạ nghìn cân còn đội bạn đánh như thần,tỉ_lệ ghép trận không hề cân_bằng đồi mình như tạ nghìn cân còn đội bạn đánh như thần
"Game rác, có dưới 1 sao để đánh giá không ? Yêu cầu Google chú đến trường hợp nhà phát hành Này có hành vi không phù hợp với người tiêu dùng. Xem xét trường hợp gỡ ứng dụng trên.",1,com.garena.game.kgvn,negative,vi,game rác có dưới 1 sao để đánh giá không yêu cầu google chú đến trường hợp nhà phát hành này có hành vi không phù hợp với người tiêu dùng xem xét trường hợp gỡ ứng dụng trên,game rác có dưới 1 sao để đánh_giá không yêu_cầu google_chú đến trường_hợp nhà phát_hành này có hành_vi không phù_hợp với người tiêu_dùng xem_xét trường_hợp gỡ ứng_dụng trên
rep trận dính chúng mấy thằng chú nhục,1,com.garena.game.kgvn,negative,vi,rep trận dính chúng mấy thằng chú nhục,rep trận dính chúng mấy thằng chú nhục
quá lag do tải tài nguyên tôi bị văng và đứng màng hình rất lâu,2,com.garena.game.kgvn,negative,vi,quá lag do tải tài nguyên tôi bị văng và đứng màng hình rất lâu,quá lag do tải tài_nguyên tôi bị văng và đứng màng_hình rất lâu
chơi rất vui khi leo rank,5,com.garena.game.kgvn,positive,vi,chơi rất vui khi leo rank,chơi rất vui khi leo rank
game như lol,1,com.garena.game.kgvn,negative,vi,game như lol,game như lol
sao chế độ cờ vua không cho dùng mic hay chát chít nói chuyện chơi không thì khô khan quá hãy cho nói chuyện với nhau chứ,3,com.garena.game.kgvn,neutral,vi,sao chế độ cờ vua không cho dùng mic hay chát chít nói chuyện chơi không thì khô khan quá hãy cho nói chuyện với nhau chứ,sao chế_độ cờ vua không cho dùng mic hay chát_chít nói_chuyện chơi không thì khô_khan quá hãy cho nói_chuyện với nhau chứ
lạm dụng chất tướng lối chơi đấu sĩ là thắng game ko còn kĩ năng,2,com.garena.game.kgvn,negative,vi,lạm dụng chất tướng lối chơi đấu sĩ là thắng game không còn kĩ năng,lạm_dụng chất_tướng lối chơi đấu_sĩ là thắng game không còn kĩ_năng
tuyt voi,5,com.garena.game.kgvn,positive,vi,tuyt voi,tuyt voi
game toàn trẻ trâu chơi toàn toxic,1,com.garena.game.kgvn,negative,vi,game toàn trẻ trâu chơi toàn toxic,game toàn trẻ trâu chơi toàn toxic
xếp một con bk di đánh với con tanh mẹ cân bằng tướng nhulon,1,com.garena.game.kgvn,negative,vi,xếp một con bk di đánh với con tanh mẹ cân bằng tướng nhulon,xếp một con bk di_đánh với con tanh mẹ cân_bằng tướng nhulon
thắng bạn tại game ghép kĩ năng cái loll,1,com.garena.game.kgvn,negative,vi,thắng bạn tại game ghép kĩ năng cái loll,thắng bạn tại game_ghép kĩ_năng cái loll
rất hayyy,5,com.garena.game.kgvn,positive,vi,rất hayyy,rất hayyy
"tôi khuyên mọi người đừng chs game này nx có nhiều cái gây ức chế lắm, ức chế mà giữa trong lòng thì dễ hại cho sức khỏe lắm, nếu lỡ tải r thì xóa đi game này ko dành cho người đi đơn",1,com.garena.game.kgvn,negative,vi,tôi khuyên mọi người đừng chơi game này nx có nhiều cái gây ức chế lắm ức chế mà giữa trong lòng thì dễ hại cho sức khỏe lắm nếu lỡ tải rồi thì xóa đi game này không dành cho người đi đơn,tôi khuyên mọi người đừng chơi game này nx có nhiều cái gây ức_chế lắm ức_chế mà giữa trong lòng thì dễ_hại cho sức khỏe lắm nếu lỡ_tải rồi thì xóa đi game này không dành cho người đi đơn
làm ăn cẩu thả buff bẩn này no trừ dc 4 uy tín chịu gà,1,com.garena.game.kgvn,negative,vi,làm ăn cẩu thả buff bẩn này no trừ được 4 uy tín chịu gà,làm_ăn cẩu_thả buff bẩn này no_trừ được 4 uy_tín chịu gà
làm ăn như con củ cặc,1,com.garena.game.kgvn,negative,vi,làm ăn như con củ cặc,làm_ăn như con củ cặc
bn tôi đưa tôi tới và làm tôi nghiện game này,5,com.garena.game.kgvn,positive,vi,bn tôi đưa tôi tới và làm tôi nghiện game này,bn tôi đưa tôi tới và làm tôi nghiện game này
cập nhật game xong cực kì lag,3,com.garena.game.kgvn,neutral,vi,cập nhật game xong cực kì lag,cập_nhật game xong cực_kì lag
game gì mà đồng đội Bot,5,com.garena.game.kgvn,positive,vi,game gì mà đồng đội bot,game gì mà đồng_đội bot
game l nó afk từ đầu trận mà vẫn chừ sao game rác vkl,1,com.garena.game.kgvn,negative,vi,game l nó afk từ đầu trận mà vẫn chừ sao game rác vkl,game l nó afk từ đầu trận mà vẫn chừ sao game rác vkl
game ngon vl,5,com.garena.game.kgvn,positive,vi,game ngon vl,game ngon vl
Game như ln ko khắc phục Toàn hack,5,com.garena.game.kgvn,positive,vi,game như ln không khắc phục toàn hack,game như ln không khắc_phục toàn hack
"game chơi thì vui đấy, nhưng mà chơi cùng mấy thằng ngu thì không vui , không biết có phải là cái thuật toán của game khi mình ghép được một trận hay, thì y như rằng Mấy trận còn lại, ghép cho bọn mới biết chơi, đã thua lại còn phải nhìn cái cách bọn nó chơi rất là khó chịu. thẳng ra là chơi rất ngu",1,com.garena.game.kgvn,negative,vi,game chơi thì vui đấy nhưng mà chơi cùng mấy thằng ngu thì không vui không biết có phải là cái thuật toán của game khi mình ghép được một trận hay thì y như rằng mấy trận còn lại ghép cho bọn mới biết chơi đã thua lại còn phải nhìn cái cách bọn nó chơi rất là khó chịu thẳng ra là chơi rất ngu,game chơi thì vui đấy nhưng_mà chơi cùng mấy thằng ngu thì không vui không biết có phải là cái thuật_toán của game khi mình ghép được một trận hay thì y_như_rằng mấy trận còn lại ghép cho bọn mới biết chơi đã thua lại còn phải nhìn cái cách bọn nó chơi rất là khó_chịu thẳng ra là chơi rất ngu
ai tạo ra gem đb thế này gỡ mẹ ik nhìn ngứa mắt,1,com.garena.game.kgvn,negative,vi,ai tạo ra gem đb thế này gỡ mẹ ik nhìn ngứa mắt,ai tạo ra gem đb thế_này gỡ mẹ ik nhìn ngứa mắt
tui nói thật ne mấy đứa nào mà nó đánh giá 1 s là mấy đứa đó chưa tải xog mấy cái phần mềm trong game từ đồ hoạ trở lên,5,com.garena.game.kgvn,positive,vi,tui nói thật ne mấy đứa nào mà nó đánh giá 1 s là mấy đứa đó chưa tải xog mấy cái phần mềm trong game từ đồ hoạ trở lên,tui nói thật ne mấy đứa nào mà nó đánh_giá 1 s là mấy đứa đó chưa tải xog mấy cái phần_mềm trong game từ đồ họa trở lên
hay rất hay,5,com.garena.game.kgvn,positive,vi,hay rất hay,hay rất hay
"cho game 1 sao vì cho ghép team ngu, mới thoát 1 phút tính afk game rác",1,com.garena.game.kgvn,negative,vi,cho game 1 sao vì cho ghép team ngu mới thoát 1 phút tính afk game rác,cho game 1 sao vì cho ghép team_ngu mới thoát 1 phút tính afk game rác
game nhìu lỗi quá chơi cứ bị lỗi khó chịu quá,3,com.garena.game.kgvn,neutral,vi,game nhìu lỗi quá chơi cứ bị lỗi khó chịu quá,game nhìu lỗi quá chơi cứ bị lỗi khó_chịu quá
hay quá,5,com.garena.game.kgvn,positive,vi,hay quá,hay quá
ghép trận như cái cc,1,com.garena.game.kgvn,negative,vi,ghép trận như cái cc,ghép trận như cái cc
"Game càng ngày càng chán hồi trc chs thì rất mượt rất bthg bây h gặp toàn hack lại còn bị văng game liên tục, mik chs trên cả máy realme và xsmax đều bị văng 1 2 lần mỗi trận, rất ảnh hưởng tâm trạng chs. Khuyên mng phải có máy đời mới cao cao chút ms có thể chs mượt đc",1,com.garena.game.kgvn,negative,vi,game càng ngày càng chán hồi trc chơi thì rất mượt rất bthg bây h gặp toàn hack lại còn bị văng game liên tục mik chơi trên cả máy realme và xsmax đều bị văng 1 2 lần mỗi trận rất ảnh hưởng tâm trạng chơi khuyên mng phải có máy đời mới cao cao chút ms có thể chơi mượt đc,game càng_ngày_càng chán hồi trc chơi thì rất mượt rất bthg bây_h gặp toàn hack lại còn bị văng game liên_tục mik_chơi trên cả máy realme và xsmax đều bị văng 1 2 lần mỗi trận rất ảnh_hưởng tâm_trạng chơi khuyên mng phải có máy đời_mới cao cao_chút ms có_thể chơi mượt đc
t cay verrra,1,com.garena.game.kgvn,negative,vi,t cay verrra,t cay verrra
Đm Garena mất uy tín vl ghép cho tao toàn thg ngu,1,com.garena.game.kgvn,negative,vi,đm garena mất uy tín vl ghép cho tao toàn thg ngu,đm garena mất uy_tín vl ghép cho tao toàn thg ngu
"game bắt đầu ghép team lệch trình như bên mlbb, nếu kh khắc phục thì thực sự ảnh hưởng đến người chơi",1,com.garena.game.kgvn,negative,vi,game bắt đầu ghép team lệch trình như bên mlbb nếu kh khắc phục thì thực sự ảnh hưởng đến người chơi,game bắt_đầu ghép team lệch_trình như bên mlbb nếu kh khắc_phục thì thực_sự ảnh_hưởng đến người chơi
hệ thống ghép team chán vc lúc nào củng có thằng ngu nhất là lúc từ bản cập nhật sau tết đến giờ,2,com.garena.game.kgvn,negative,vi,hệ thống ghép team chán vc lúc nào củng có thằng ngu nhất là lúc từ bản cập nhật sau tết đến giờ,hệ_thống ghép team chán vc lúc_nào củng có thằng ngu nhất là lúc từ bản cập_nhật sau tết đến giờ
k vào đc game ln,1,com.garena.game.kgvn,negative,vi,không vào đc game ln,không vào đc game ln
"hở tí là chuỗi thua đồng đội đánh thì dở tố cáo chẳng đc, 1 sao",1,com.garena.game.kgvn,negative,vi,hở tí là chuỗi thua đồng đội đánh thì dở tố cáo chẳng đc 1 sao,hở tí là chuỗi thua đồng_đội đánh thì dở_tố_cáo chẳng đc 1 sao
ghép trận mà chơi thuật toán với người chơi là tao cho 1 sao,5,com.garena.game.kgvn,positive,vi,ghép trận mà chơi thuật toán với người chơi là tao cho 1 sao,ghép trận mà chơi thuật_toán với người chơi là tao cho 1 sao
"chả hiểu cơ chế ghép trận chơi đơn gặp toàn thứ gì , giờ đống đứa afk uy tín vẫn trừ chung team vs nó cx bị trừ sao trước có vậy đâu .",2,com.garena.game.kgvn,negative,vi,chả hiểu cơ chế ghép trận chơi đơn gặp toàn thứ gì giờ đống đứa afk uy tín vẫn trừ chung team vs nó cũng bị trừ sao trước có vậy đâu,chả hiểu cơ_chế ghép trận chơi đơn gặp toàn thứ gì giờ đống đứa afk uy_tín vẫn trừ chung team vs nó cũng bị trừ sao trước có vậy đâu
hệ thống game ghép đội với súc vật à ???,1,com.garena.game.kgvn,negative,vi,hệ thống game ghép đội với súc vật à,hệ_thống game ghép đội với súc_vật à
game ghép trận ko đúng thua lần tàng chuỗi ko,1,com.garena.game.kgvn,negative,vi,game ghép trận không đúng thua lần tàng chuỗi không,game ghép trận không đúng thua lần_tàng chuỗi không
hệ thống ghép trận toàn ra óc vật,1,com.garena.game.kgvn,negative,vi,hệ thống ghép trận toàn ra óc vật,hệ_thống ghép trận toàn ra óc_vật
game dễ văng kết nối lại thì chậm,1,com.garena.game.kgvn,negative,vi,game dễ văng kết nối lại thì chậm,game dễ văng kết_nối lại thì chậm
đồng đội chó rách,1,com.garena.game.kgvn,negative,vi,đồng đội chó rách,đồng_đội chó rách
"ghép rank 10, thua hết 10, gặp gì đâu không :))))))",1,com.garena.game.kgvn,negative,vi,ghép rank 10 thua hết 10 gặp gì đâu không,ghép rank 10 thua hết 10 gặp gì đâu không
nhiều lỗi lag quá,1,com.garena.game.kgvn,negative,vi,nhiều lỗi lag quá,nhiều lỗi lag quá
"Làm ơn, sửa lại cơ chế macth giùm, đừng có kiểu người ta thắng được vài trận cái lại cho ghép với mấy người có trình độ kém hơn. Biết bao lần thất vọng về anh Gà",3,com.garena.game.kgvn,neutral,vi,làm ơn sửa lại cơ chế macth giùm đừng có kiểu người ta thắng được vài trận cái lại cho ghép với mấy người có trình độ kém hơn biết bao lần thất vọng về anh gà,làm ơn sửa lại cơ_chế macth giùm đừng có kiểu người ta thắng được vài trận cái lại cho ghép với mấy người có trình_độ kém hơn biết_bao lần thất_vọng về anh gà
như lol,1,com.garena.game.kgvn,negative,vi,như lol,như lol
game cơ chế ghép như con cc,1,com.garena.game.kgvn,negative,vi,game cơ chế ghép như con cc,game cơ_chế ghép như con cc
"ghép toàn gặp xúc vật còn team bạn thì chơi hơn gì. Ko gặp afk thì cũng test tướng chơi ngu msf còn ra dẻ chat nhiều như số lần chết, bọn xúc vật con tr mà chơi như lol",2,com.garena.game.kgvn,negative,vi,ghép toàn gặp xúc vật còn team bạn thì chơi hơn gì không gặp afk thì cũng test tướng chơi ngu msf còn ra dẻ chat nhiều như số lần chết bọn xúc vật con tr mà chơi như lol,ghép toàn gặp xúc_vật còn team bạn thì chơi hơn gì không gặp afk thì cũng test_tướng chơi ngu msf còn ra dẻ chat nhiều như số lần chết bọn xúc_vật con tr mà chơi như lol
game l ghép trận đồng đội ngu bỏ mẹ toàn ks game tối ưu thì kém chỉnh sửa ngày càng tồi ăn chặn hiệu ứng skin hút máu game thủ,1,com.garena.game.kgvn,negative,vi,game l ghép trận đồng đội ngu bỏ mẹ toàn ks game tối ưu thì kém chỉnh sửa ngày càng tồi ăn chặn hiệu ứng skin hút máu game thủ,game l ghép trận đồng_đội ngu bỏ mẹ toàn ks game tối_ưu thì kém chỉnh_sửa ngày_càng tồi ăn_chặn hiệu_ứng skin hút máu game_thủ
ꉂ(ˊᗜˋ*)♡,5,com.garena.game.kgvn,positive,vi,ꉂ ˊᗜˋ,ꉂ ˊᗜˋ
"một ngày của mik rất mệt mỏi, chỉ muốn chơi vài trận giải trí thôi mà,sao trận nào cx ghép những thành phần phá game vào vậy, thật sự chịu hết nổi rồi",4,com.garena.game.kgvn,positive,vi,một ngày của mik rất mệt mỏi chỉ muốn chơi vài trận giải trí thôi mà sao trận nào cũng ghép những thành phần phá game vào vậy thật sự chịu hết nổi rồi,một ngày của mik rất mệt_mỏi chỉ muốn chơi vài trận giải_trí thôi mà sao trận nào cũng ghép những thành_phần phá game vào vậy thật_sự chịu hết_nổi rồi
game súc vật toàn trẻ trâu hệ thống ghép trận lệch tem mình rõ ngu,1,com.garena.game.kgvn,negative,vi,game súc vật toàn trẻ trâu hệ thống ghép trận lệch tem mình rõ ngu,game súc_vật toàn trẻ trâu hệ_thống ghép trận lệch tem mình rõ ngu
"Game cũng hay nhung một ván ít vàng quá. Sửa thêm: t full tướng lâu r :)), h sao cx đc",5,com.garena.game.kgvn,positive,vi,game cũng hay nhung một ván ít vàng quá sửa thêm t full tướng lâu rồi h sao cũng đc,game cũng hay nhung một ván ít vàng quá sửa thêm t full_tướng lâu rồi h sao cũng đc
ghép team chán,1,com.garena.game.kgvn,negative,vi,ghép team chán,ghép team chán
game như bịa lúc cho ghé với người phá rừng có khi là afk game như bịa bò,1,com.garena.game.kgvn,negative,vi,game như bịa lúc cho ghé với người phá rừng có khi là afk game như bịa bò,game như bịa lúc cho ghé với người phá rừng có_khi là afk_game như bịa bò
game raccccccc,1,com.garena.game.kgvn,negative,vi,game raccccccc,game raccccccc
game lỗi thua mvp mà cx trừ thắng mvp k cộng lỗi ???,1,com.garena.game.kgvn,negative,vi,game lỗi thua mvp mà cũng trừ thắng mvp không cộng lỗi,game lỗi thua mvp mà cũng trừ thắng mvp không cộng lỗi
game như đb,1,com.garena.game.kgvn,negative,vi,game như đb,game như đb
tại sao chơi game không làm gì cả cũng bị cấm 3 ngày là sao ạ ?,4,com.garena.game.kgvn,positive,vi,tại sao chơi game không làm gì cả cũng bị cấm 3 ngày là sao ạ,tại_sao chơi game không làm gì cả cũng bị cấm 3 ngày là sao ạ
game càng ngày càng xuống dốc wifi đầy cây mà lag như ở trên núi,1,com.garena.game.kgvn,negative,vi,game càng ngày càng xuống dốc wifi đầy cây mà lag như ở trên núi,game càng_ngày_càng xuống_dốc wifi đầy cây mà lag như ở trên núi
"chơi hay rất hay ,nhưng ko hiểu sao máy mạnh ,mạng mạnh lại chuẩn bị vào trận là văng gảm ko hiểu tại sao",1,com.garena.game.kgvn,negative,vi,chơi hay rất hay nhưng không hiểu sao máy mạnh mạng mạnh lại chuẩn bị vào trận là văng gảm không hiểu tại sao,chơi hay rất hay nhưng không hiểu sao máy mạnh_mạng mạnh lại chuẩn_bị vào trận là văng gảm không hiểu tại_sao
game ghép team như bịa đã vậy còn lag nx k bt nói j,1,com.garena.game.kgvn,negative,vi,game ghép team như bịa đã vậy còn lag nx không bt nói j,game ghép team như bịa đã vậy còn lag nx không bt nói j
ghép trận như qq,1,com.garena.game.kgvn,negative,vi,ghép trận như qq,ghép trận như qq
"game ghép trận team bn toàn chs như tuyển thủ,game lag,nó bảo mạng yếu trg khi đó 4 cục mạng sáng",1,com.garena.game.kgvn,negative,vi,game ghép trận team bn toàn chơi như tuyển thủ game lag nó bảo mạng yếu trg khi đó 4 cục mạng sáng,game ghép trận team bn toàn chơi như tuyển_thủ game lag nó bảo_mạng yếu_trg khi đó 4 cục mạng sáng
ghép cho team súc vật còn team kia toàn người chơi giỏi,1,com.garena.game.kgvn,negative,vi,ghép cho team súc vật còn team kia toàn người chơi giỏi,ghép cho team súc_vật còn team kia toàn người chơi giỏi
càng ngày càng tệ ghép trận cho 4 cục tả đánh trận nào cũng thua toàn xúc vật,1,com.garena.game.kgvn,negative,vi,càng ngày càng tệ ghép trận cho 4 cục tả đánh trận nào cũng thua toàn xúc vật,càng_ngày_càng tệ ghép trận cho 4 cục_tả đánh trận nào cũng thua toàn xúc_vật
qua vui,5,com.garena.game.kgvn,positive,vi,qua vui,qua vui
"Đell hiểu cao thủ ghép ghép trúng bạch kim, t cũng nể đứa nào làm sao hệ thống ghép",1,com.garena.game.kgvn,negative,vi,đell hiểu cao thủ ghép ghép trúng bạch kim t cũng nể đứa nào làm sao hệ thống ghép,đell hiểu cao_thủ ghép ghép trúng bạch_kim t cũng nể đứa nào làm_sao hệ_thống ghép
Ccmm cơ chế xếp hạng game như tài xỉu 👎👎,1,com.garena.game.kgvn,negative,vi,ccmm cơ chế xếp hạng game như tài xỉu,ccmm cơ_chế xếp_hạng game như tài_xỉu
đồng đội afk cả trận thua vẫn trừ sao,1,com.garena.game.kgvn,negative,vi,đồng đội afk cả trận thua vẫn trừ sao,đồng_đội afk cả trận thua vẫn trừ sao
ghép team tật,1,com.garena.game.kgvn,negative,vi,ghép team tật,ghép team_tật
cũng ổn lâu lâu chơi giải trí cũng vui,4,com.garena.game.kgvn,positive,vi,cũng ổn lâu lâu chơi giải trí cũng vui,cũng ổn lâu_lâu chơi giải_trí cũng vui
"game ngày càng chán vì chuyển giao nhiều,làm skin ngày càng xấu mất đi sự sáng tạo,còn cả vụ yue nàng tiên gạo với cny ko thể chấp nhận đc(tuy skin yue gỡ r thay vì chỉnh sửa ngoại hình thì gà xóa mẹ luôn lm t tối ngày cày vì thấy skin đẹp)",1,com.garena.game.kgvn,negative,vi,game ngày càng chán vì chuyển giao nhiều làm skin ngày càng xấu mất đi sự sáng tạo còn cả vụ yue nàng tiên gạo với cny không thể chấp nhận đc tuy skin yue gỡ rồi thay vì chỉnh sửa ngoại hình thì gà xóa mẹ luôn lm t tối ngày cày vì thấy skin đẹp,game ngày_càng chán vì chuyển_giao nhiều làm skin ngày_càng xấu mất đi sự sáng_tạo còn cả vụ yue nàng tiên_gạo với cny không_thể chấp_nhận đc tuy skin yue gỡ rồi thay_vì chỉnh_sửa ngoại_hình thì gà xóa mẹ luôn lm_t tối_ngày cày vì thấy skin đẹp
ngon đếy=)),5,com.garena.game.kgvn,positive,vi,ngon đếy,ngon đếy
bị game trù như chó cay,1,com.garena.game.kgvn,negative,vi,bị game trù như chó cay,bị game_trù như chó cay
ghép toàn gặp team đánh đúng chán đời nên thua cay quá xóa game,1,com.garena.game.kgvn,negative,vi,ghép toàn gặp team đánh đúng chán đời nên thua cay quá xóa game,ghép toàn gặp team đánh đúng chán_đời nên thua cay quá xóa game
thắng được 1 ván thì 3 ván thua luôn,1,com.garena.game.kgvn,negative,vi,thắng được 1 ván thì 3 ván thua luôn,thắng được 1 ván thì 3 ván thua luôn
chán k buồn nói,1,com.garena.game.kgvn,negative,vi,chán không buồn nói,chán không buồn nói
"trời ơi cái game sv óc chó, ghép team j toàn mấy đứa nguuu chuỗi thua gánh k nổi làm game đ tử tế dc",1,com.garena.game.kgvn,negative,vi,trời ơi cái game người chơi óc chó ghép team j toàn mấy đứa nguuu chuỗi thua gánh không nổi làm game đ tử tế được,trời ơi cái game người chơi_óc chó ghép team_j toàn mấy đứa nguuu chuỗi thua_gánh không nổi làm game đ tử_tế được
liên quân là game rác không nên chơi,1,com.garena.game.kgvn,negative,vi,liên quân là game rác không nên chơi,liên_quân là game rác không nên chơi
"toàn mấy đứa kid , afk",1,com.garena.game.kgvn,negative,vi,toàn mấy đứa kid afk,toàn mấy đứa kid afk
"game chỉ muốn dữ người chs tiếp tục đánh mà ko quan tâm họ thắng hay thua chỉ cần để bạn đánh cố thêm 1 vài trận, thua từ 3-5 thì mới đc 1 trận thắng",1,com.garena.game.kgvn,negative,vi,game chỉ muốn dữ người chơi tiếp tục đánh mà không quan tâm họ thắng hay thua chỉ cần để bạn đánh cố thêm 1 vài trận thua từ 3 5 thì mới đc 1 trận thắng,game chỉ muốn dữ người chơi tiếp_tục đánh mà không quan_tâm họ thắng hay thua chỉ cần để bạn đánh cố thêm 1 vài trận thua từ 3 5 thì mới đc 1 trận thắng
ko bt chơi,1,com.garena.game.kgvn,negative,vi,không bt chơi,không bt chơi
ghép rank cong cho mấy thk phá,1,com.garena.game.kgvn,negative,vi,ghép rank cong cho mấy thk phá,ghép rank cong cho mấy thk phá
game như củ cải đồng đội dánh như đb,1,com.garena.game.kgvn,negative,vi,game như củ cải đồng đội dánh như đb,game như củ cải đồng_đội dánh như đb
ghép trận như củ lon,1,com.garena.game.kgvn,negative,vi,ghép trận như củ lon,ghép trận như củ lon
game chán ghép toàn mấy thk không biết chơi vô game nó phá,1,com.garena.game.kgvn,negative,vi,game chán ghép toàn mấy thk không biết chơi vô game nó phá,game chán_ghép toàn mấy thk không biết chơi vô_game nó phá
chs thì lag đồng đội thì như qq,1,com.garena.game.kgvn,negative,vi,chơi thì lag đồng đội thì như qq,chơi thì lag đồng_đội thì như qq
Hay tốt cái j cũng đẹp trừ map,3,com.garena.game.kgvn,neutral,vi,hay tốt cái j cũng đẹp trừ map,hay tốt cái j cũng đẹp_trừ map
code game hay ghép team đánh 44 sao xuống 26sao game lm rất nguuu xứng đáng sập game,1,com.garena.game.kgvn,negative,vi,code game hay ghép team đánh 44 sao xuống 26sao game lm rất nguuu xứng đáng sập game,code game hay ghép team đánh 44 sao xuống 26 sao game lm rất nguuu xứng_đáng sập game
game h tự nhiên mất tiến chơi méo đc gì,1,com.garena.game.kgvn,negative,vi,game h tự nhiên mất tiến chơi méo đc gì,game h tự_nhiên mất tiến_chơi méo_đc gì
game l để ảnh bthuong cx bị tố cáo?,1,com.garena.game.kgvn,negative,vi,game l để ảnh bthuong cũng bị tố cáo,game l để ảnh bthuong cũng bị tố_cáo
game ko cân bằng ghép toàn tem sv tướng thì ko cân bằng,1,com.garena.game.kgvn,negative,vi,game không cân bằng ghép toàn tem người chơi tướng thì không cân bằng,game không cân_bằng ghép toàn tem người chơi_tướng thì không cân_bằng
ghép toàn phá game mất cân bằng vãi ra game ngày càng quá tệ ghép hạng thì toàn lũ phá game cân bằng tướng thì chẳng ra gì con mạnh con yếu không cần kỉ năng chỉ cần spam là có mạng còn tướng cần kĩ năng múa mỏi tay mà nó chỉ cần spam cũng ngang mình ghép thì toàn phá ad thì lên đầu cúng mạng sp như máy bảo đổi phụ trợ không đổi cả trận không bật phụ trợ top thì cúng mạng cho đội nó xanh rừng thì không ăn rồng không ăn caesar bài đánh giá này chứa chắc nhà phát hành đọc,1,com.garena.game.kgvn,negative,vi,ghép toàn phá game mất cân bằng vãi ra game ngày càng quá tệ ghép hạng thì toàn lũ phá game cân bằng tướng thì chẳng ra gì con mạnh con yếu không cần kỉ năng chỉ cần spam là có mạng còn tướng cần kĩ năng múa mỏi tay mà nó chỉ cần spam cũng ngang mình ghép thì toàn phá ad thì lên đầu cúng mạng sp như máy bảo đổi phụ trợ không đổi cả trận không bật phụ trợ top thì cúng mạng cho đội nó xanh rừng thì không ăn rồng không ăn caesar bài đánh giá này chứa chắc nhà phát hành đọc,ghép toàn phá game mất cân_bằng vãi ra game ngày_càng quá tệ ghép hạng thì toàn lũ phá game cân_bằng tướng thì chẳng ra gì con mạnh con yếu không cần kỉ_năng chỉ cần spam là có mạng còn tướng cần kĩ_năng múa mỏi tay mà nó chỉ cần spam cũng ngang mình ghép thì toàn phá ad thì lên đầu cúng_mạng sp như máy bảo_đổi phụ_trợ không đổi cả trận không bật phụ_trợ_top thì cúng_mạng cho đội nó xanh rừng thì không ăn rồng không ăn_caesar bài đánh_giá này chứa chắc nhà phát_hành đọc
"gà ghép trận j k , không cân sức địch mạnh hơn phe ta yếu k ,ghép 10 trận toang gặp thứ phá game không .",1,com.garena.game.kgvn,negative,vi,gà ghép trận j không không cân sức địch mạnh hơn phe ta yếu không ghép 10 trận toang gặp thứ phá game không,gà ghép trận j không không cân_sức địch mạnh hơn phe ta yếu không ghép 10 trận toang gặp thứ phá game không
"Khinh thường người chơi Việt, Chaini niu year, skin Yue, lỗi nạp UID khoá acc không giải quyết cho ngta, chỉ khi bị làm lớn chuyện mới đi giải quyết. CNY thì im luôn không xem người chơi Việt ra gì, bị chửi cho mới xin lỗi cho có, không bồi thường gì cả. Quá tồi tệ, game ở VN sự kiện bị cắt xén, outfit thì diếm, nhìn qua bên Thái, Đài đồ mà học hỏi giùm. Bớt xem thường người chơi.",1,com.garena.game.kgvn,negative,vi,khinh thường người chơi việt chaini niu year skin yue lỗi nạp uid khoá tài khoản không giải quyết cho ngta chỉ khi bị làm lớn chuyện mới đi giải quyết cny thì im luôn không xem người chơi việt ra gì bị chửi cho mới xin lỗi cho có không bồi thường gì cả quá tồi tệ game ở vn sự kiện bị cắt xén outfit thì diếm nhìn qua bên thái đài đồ mà học hỏi giùm bớt xem thường người chơi,khinh thường người chơi việt chaini_niu year skin yue lỗi_nạp uid khóa tài_khoản không giải_quyết cho ngta chỉ khi bị làm lớn chuyện mới đi giải_quyết cny thì im luôn không xem người chơi việt ra gì bị chửi cho mới xin_lỗi cho có không bồi_thường gì cả quá tồi_tệ game ở vn sự_kiện bị cắt_xén outfit thì diếm nhìn qua bên thái_đài đồ mà học_hỏi giùm bớt xem_thường người chơi
game toàn sv,1,com.garena.game.kgvn,negative,vi,game toàn người chơi,game toàn người chơi
hệ thống tố cáo nhu b rõ ràng thằng đó ko chs mà ko tố cáo dc trong khi đó tao chs mà vẫn bị tố cáo là thái độ tiêu cực game đưa ra hệ thống như l.ồ.n,1,com.garena.game.kgvn,negative,vi,hệ thống tố cáo nhu b rõ ràng thằng đó không chơi mà không tố cáo được trong khi đó tao chơi mà vẫn bị tố cáo là thái độ tiêu cực game đưa ra hệ thống như l ồ n,hệ_thống tố_cáo nhu_b rõ_ràng thằng đó không chơi mà không tố_cáo được trong khi đó tao chơi mà vẫn bị tố_cáo là thái_độ tiêu_cực game đưa ra hệ_thống như l ồ_n
"Game càng lúc càng rác ghép toàn gì đâu không cao thủ chục mùa mà toàn ghép với mấy thằng ku chưa cao thủ hoặc mới cao thủ 1 2 mùa, MVP hạ hơn mười mấy mạng mà vẫn bị trừ sao cò mấy thằng phá game thì bị trừ 3-7 uy tín vl game làm ăn gì vậy. Lỡ nạp vô game rồi muốn bỏ thì khó mà muốn gắn bó thì không thể.",1,com.garena.game.kgvn,negative,vi,game càng lúc càng rác ghép toàn gì đâu không cao thủ chục mùa mà toàn ghép với mấy thằng ku chưa cao thủ hoặc mới cao thủ 1 2 mùa mvp hạ hơn mười mấy mạng mà vẫn bị trừ sao cò mấy thằng phá game thì bị trừ 3 7 uy tín vl game làm ăn gì vậy lỡ nạp vô game rồi muốn bỏ thì khó mà muốn gắn bó thì không thể,game càng lúc càng rác ghép toàn gì đâu không cao_thủ chục mùa mà toàn ghép với mấy thằng ku chưa cao_thủ hoặc mới cao_thủ 1 2 mùa mvp hạ hơn mười mấy mạng mà vẫn bị trừ sao cò mấy thằng phá game thì bị trừ 3 7 uy_tín vl game làm_ăn gì vậy lỡ_nạp vô_game rồi muốn bỏ thì khó mà muốn gắn_bó thì không_thể
ghép éo công bằng,1,com.garena.game.kgvn,negative,vi,ghép éo công bằng,ghép éo công_bằng
game cc gì mà vào tải đến 78% xong rồi im rui không vô được là sao,1,com.garena.game.kgvn,negative,vi,game cc gì mà vào tải đến 78 xong rồi im rui không vô được là sao,game cc gì mà vào tải đến 78 xong rồi im_rui không vô được là sao
Toàn chơi cùng mấy thằng nguuu,2,com.garena.game.kgvn,negative,vi,toàn chơi cùng mấy thằng nguuu,toàn chơi cùng mấy thằng nguuu
ngonnn,5,com.garena.game.kgvn,positive,vi,ngonnn,ngonnn
56% ko thắng nổi 3 ván,1,com.garena.game.kgvn,negative,vi,56 không thắng nổi 3 ván,56 không thắng nổi 3 ván
"Toàn afk , nhieu thua choi oc cho, chui LÁO",1,com.garena.game.kgvn,negative,vi,toàn afk nhieu thua choi oc cho chui láo,toàn afk nhieu thua choi oc cho chui láo
"game ngày càng rác, ghép trận toàn bị chênh lệch hạng cao thủ 30 sao nhưng lại gặp 2 ta skin thì bị cắt hiệu ứng map thì xấu nói chung ngày càng giống lửa chùa chủ yếu bào tiền chứ về chất lượng chơi thì ngày càng đi xuống khuyên anh em nên cân nhắc trước khi chơi",1,com.garena.game.kgvn,negative,vi,game ngày càng rác ghép trận toàn bị chênh lệch hạng cao thủ 30 sao nhưng lại gặp 2 ta skin thì bị cắt hiệu ứng map thì xấu nói chung ngày càng giống lửa chùa chủ yếu bào tiền chứ về chất lượng chơi thì ngày càng đi xuống khuyên anh em nên cân nhắc trước khi chơi,game ngày_càng rác ghép trận toàn bị chênh_lệch hạng cao_thủ 30 sao nhưng lại gặp 2 ta skin thì bị cắt hiệu_ứng map thì xấu nói_chung ngày_càng giống lửa chùa chủ_yếu bào tiền chứ về chất_lượng chơi thì ngày_càng đi xuống khuyên anh_em nên cân_nhắc trước khi chơi
ghép team ngu team địch thì rõ hay,1,com.garena.game.kgvn,negative,vi,ghép team ngu team địch thì rõ hay,ghép team ngu team địch thì rõ hay
không có j để chê luôn 5 sao là đúng aaaaaaa,5,com.garena.game.kgvn,positive,vi,không có j để chê luôn 5 sao là đúng aaaaaaa,không có j để chê luôn 5 sao là đúng aaaaaaa
thắng nhiều là bị ghép mấy thg cao team toàn mấy thg ngu bắt gánh team thì mới đc,1,com.garena.game.kgvn,negative,vi,thắng nhiều là bị ghép mấy thg cao team toàn mấy thg ngu bắt gánh team thì mới đc,thắng nhiều là bị ghép mấy thg cao_team toàn mấy thg ngu bắt gánh team thì mới đc
game hay +1 s20 ultra bị đập vì con sv aya👍,5,com.garena.game.kgvn,positive,vi,game hay 1 s20 ultra bị đập vì con người chơi aya,game hay 1 s20 ultra bị đập vì con_người chơi aya
"Mong game sẽ có nhiều thay đổi trong năm nay chơi rất dễ văng , mới chơi nhưng cảm thấy chất lượng ko tốt !",1,com.garena.game.kgvn,negative,vi,mong game sẽ có nhiều thay đổi trong năm nay chơi rất dễ văng mới chơi nhưng cảm thấy chất lượng không tốt,mong game sẽ có nhiều thay_đổi trong năm nay chơi rất dễ văng mới chơi nhưng cảm_thấy chất_lượng không tốt
vì nó lag nên dễ văn game mà kúc đó trong trận mà bị văn ra thì trừ uy tín với lại tôi không muốn bật chế độ 4g vì máy tôi không còn tiền,2,com.garena.game.kgvn,negative,vi,vì nó lag nên dễ văn game mà kúc đó trong trận mà bị văn ra thì trừ uy tín với lại tôi không muốn bật chế độ 4g vì máy tôi không còn tiền,vì nó lag nên dễ văn_game mà kúc đó trong trận mà bị văn ra thì trừ uy_tín với_lại tôi không muốn bật chế_độ 4 g vì máy tôi không còn tiền
"nói j thì nói game vẫn rất ổn, có đôi khi ko hài lòng nhưng game cũng bt lắng nghe người chơi. Mong game sẽ phát triển mạnh mẽ hơn trong tương lai .",5,com.garena.game.kgvn,positive,vi,nói j thì nói game vẫn rất ổn có đôi khi không hài lòng nhưng game cũng bt lắng nghe người chơi mong game sẽ phát triển mạnh mẽ hơn trong tương lai,nói j thì nói game vẫn rất ổn có đôi_khi không hài_lòng nhưng game cũng bt lắng_nghe người chơi mong game sẽ phát_triển mạnh_mẽ hơn trong tương_lai
e cảm thấy game giờ đánh nhanh Quá e đề nghị nhà phát làm lại tất cả bình thường trở lại cơ chế đẩy trụ như cũ và bỏ luôn ván lướt đi ạ e cảm ơn nhà. phát triển e chúc nhà phát hành game luôn mạnh khỏe để đổi mới nhiều trang phục Việt lên một tầm cao mới ạ e xin nha phát triển giúp đỡ trong việc đăng nhập để vào game cho dễ hơn ạ e đề nghị nhà phát triển xắp xếp lại cho cân bằng trong game chiến game đi chứ ghép toàn một. bên toàn người đánh giỏi một bên ko biết đánh e xin cảm ơn,2,com.garena.game.kgvn,negative,vi,e cảm thấy game giờ đánh nhanh quá e đề nghị nhà phát làm lại tất cả bình thường trở lại cơ chế đẩy trụ như cũ và bỏ luôn ván lướt đi ạ e cảm ơn nhà phát triển e chúc nhà phát hành game luôn mạnh khỏe để đổi mới nhiều trang phục việt lên một tầm cao mới ạ e xin nha phát triển giúp đỡ trong việc đăng nhập để vào game cho dễ hơn ạ e đề nghị nhà phát triển xắp xếp lại cho cân bằng trong game chiến game đi chứ ghép toàn một bên toàn người đánh giỏi một bên không biết đánh e xin cảm ơn,e cảm_thấy game giờ đánh nhanh quá e đề_nghị nhà_phát làm lại tất_cả bình_thường trở_lại cơ_chế đẩy trụ như cũ và bỏ luôn ván lướt đi ạ_e cảm_ơn nhà phát_triển e_chúc nhà phát_hành game luôn mạnh_khỏe để đổi_mới nhiều trang_phục việt lên một tầm cao mới ạ e xin nha phát_triển giúp_đỡ trong việc đăng_nhập để vào game cho dễ hơn ạ e đề_nghị nhà phát_triển xắp xếp lại cho cân_bằng trong game chiến_game đi chứ ghép toàn một bên toàn người đánh giỏi một bên không biết đánh e xin cảm_ơn
1/7/2 thì mvp trong khi t 3/1/2 kh mvp quá vô lí tố cáo thì kh bị trừ,3,com.garena.game.kgvn,neutral,vi,1 7 2 thì mvp trong khi t 3 1 2 kh mvp quá vô lí tố cáo thì kh bị trừ,1 7 2 thì mvp trong khi t 3 1 2 kh mvp quá vô_lí tố_cáo thì kh bị trừ
game rất vui mà con govera khó chịu vô cùng,1,com.garena.game.kgvn,negative,vi,game rất vui mà con govera khó chịu vô cùng,game rất vui mà con govera khó_chịu vô_cùng
sao vô game hok dc,1,com.garena.game.kgvn,negative,vi,sao vô game hok được,sao vô game hok được
Lag ko vô đc,1,com.garena.game.kgvn,negative,vi,lag không vô đc,lag không vô đc
cc Garena liên quan tao xóa luôn rồi 10 trận liên tục gặp toàn sv mướn tao đell chơi,1,com.garena.game.kgvn,negative,vi,cc garena liên quan tao xóa luôn rồi 10 trận liên tục gặp toàn người chơi mướn tao đell chơi,cc garena liên_quan tao xóa luôn rồi 10 trận liên_tục gặp toàn người chơi mướn tao đell chơi
game xếp trận như lol,1,com.garena.game.kgvn,negative,vi,game xếp trận như lol,game xếp trận như lol
ghép kiểu gì vậy 9 chuổi thua ghép toàn gì đâu không có 1 2 ngươi biết chơi còn nhiều không biết mà có đứa 0 8 3 tố cáo không trừ cái gì mà chiêu unti marja chưa đến 10 giây hồi rồi,1,com.garena.game.kgvn,negative,vi,ghép kiểu gì vậy 9 chuổi thua ghép toàn gì đâu không có 1 2 ngươi biết chơi còn nhiều không biết mà có đứa 0 8 3 tố cáo không trừ cái gì mà chiêu unti marja chưa đến 10 giây hồi rồi,ghép kiểu gì vậy 9 chuổi_thua ghép toàn gì đâu không có 1 2 ngươi biết chơi còn nhiều không biết mà có đứa 0 8 3 tố_cáo không trừ cái gì mà chiêu_unti marja chưa đến 10 giây_hồi rồi
lag lỗi game đầy hack tràn lan riết tụi nó bảo game 3 nước đúng thật chả sai,1,com.garena.game.kgvn,negative,vi,lag lỗi game đầy hack tràn lan riết tụi nó bảo game 3 nước đúng thật chả sai,lag lỗi game đầy hack tràn_lan riết tụi nó bảo game 3 nước đúng thật chả sai
game hay phết,5,com.garena.game.kgvn,positive,vi,game hay phết,game hay phết
Ghép trận quá khốn nạn gặp thêm lỗi lock fps (nghĩ game.),1,com.garena.game.kgvn,negative,vi,ghép trận quá khốn nạn gặp thêm lỗi lock fps nghĩ game,ghép trận quá khốn_nạn gặp thêm lỗi lock fps nghĩ game
vui dễ chơi và ghép đồng đội mạnh😁,5,com.garena.game.kgvn,positive,vi,vui dễ chơi và ghép đồng đội mạnh,vui dễ chơi và ghép đồng_đội mạnh
ghép trận như bùi lỗi sv hack map thì lắm,1,com.garena.game.kgvn,negative,vi,ghép trận như bùi lỗi người chơi hack map thì lắm,ghép trận như bùi_lỗi người chơi hack_map thì lắm
game toàn hack toàn ghép trânh với mấy thg ngu,1,com.garena.game.kgvn,negative,vi,game toàn hack toàn ghép trânh với mấy thg ngu,game toàn hack toàn ghép trânh với mấy thg ngu
"game sv , Happy New Year cny cái l , tưởng tặng skin là nghĩ ổn à , game cho' rách , -1 người chơi lâu năm",1,com.garena.game.kgvn,negative,vi,game người chơi happy new year cny cái l tưởng tặng skin là nghĩ ổn à game cho rách 1 người chơi lâu năm,game người chơi happy new year cny cái l tưởng tặng skin là nghĩ ổn à game cho rách 1 người chơi lâu năm
"bao giờ mới khắc chế phá game loại này là sp cố ý ko giao tranh,ks kill của team hỗ trợ vài mạng ,nhưng ko có ích cho Team ,hay bỏ ad gây ức chế cho team nhưng ko thể tố cáo vì nó MVP mong được rep",1,com.garena.game.kgvn,negative,vi,bao giờ mới khắc chế phá game loại này là sp cố ý không giao tranh ks kill của team hỗ trợ vài mạng nhưng không có ích cho team hay bỏ ad gây ức chế cho team nhưng không thể tố cáo vì nó mvp mong được rep,bao_giờ mới khắc_chế phá game loại này là sp cố_ý không giao tranh ks kill của team hỗ_trợ vài mạng nhưng không có_ích cho team hay bỏ ad gây ức_chế cho team nhưng không_thể tố_cáo vì nó mvp_mong được rep
game ghép trận quá ngiu quá nhiều sv lỗi hack map,1,com.garena.game.kgvn,negative,vi,game ghép trận quá ngiu quá nhiều người chơi lỗi hack map,game ghép trận quá ngiu quá nhiều người chơi lỗi hack map
game ghép trận quá ngiu quá nhiều sv hack map lỗi game,1,com.garena.game.kgvn,negative,vi,game ghép trận quá ngiu quá nhiều người chơi hack map lỗi game,game ghép trận quá ngiu quá nhiều người chơi hack map lỗi game
game như qq kc mà ghép với mấy thằng đại cao thủ con bên mình thì toàn sv chơi game,1,com.garena.game.kgvn,negative,vi,game như qq kc mà ghép với mấy thằng đại cao thủ con bên mình thì toàn người chơi chơi game,game như qq kc mà ghép với mấy thằng đại cao_thủ con bên mình thì toàn người chơi chơi game
hơi lag,5,com.garena.game.kgvn,positive,vi,hơi lag,hơi lag
mở bán skin lag chetme ra tàn bị out game mà còn skin có chất lượng cao má out game 4 5 lần,1,com.garena.game.kgvn,negative,vi,mở bán skin lag chetme ra tàn bị out game mà còn skin có chất lượng cao má out game 4 5 lần,mở bán skin lag chetme ra tàn bị out game mà_còn skin có chất_lượng cao má out game 4 5 lần
gem hay,5,com.garena.game.kgvn,positive,vi,gem hay,gem hay
gép team toàn gặp team gà,4,com.garena.game.kgvn,positive,vi,gép team toàn gặp team gà,gép team toàn gặp team gà
game cho chó chs a,1,com.garena.game.kgvn,negative,vi,game cho chó chơi a,game cho chó chơi a
gema hayyy,5,com.garena.game.kgvn,positive,vi,gema hayyy,gema hayyy
đi đơn toàn svat,1,com.garena.game.kgvn,negative,vi,đi đơn toàn svat,đi đơn toàn svat
dù thua nhưng thắng nhiều,5,com.garena.game.kgvn,positive,vi,dù thua nhưng thắng nhiều,dù thua nhưng thắng nhiều
game hayyyy,5,com.garena.game.kgvn,positive,vi,game hayyyy,game hayyyy
yêu cầu tăng sức mạnh cho con flo,3,com.garena.game.kgvn,neutral,vi,yêu cầu tăng sức mạnh cho con flo,yêu_cầu tăng sức_mạnh cho con flo
chơi hay hơi lag nhưng hay và chỉ cần sử dụng đúng cách thì thắng liên tiếp luôn💯💯❤️,5,com.garena.game.kgvn,positive,vi,chơi hay hơi lag nhưng hay và chỉ cần sử dụng đúng cách thì thắng liên tiếp luôn,chơi hay hơi lag nhưng hay và chỉ cần sử_dụng đúng cách thì thắng liên_tiếp luôn
xếp đội hik ccc,1,com.garena.game.kgvn,negative,vi,xếp đội hik ccc,xếp đội hik ccc
rác rưởi,1,com.garena.game.kgvn,negative,vi,rác rưởi,rác_rưởi
vá đả,5,com.garena.game.kgvn,positive,vi,vá đả,vá_đả
cũng được nhưng đồng đội quá chơi ngu,5,com.garena.game.kgvn,positive,vi,cũng được nhưng đồng đội quá chơi ngu,cũng được nhưng đồng_đội quá chơi ngu
"Nhìn lại cách ghép trận xem, toàn ghép với mấy đứa phá game, tố cáo thì chúng nó không bị gì còn mình thì tuột hạng vèo vèo",1,com.garena.game.kgvn,negative,vi,nhìn lại cách ghép trận xem toàn ghép với mấy đứa phá game tố cáo thì chúng nó không bị gì còn mình thì tuột hạng vèo vèo,nhìn lại cách ghép trận xem toàn ghép với mấy đứa phá game tố_cáo thì chúng_nó không bị gì còn mình thì tuột hạng vèo vèo
"Game lon, ghép trận như con cak, từ nay về sau tao del cho 5 sao nữa",1,com.garena.game.kgvn,negative,vi,game lon ghép trận như con cak từ nay về sau tao del cho 5 sao nữa,game lon ghép trận như con cak từ nay về sau tao del cho 5 sao nữa
Ko khuyến khích ae tải Game còn chẳng bật đc 120 fps đồ họa thì tệ hại còn ghép trận thì quá mất cân bằng nói chung ko bằng đc 1 góc nào cũng những game moba khác,1,com.garena.game.kgvn,negative,vi,không khuyến khích ae tải game còn chẳng bật đc 120 fps đồ họa thì tệ hại còn ghép trận thì quá mất cân bằng nói chung không bằng đc 1 góc nào cũng những game moba khác,không khuyến_khích ae_tải game còn chẳng bật đc 120 fps đồ họa thì tệ_hại còn ghép trận thì quá mất cân_bằng nói_chung không bằng đc 1 góc nào cũng những game moba khác
"Game hay nha mn, đáng để tải về chơi. Game đồ hoạ ổn, skin đẹp, hoạt hoạ rất tốt và game có hệ thống tố cáo như loằn👍",1,com.garena.game.kgvn,negative,vi,game hay nha mn đáng để tải về chơi game đồ hoạ ổn skin đẹp hoạt hoạ rất tốt và game có hệ thống tố cáo như loằn,game hay nha mn_đáng để tải về chơi game đồ họa ổn skin đẹp hoạt_họa rất tốt và game có hệ_thống tố_cáo như loằn
liên quân chơi rất hay,5,com.garena.game.kgvn,positive,vi,liên quân chơi rất hay,liên_quân chơi rất hay
nói chung là ko,4,com.garena.game.kgvn,positive,vi,nói chung là không,nói_chung là không
vô game mạng bình thường mà đứng game?,1,com.garena.game.kgvn,negative,vi,vô game mạng bình thường mà đứng game,vô game_mạng bình_thường mà đứng game
game chứa đến 14gb là chiếm hết gb đt,1,com.garena.game.kgvn,negative,vi,game chứa đến 14gb là chiếm hết gb đt,game chứa đến 14 gb là chiếm hết gb đt
game như lol chơi đc chuỗi thắng 3 thì ghép cho team choi thua mẹ trăm trận gamelolllllllllllllllll,1,com.garena.game.kgvn,negative,vi,game như lol chơi đc chuỗi thắng 3 thì ghép cho team choi thua mẹ trăm trận gamelolllllllllllllllll,game như lol chơi đc chuỗi thắng 3 thì ghép cho team choi_thua mẹ trăm trận gamelolllllllllllllllll
ko hay,1,com.garena.game.kgvn,negative,vi,không hay,không hay
LoVe AoV ❤️,5,com.garena.game.kgvn,positive,vi,love aov,love aov
quá ức chế quá áp lực đội hình ko hoàn chỉnh tranh lane rất nhiều,1,com.garena.game.kgvn,negative,vi,quá ức chế quá áp lực đội hình không hoàn chỉnh tranh lane rất nhiều,quá ức_chế quá áp_lực đội_hình không hoàn_chỉnh tranh_lane rất nhiều
đẹp,5,com.garena.game.kgvn,positive,vi,đẹp,đẹp
ghép rank toàn thứ gì đâu không lệch hạng buff bẩn ghép toàn thứ ngu rank thắng thì dell cộng sao đúng rác ko nên tải nha ae,1,com.garena.game.kgvn,negative,vi,ghép rank toàn thứ gì đâu không lệch hạng buff bẩn ghép toàn thứ ngu rank thắng thì không cộng sao đúng rác không nên tải nha ae,ghép rank toàn thứ gì đâu không lệch hạng buff bẩn ghép toàn thứ ngu rank_thắng thì không cộng_sao đúng rác không nên tải nha ae
sửa lại cách ghép trận đối thủ :>,5,com.garena.game.kgvn,positive,vi,sửa lại cách ghép trận đối thủ,sửa lại cách ghép trận đối_thủ
Tôi thấy đây là tựa game dành cho tôi để giải trí tôi yên game này,5,com.garena.game.kgvn,positive,vi,tôi thấy đây là tựa game dành cho tôi để giải trí tôi yên game này,tôi thấy đây là tựa game dành cho tôi để giải_trí tôi yên_game này
hay nhiều skin đẹp,5,com.garena.game.kgvn,positive,vi,hay nhiều skin đẹp,hay nhiều skin đẹp
toàn tk phá game,1,com.garena.game.kgvn,negative,vi,toàn tk phá game,toàn tk phá game
Lắc quá,1,com.garena.game.kgvn,negative,vi,lắc quá,lắc quá
chs cũng hay nhưng nếu máy ít dung lượng thì mỗi lần cập nhập thì xóa đi r tải lại chứ cập nhập hao dung lượng lắm tui để cập nhập 2 hay 3 lần gì mà lên tận 13gb,4,com.garena.game.kgvn,positive,vi,chơi cũng hay nhưng nếu máy ít dung lượng thì mỗi lần cập nhập thì xóa đi rồi tải lại chứ cập nhập hao dung lượng lắm tui để cập nhập 2 hay 3 lần gì mà lên tận 13gb,chơi cũng hay nhưng nếu máy ít dung_lượng thì mỗi lần cập nhập thì xóa đi rồi tải lại chứ cập nhập_hao dung_lượng lắm tui để cập nhập 2 hay 3 lần gì mà lên tận 13 gb
"cân bằng game rất tệ , ghép rank thì toàn gặp phá game với cheat",1,com.garena.game.kgvn,negative,vi,cân bằng game rất tệ ghép rank thì toàn gặp phá game với cheat,cân_bằng game rất tệ ghép rank thì toàn gặp phá game với cheat
không đăng nhập được fb,1,com.garena.game.kgvn,negative,vi,không đăng nhập được fb,không đăng_nhập được fb
"Lag vc, tối ưu thì kém mà mấy vấn đề lặt vặt thì fix rõ nhanh",3,com.garena.game.kgvn,neutral,vi,lag vc tối ưu thì kém mà mấy vấn đề lặt vặt thì fix rõ nhanh,lag vc tối_ưu thì kém mà mấy vấn_đề lặt_vặt thì fix rõ nhanh
ước gì game hỗ trợ trên máy tính,5,com.garena.game.kgvn,positive,vi,ước gì game hỗ trợ trên máy tính,ước gì game hỗ_trợ trên máy_tính
nói thật ai cần mua điện thoại mới nên tải game chơi vì mới 2 tuần chước tôi đang vô chận thì nó tự tắc nguồn và làm cho điện thoại tôi bị bóc khói mà điện thoại tôi chơi không hề yếu và tôi phải đưa ra tiệm để người ta sửa mất máy ngày liền đến ngày hôm qua mới lấy về được và tôi nhắc lại nhé ai cần thay điện thoại hoạt điện thoại mạnh thì nên tải còn không muốn điện thoại mình bị gì thì đừng nên tải game về chơi game lại có quấn đề về truyề tải mạng rồi,1,com.garena.game.kgvn,negative,vi,nói thật ai cần mua điện thoại mới nên tải game chơi vì mới 2 tuần chước tôi đang vô chận thì nó tự tắc nguồn và làm cho điện thoại tôi bị bóc khói mà điện thoại tôi chơi không hề yếu và tôi phải đưa ra tiệm để người ta sửa mất máy ngày liền đến ngày hôm qua mới lấy về được và tôi nhắc lại nhé ai cần thay điện thoại hoạt điện thoại mạnh thì nên tải còn không muốn điện thoại mình bị gì thì đừng nên tải game về chơi game lại có quấn đề về truyề tải mạng rồi,nói thật ai cần mua điện_thoại mới nên tải game chơi vì mới 2 tuần_chước tôi đang vô_chận thì nó tự_tắc nguồn và làm cho điện_thoại tôi bị bóc khói mà điện_thoại tôi chơi không hề yếu và tôi phải đưa ra tiệm để người ta sửa mất máy ngày liền đến ngày hôm_qua mới lấy về được và tôi nhắc lại nhé ai cần thay điện_thoại hoạt_điện_thoại mạnh thì nên tải còn không muốn điện_thoại mình bị gì thì đừng nên tải game về chơi game lại có quấn đề về truyề_tải mạng rồi
cũng đc tui chơi vì ah chj tui chơi chúng,4,com.garena.game.kgvn,positive,vi,cũng đc tui chơi vì ah chj tui chơi chúng,cũng đc tui chơi vì ah chj tui chơi chúng
Như căng cọt,5,com.garena.game.kgvn,positive,vi,như căng cọt,như căng cọt
"toàn pick cho team lag,afk",1,com.garena.game.kgvn,negative,vi,toàn pick cho team lag afk,toàn pick cho team lag afk
Vyi,5,com.garena.game.kgvn,positive,vi,vyi,vyi
vãi cả cân bằng tướng giảm dùm con moren cho bố cái,1,com.garena.game.kgvn,negative,vi,vãi cả cân bằng tướng giảm dùm con moren cho bố cái,vãi cả cân_bằng tướng giảm dùm con moren cho bố cái
lao vào đội hình của địch là văng làm gì cũng văng,1,com.garena.game.kgvn,negative,vi,lao vào đội hình của địch là văng làm gì cũng văng,lao vào đội_hình của địch là văng làm gì cũng văng
"ghép trận thì chẳng ra sao, gặp phá game tố cáo thì lại chẳng bị trừ uy tín hay gì hết, game thì giật lag, chơi hay, ăn mạng với hỗ trợ các thứ nhiều vãi ra thì chả được tính để được MVP hay s, SS",2,com.garena.game.kgvn,negative,vi,ghép trận thì chẳng ra sao gặp phá game tố cáo thì lại chẳng bị trừ uy tín hay gì hết game thì giật lag chơi hay ăn mạng với hỗ trợ các thứ nhiều vãi ra thì chả được tính để được mvp hay s ss,ghép trận thì chẳng ra sao gặp phá game tố_cáo thì lại chẳng bị trừ uy_tín hay gì hết game thì giật lag_chơi hay ăn_mạng với hỗ_trợ các thứ nhiều vãi ra thì chả được tính để được mvp hay s ss
game lag quá,1,com.garena.game.kgvn,negative,vi,game lag quá,game lag quá
rất hay,5,com.garena.game.kgvn,positive,vi,rất hay,rất hay
"game ghép chận cái kiểu gì vậy , còng lưng cũng không gánh nổi 😡😡😡😡",1,com.garena.game.kgvn,negative,vi,game ghép chận cái kiểu gì vậy còng lưng cũng không gánh nổi,game ghép chận cái kiểu gì vậy còng lưng cũng không gánh nổi
game hay mà 1 trận kiếm ít vàng vãi cày cực khổ mấy tuần mới đủ mua tướng,1,com.garena.game.kgvn,negative,vi,game hay mà 1 trận kiếm ít vàng vãi cày cực khổ mấy tuần mới đủ mua tướng,game hay mà 1 trận kiếm ít vàng vãi cày cực_khổ mấy tuần mới đủ mua tướng
"Mọi ng đừng tải về đừng chơi nữa, vì game có thuật toán A.I ghép trận để mình thắng ít thua nhiều khiến mọi ng cay cú và càng chơi nhiều hơn, nhà game ko sợ bạn lên chiến tướng/chiến thần, nhà làm game sợ bạn lên chiến tướng/chiến thần r sẽ xóa game ko chơi nữa vì khi chúng ta thua chúng ta càng chơi nhiều thì nhà làm game càng giàu, đừng làm giàu cho họ nữa mà hãy chung tay tẩy chay xóa game tập trung sự nghiệp để cho họ phá sản dẹp game thì khi đó chúng ta mới là những ng chiến thắng thật sự!",1,com.garena.game.kgvn,negative,vi,mọi người đừng tải về đừng chơi nữa vì game có thuật toán a i ghép trận để mình thắng ít thua nhiều khiến mọi người cay cú và càng chơi nhiều hơn nhà game không sợ bạn lên chiến tướng chiến thần nhà làm game sợ bạn lên chiến tướng chiến thần rồi sẽ xóa game không chơi nữa vì khi chúng ta thua chúng ta càng chơi nhiều thì nhà làm game càng giàu đừng làm giàu cho họ nữa mà hãy chung tay tẩy chay xóa game tập trung sự nghiệp để cho họ phá sản dẹp game thì khi đó chúng ta mới là những người chiến thắng thật sự,mọi người đừng tải về đừng chơi nữa vì game có thuật_toán a i ghép trận để mình thắng ít thua nhiều khiến mọi người cay_cú và càng chơi nhiều hơn nhà game không sợ bạn lên chiến_tướng chiến_thần nhà làm game sợ bạn lên chiến_tướng chiến_thần rồi sẽ xóa game không chơi nữa vì khi chúng_ta thua chúng_ta càng chơi nhiều thì nhà làm game càng giàu đừng làm_giàu cho họ nữa mà hãy chung tay tẩy_chay xóa game tập_trung sự_nghiệp để cho họ phá_sản dẹp game thì khi đó chúng_ta mới là những người chiến_thắng thật_sự
vốn hóa lớn makkvn của,2,com.garena.game.kgvn,negative,vi,vốn hóa lớn makkvn của,vốn hóa lớn makkvn của
hệ thống ghép nguu vc nghĩ sao rank cao thủ ghép với lv 25 vào toàn phá,1,com.garena.game.kgvn,negative,vi,hệ thống ghép nguu vc nghĩ sao rank cao thủ ghép với lv 25 vào toàn phá,hệ_thống ghép nguu vc nghĩ sao rank cao_thủ ghép với lv 25 vào toàn phá
hay lắm luôn ai có ý định chơi thì tải luôn đi chờ chi !,5,com.garena.game.kgvn,positive,vi,hay lắm luôn ai có ý định chơi thì tải luôn đi chờ chi,hay lắm luôn ai có ý_định chơi thì tải luôn đi chờ chi
"kh hỏi sao game lâu lại bị lỗi đơ ngoài sảnh chờ , để treo cả tiếng vẫn kh thấy gì , trong khi thoát ra sài các ứng dụng khác chạy vẫn mượt",1,com.garena.game.kgvn,negative,vi,kh hỏi sao game lâu lại bị lỗi đơ ngoài sảnh chờ để treo cả tiếng vẫn kh thấy gì trong khi thoát ra sài các ứng dụng khác chạy vẫn mượt,kh hỏi sao game lâu lại bị lỗi đơ ngoài sảnh chờ để treo cả tiếng vẫn kh thấy gì trong khi thoát ra sài các ứng_dụng khác chạy vẫn mượt
game khó chơi ko đc ý muốn,1,com.garena.game.kgvn,negative,vi,game khó chơi không đc ý muốn,game khó chơi không đc_ý muốn
sao mik chs nó bị đi chậm sao á xog r mik đang đi thẳng giật lại để quay ngược lại 2 3 giây sau nó hành động mong game khắc phục tình trạng này,2,com.garena.game.kgvn,negative,vi,sao mik chơi nó bị đi chậm sao á xog rồi mik đang đi thẳng giật lại để quay ngược lại 2 3 giây sau nó hành động mong game khắc phục tình trạng này,sao mik chơi nó bị đi chậm sao á_xog rồi mik đang đi thẳng_giật lại để quay ngược_lại 2 3 giây sau nó hành_động mong_game khắc_phục tình_trạng này
chơi vui lắm,5,com.garena.game.kgvn,positive,vi,chơi vui lắm,chơi vui lắm
"acc bị hack, muốn xoá acc mà game làm khó quá ko xoá đc😇",4,com.garena.game.kgvn,positive,vi,tài khoản bị hack muốn xoá tài khoản mà game làm khó quá không xoá đc,tài_khoản bị hack muốn xóa tài_khoản mà game làm_khó quá không xóa đc
game như ca.c t,1,com.garena.game.kgvn,negative,vi,game như ca c t,game như ca c t
ghép toàn sv nhg vẫn thik chs=)),4,com.garena.game.kgvn,positive,vi,ghép toàn người chơi nhg vẫn thik chơi,ghép toàn người chơi nhg vẫn thik chơi
anh em đánh giá xấu thì nó cũng ko xem đâu,1,com.garena.game.kgvn,negative,vi,anh em đánh giá xấu thì nó cũng không xem đâu,anh_em đánh_giá xấu thì nó cũng không xem đâu
tưởng do máy kém nhma hog phải tại game lag quá chơi hay bị văng game. 🐿️,5,com.garena.game.kgvn,positive,vi,tưởng do máy kém nhma hog phải tại game lag quá chơi hay bị văng game,tưởng do máy kém nhma hog phải tại game lag quá chơi hay bị văng game
Game lag chs toàn hạc,1,com.garena.game.kgvn,negative,vi,game lag chơi toàn hạc,game lag chơi toàn hạc
game càng ngày càng rác,1,com.garena.game.kgvn,negative,vi,game càng ngày càng rác,game càng_ngày_càng rác
Siêu Cuống,5,com.garena.game.kgvn,positive,vi,siêu cuống,siêu cuống
"thường xuyên bị lag không di chuyển đc, nhiều lần đang tải vô trận thì không tải nữa",1,com.garena.game.kgvn,negative,vi,thường xuyên bị lag không di chuyển đc nhiều lần đang tải vô trận thì không tải nữa,thường_xuyên bị lag không di_chuyển đc nhiều lần đang tải vô_trận thì không tải nữa
"ghép toàn phá game, afk, test tướng, test giáo án, tranh lane. đánh 10 thua hếy vì toàn ghép trúng dì đâ không. làm ơn đi game lắng nghe người chs dùm 1 cái nhen",1,com.garena.game.kgvn,negative,vi,ghép toàn phá game afk test tướng test giáo án tranh lane đánh 10 thua hếy vì toàn ghép trúng dì đâ không làm ơn đi game lắng nghe người chơi dùm 1 cái nhen,ghép toàn phá game afk test_tướng test giáo_án tranh_lane đánh 10 thua hếy vì toàn ghép trúng dì đâ không làm ơn đi game lắng_nghe người chơi dùm 1 cái nhen
"admin xem lại game cho người chơi , cái gì củng bắt tải .nhiều khi afk tố cáo nó không được , mình làm việc phải có tâm nha acmind",5,com.garena.game.kgvn,positive,vi,admin xem lại game cho người chơi cái gì củng bắt tải nhiều khi afk tố cáo nó không được mình làm việc phải có tâm nha acmind,admin xem_lại game cho người chơi cái gì củng bắt_tải nhiều khi afk tố_cáo nó không được mình làm_việc phải có tâm_nha acmind
Game như loll. toàn xếp vs óc chó,1,com.garena.game.kgvn,negative,vi,game như loll toàn xếp vs óc chó,game như loll toàn xếp vs_óc chó
toàn gặp xúc vật,1,com.garena.game.kgvn,negative,vi,toàn gặp xúc vật,toàn gặp xúc_vật
game hệ thống ghép chận quá rác ko còn gì để nói,1,com.garena.game.kgvn,negative,vi,game hệ thống ghép chận quá rác không còn gì để nói,game hệ_thống ghép chận quá rác không còn gì để nói
dễ out game,1,com.garena.game.kgvn,negative,vi,dễ out game,dễ out game
buổi sáng ghéo dell gập taem nào ra hồn,1,com.garena.game.kgvn,negative,vi,buổi sáng ghéo không gập taem nào ra hồn,buổi sáng ghéo không gập taem nào ra hồn
Game lol,1,com.garena.game.kgvn,negative,vi,game lol,game lol
kém!,1,com.garena.game.kgvn,negative,vi,kém,kém
chơi rất vui leo ran lên chiến tướng bà rồi,5,com.garena.game.kgvn,positive,vi,chơi rất vui leo ran lên chiến tướng bà rồi,chơi rất vui_leo ran lên chiến_tướng bà rồi
"ghép thì toàn ghép địch khủng, mong garena ghép lại cho công bằng tí",1,com.garena.game.kgvn,negative,vi,ghép thì toàn ghép địch khủng mong garena ghép lại cho công bằng tí,ghép thì toàn ghép địch khủng_mong garena ghép lại cho công_bằng tí
đang vô trận thì văng xong nó trừ dần xuống giờ còn 84 uy tín vãi game lm ăn thế này thì chịu,1,com.garena.game.kgvn,negative,vi,đang vô trận thì văng xong nó trừ dần xuống giờ còn 84 uy tín vãi game lm ăn thế này thì chịu,đang vô_trận thì văng xong nó trừ dần xuống giờ còn 84 uy_tín_vãi game lm ăn thế_này thì chịu
Chừng nào được bù sao khi gặp AFK đi rồi cho 5 sao. Nghĩ sao 4 vs 5 mà vẫn bị trừ sao? Có thấy bất công quá không?,1,com.garena.game.kgvn,negative,vi,chừng nào được bù sao khi gặp afk đi rồi cho 5 sao nghĩ sao 4 vs 5 mà vẫn bị trừ sao có thấy bất công quá không,chừng nào được bù sao khi gặp afk đi rồi cho 5 sao nghĩ sao 4 vs 5 mà vẫn bị trừ sao có thấy bất_công quá không
"ghép team ncc tao, thắng thua liên tục, mấy chục trận, cứ cao thủ r lên dc 6 sao, xuống lại tinh anh r lại lên, mệt vl",1,com.garena.game.kgvn,negative,vi,ghép team ncc tao thắng thua liên tục mấy chục trận cứ cao thủ rồi lên được 6 sao xuống lại tinh anh rồi lại lên mệt vl,ghép team ncc tao thắng thua liên_tục mấy chục trận cứ cao_thủ rồi lên được 6 sao xuống lại tinh_anh rồi lại lên mệt vl
10 điểm,5,com.garena.game.kgvn,positive,vi,10 điểm,10 điểm
gêm rác vãi 1sao là đúng,5,com.garena.game.kgvn,positive,vi,gêm rác vãi 1sao là đúng,gêm rác vãi 1 sao là đúng
game như gì chơi toàn thua,1,com.garena.game.kgvn,negative,vi,game như gì chơi toàn thua,game như gì chơi toàn thua
game ghép trận kiểu j thế đội bạn toàn cao thủ sao chơi kại xóa game,1,com.garena.game.kgvn,negative,vi,game ghép trận kiểu j thế đội bạn toàn cao thủ sao chơi kại xóa game,game ghép trận kiểu j_thế đội bạn toàn cao_thủ sao chơi kại xóa game
phải nói là cực kỳ lag khi vô game và vào trận,1,com.garena.game.kgvn,negative,vi,phải nói là cực kỳ lag khi vô game và vào trận,phải nói là cực_kỳ lag khi vô_game và vào trận
Game Quá Hay Nên Free Skin Thứ Nguyên Vệ Thần Là Ok,5,com.garena.game.kgvn,positive,vi,game quá hay nên free skin thứ nguyên vệ thần là ok,game quá hay nên free skin thứ nguyên_vệ thần là ok
game này nên đc xoá,1,com.garena.game.kgvn,negative,vi,game này nên đc xoá,game này nên đc xóa
ghep đoi như cailon,1,com.garena.game.kgvn,negative,vi,ghep đoi như cailon,ghep đoi như cailon
"Liên Quân Mobile ngày càng gây thất vọng vì ghép trận lệch trình, đội hình chênh lệch rõ ràng khiến trận đấu mất cân bằng. Đánh rank mà phụ thuộc may rủi đồng đội. Tình trạng phá game, AFK, feed vẫn nhiều, hệ thống trừ uy tín chưa đủ răn đe, làm người chơi nghiêm túc rất ức chế.",1,com.garena.game.kgvn,negative,vi,liên quân mobile ngày càng gây thất vọng vì ghép trận lệch trình đội hình chênh lệch rõ ràng khiến trận đấu mất cân bằng đánh rank mà phụ thuộc may rủi đồng đội tình trạng phá game afk feed vẫn nhiều hệ thống trừ uy tín chưa đủ răn đe làm người chơi nghiêm túc rất ức chế,liên_quân mobile ngày_càng gây thất_vọng vì ghép trận lệch_trình đội_hình chênh_lệch rõ_ràng khiến trận đấu mất cân_bằng đánh rank mà phụ_thuộc may_rủi đồng_đội tình_trạng phá game afk feed vẫn nhiều hệ_thống trừ uy_tín chưa đủ răn_đe làm người chơi nghiêm_túc rất ức_chế
đang xác nhận vô game tnhien văng game lsao nua v tr?,1,com.garena.game.kgvn,negative,vi,đang xác nhận vô game tnhien văng game lsao nua v tr,đang xác_nhận vô_game tnhien văng game lsao_nua v tr
game tải tài nguyên lâu - 1 sao,4,com.garena.game.kgvn,positive,vi,game tải tài nguyên lâu 1 sao,game tải tài_nguyên lâu 1 sao
"game rác gây ức chế 3,5 sao là phải ai mà đánh giá 5sao chỉ có thể ekip",1,com.garena.game.kgvn,negative,vi,game rác gây ức chế 3 5 sao là phải ai mà đánh giá 5sao chỉ có thể ekip,game rác gây ức_chế 3 5 sao là phải ai mà đánh_giá 5 sao chỉ có_thể ekip
lag,5,com.garena.game.kgvn,positive,vi,lag,lag
"game rác ghép trận như sv toàn phá game test tướng , test skin ,afk",1,com.garena.game.kgvn,negative,vi,game rác ghép trận như người chơi toàn phá game test tướng test skin afk,game rác ghép trận như người chơi toàn phá game test_tướng test skin afk
xếp trận như c,1,com.garena.game.kgvn,negative,vi,xếp trận như c,xếp trận như c
chơi vui lm may con ga biet gi,5,com.garena.game.kgvn,positive,vi,chơi vui lm may con ga biet gi,chơi vui lm_may con ga biet gi
Ghép rank quá lệch,1,com.garena.game.kgvn,negative,vi,ghép rank quá lệch,ghép rank quá lệch
T chờ cả chục phút ms vào dc mà lại kodc z hả???,1,com.garena.game.kgvn,negative,vi,t chờ cả chục phút ms vào được mà lại kodc z hả,t chờ cả chục phút ms vào được mà_lại kodc z hả
game ghép trận toàn thằng ngu,1,com.garena.game.kgvn,negative,vi,game ghép trận toàn thằng ngu,game ghép trận toàn thằng ngu
"game lúc trước còn hay do khi có người afk thì không mất sao nhưng giờ có người afk vẫn bị trừ sao không công bằng vc 2,3 người afk chơi rất bất lực mất công cày rank cả ngày mà chỉ cần gặp người afk là mất hết số sao mà cày được,rất bất lực và tức luôn chỉ cần chơi 1-2 ván là hết động lực để chơi game và game chơi rất lag chỉ cần ở gần địch là cứ bị giật giật,trải nghiệm game không được mượt và hay như trước nữa,mong ad đọc và sửa lại,nhưng nói chung thì chơi với bạn bè vẫn rất vui không chán.",3,com.garena.game.kgvn,neutral,vi,game lúc trước còn hay do khi có người afk thì không mất sao nhưng giờ có người afk vẫn bị trừ sao không công bằng vc 2 3 người afk chơi rất bất lực mất công cày rank cả ngày mà chỉ cần gặp người afk là mất hết số sao mà cày được rất bất lực và tức luôn chỉ cần chơi 1 2 ván là hết động lực để chơi game và game chơi rất lag chỉ cần ở gần địch là cứ bị giật giật trải nghiệm game không được mượt và hay như trước nữa mong ad đọc và sửa lại nhưng nói chung thì chơi với bạn bè vẫn rất vui không chán,game lúc trước còn hay do khi có người afk thì không mất sao nhưng giờ có người afk vẫn bị trừ sao không công_bằng vc 2 3 người afk chơi rất bất_lực mất_công_cày rank cả ngày mà chỉ cần gặp người afk là mất hết số sao mà cày được rất bất_lực và tức luôn chỉ cần chơi 1 2 ván là hết động_lực để chơi game và game chơi rất lag chỉ cần ở gần địch là cứ bị giật_giật trải_nghiệm game không được mượt và hay như trước nữa mong_ad đọc và sửa lại nhưng nói_chung thì chơi với bạn_bè vẫn rất vui không chán
"ghép team ko ra gì, xử lý phạt ko hợp lí lỗi chiêu nhiều lần",1,com.garena.game.kgvn,negative,vi,ghép team không ra gì xử lý phạt không hợp lí lỗi chiêu nhiều lần,ghép team không ra gì xử_lý phạt không hợp_lí lỗi_chiêu nhiều lần
"ghép toàn óc chó, phá game ức chế vch",1,com.garena.game.kgvn,negative,vi,ghép toàn óc chó phá game ức chế vch,ghép toàn_óc chó phá game ức_chế vch
Càng ngày càng lag đitme game,1,com.garena.game.kgvn,negative,vi,càng ngày càng lag đitme game,càng_ngày_càng lag đitme game
game ghép toàn bọn ngu nát vc,1,com.garena.game.kgvn,negative,vi,game ghép toàn bọn ngu nát vc,game ghép toàn bọn ngu nát vc
"hay nha với cg có nhiều skin đẹp , nên chơi",5,com.garena.game.kgvn,positive,vi,hay nha với cg có nhiều skin đẹp nên chơi,hay nha với cg có nhiều skin đẹp nên chơi
ghép bị lệch ranh,1,com.garena.game.kgvn,negative,vi,ghép bị lệch ranh,ghép bị lệch ranh
ghép team như cặc,1,com.garena.game.kgvn,negative,vi,ghép team như cặc,ghép team như cặc
game gì mà vô chơi bị nhảy ra ko,1,com.garena.game.kgvn,negative,vi,game gì mà vô chơi bị nhảy ra không,game gì mà vô_chơi bị nhảy ra không
"gems rất vui, có thể nhận sikim miễn phí yêu liên quân 😘",5,com.garena.game.kgvn,positive,vi,gems rất vui có thể nhận sikim miễn phí yêu liên quân,gems rất vui có_thể nhận sikim miễn_phí yêu liên_quân
game ghép trận ko công bằng,1,com.garena.game.kgvn,negative,vi,game ghép trận không công bằng,game ghép trận không công_bằng
lỗi hiệu ứng xuất hiện của skin,3,com.garena.game.kgvn,neutral,vi,lỗi hiệu ứng xuất hiện của skin,lỗi hiệu_ứng xuất_hiện của skin
ghép trận thì toàn bọn ngu,1,com.garena.game.kgvn,negative,vi,ghép trận thì toàn bọn ngu,ghép trận thì toàn bọn ngu
"thích, hay",5,com.garena.game.kgvn,positive,vi,thích hay,thích hay
game bị lỗi ko vào dc 1 sao,1,com.garena.game.kgvn,negative,vi,game bị lỗi không vào được 1 sao,game bị lỗi không vào được 1 sao
cứ win 10 trận game lại cho thua 32 trận mà tôi vừa mới chơi lại toàn ghép cho trận toàn bots hoặc afk mong nhà làm game xửa lại,2,com.garena.game.kgvn,negative,vi,cứ win 10 trận game lại cho thua 32 trận mà tôi vừa mới chơi lại toàn ghép cho trận toàn bots hoặc afk mong nhà làm game xửa lại,cứ win 10 trận game lại cho thua 32 trận mà tôi vừa_mới chơi lại toàn ghép cho trận toàn bots hoặc afk mong nhà làm game xửa lại
"gà xem lại như nào đi, sao tôi chơi game được tầm 15-20p là tôi bị văng ấy. tôi dùng samsung",1,com.garena.game.kgvn,negative,vi,gà xem lại như nào đi sao tôi chơi game được tầm 15 20p là tôi bị văng ấy tôi dùng samsung,gà xem_lại như nào đi sao tôi chơi game được tầm 15 20 p là tôi bị văng ấy tôi dùng samsung
game quá hayyy,5,com.dts.freefireth,positive,vi,game quá hayyy,game quá hayyy
chs nhunma toàn bj mất acc r còn bj văng game nx t chs mà mất 2 acc tâm huyết ln mất hết bn bè thân thiết nản game lắm r mong garena sửa lại lỗi này,2,com.dts.freefireth,negative,vi,chơi nhunma toàn bj mất tài khoản rồi còn bj văng game nx t chơi mà mất 2 tài khoản tâm huyết ln mất hết bn bè thân thiết nản game lắm rồi mong garena sửa lại lỗi này,chơi nhunma toàn bj mất tài_khoản rồi còn bj văng game nx t_chơi mà mất 2 tài_khoản tâm_huyết ln mất hết bn bè thân_thiết nản_game lắm rồi mong_garena sửa lại lỗi này
trẻ trâu ko,1,com.dts.freefireth,negative,vi,trẻ trâu không,trẻ trâu không
ok Chào các bạn trong thời gian qua đi đến một tựa game Free Fire,5,com.dts.freefireth,positive,vi,ok chào các bạn trong thời gian qua đi đến một tựa game free fire,ok chào các bạn trong thời_gian qua đi đến một tựa game free fire
game hay mỗi tội tốn dung lượng,5,com.dts.freefireth,positive,vi,game hay mỗi tội tốn dung lượng,game hay mỗi tội tốn dung_lượng
rất tuyệt và sự thoải mái hơn hẳn,5,com.dts.freefireth,positive,vi,rất tuyệt và sự thoải mái hơn hẳn,rất tuyệt và sự thoải_mái hơn hẳn
game ncc vào toàn bị lỗi bị lắc. giống như vườn từ do cũng vậy cập nhật lại cây mới toàn bị lỗi chơi đc cc gì mất hết cây. cây thì lung tung chẳng chơi được cc gì hết,1,com.dts.freefireth,negative,vi,game ncc vào toàn bị lỗi bị lắc giống như vườn từ do cũng vậy cập nhật lại cây mới toàn bị lỗi chơi đc cc gì mất hết cây cây thì lung tung chẳng chơi được cc gì hết,game ncc vào toàn bị lỗi bị lắc giống như vườn từ do cũng vậy cập_nhật lại cây mới toàn bị lỗi chơi đc cc gì mất hết cây cây thì lung_tung chẳng chơi được cc gì hết
vì nó gây ấn tượng cho tôi,4,com.dts.freefireth,positive,vi,vì nó gây ấn tượng cho tôi,vì nó gây ấn_tượng cho tôi
k làm j cũng bị ban tổ đội,1,com.dts.freefireth,negative,vi,không làm j cũng bị ban tổ đội,không làm j cũng bị ban tổ đội
t mới nghỉ game 1 thời gian mà giờ vào lại thì cả setting lẫn độ nhạy của t đều bị xóa là sao???,1,com.dts.freefireth,negative,vi,t mới nghỉ game 1 thời gian mà giờ vào lại thì cả setting lẫn độ nhạy của t đều bị xóa là sao,t mới nghỉ game 1 thời_gian mà giờ vào lại thì cả setting lẫn độ nhạy của t đều bị xóa là sao
game thây tốt ae chs thử ik,5,com.dts.freefireth,positive,vi,game thây tốt ae chơi thử ik,game thây tốt ae chơi thử ik
play to win quá ước j anh gá cho thẻ đổi tên :),3,com.dts.freefireth,neutral,vi,play to win quá ước j anh gá cho thẻ đổi tên,play to win quá ước_j anh gá cho thẻ đổi tên
Game Như C_ Hệ Thống KĐj Ấy Afk Bảo Đeo Afk Game Còn Bt The Ma Tố Cáo Bảo Ko Đủ Bằng Chứng,1,com.dts.freefireth,negative,vi,game như c_ hệ thống kđj ấy afk bảo đeo afk game còn bt the ma tố cáo bảo không đủ bằng chứng,game như c_ hệ_thống kđj ấy afk bảo đeo afk game còn bt the ma tố_cáo bảo không đủ bằng_chứng
lag ko chs đc,1,com.dts.freefireth,negative,vi,lag không chơi đc,lag không chơi đc
trò chơi thực tế tôi rất thích,5,com.dts.freefireth,positive,vi,trò chơi thực tế tôi rất thích,trò_chơi thực_tế tôi rất thích
chơi rất vui tôi rất hài lòng,5,com.dts.freefireth,positive,vi,chơi rất vui tôi rất hài lòng,chơi rất vui tôi rất hài_lòng
ok rất dc,5,com.dts.freefireth,positive,vi,ok rất được,ok rất được
"cơ chế đánh giá của game quá ngu khi không phân biệt được giữa chửi và nói chuyện bình thường cùng bạn bè, người được mời từ thế giới vô chỉ cần tố cáo dù không sử dụng ngôn từ khiếm nhã thì vẫn bị cấm mic.",1,com.dts.freefireth,negative,vi,cơ chế đánh giá của game quá ngu khi không phân biệt được giữa chửi và nói chuyện bình thường cùng bạn bè người được mời từ thế giới vô chỉ cần tố cáo dù không sử dụng ngôn từ khiếm nhã thì vẫn bị cấm mic,cơ_chế đánh_giá của game quá ngu khi không phân_biệt được giữa chửi và nói_chuyện bình_thường cùng bạn_bè người được mời từ thế_giới vô chỉ cần tố_cáo dù không sử_dụng_ngôn từ khiếm_nhã thì vẫn bị cấm mic
hay nh mà ko hiểu sao chơi toàn gặp hack(tử chiến) còn sinh tồn thì nó báo lỗi ko thể tìm trận rồi đc vài hôm thì ko chơi đc cái j luôn độc lang chiến cx ko chơi đc người khác mời vào đội đồng ý mà nó cứ ghi là trong đội đó có người dùng phần mềm thứ 3 mong nhà phát hành tăng cường hệ điều hành chứ nhiều hack quá và sữa lổi ko chơi đc j cả game càng ngày càng chán sự kiện cx chẳng có j vui mà lúc nào cx gặp hack,1,com.dts.freefireth,negative,vi,hay nh mà không hiểu sao chơi toàn gặp hack tử chiến còn sinh tồn thì nó báo lỗi không thể tìm trận rồi đc vài hôm thì không chơi đc cái j luôn độc lang chiến cũng không chơi đc người khác mời vào đội đồng ý mà nó cứ ghi là trong đội đó có người dùng phần mềm thứ 3 mong nhà phát hành tăng cường hệ điều hành chứ nhiều hack quá và sữa lổi không chơi đc j cả game càng ngày càng chán sự kiện cũng chẳng có j vui mà lúc nào cũng gặp hack,hay nh mà không hiểu sao chơi toàn gặp hack_tử_chiến còn sinh_tồn thì nó báo lỗi không_thể tìm trận rồi đc vài hôm thì không chơi đc cái j luôn độc_lang_chiến cũng không chơi đc người khác mời vào đội đồng_ý mà nó cứ ghi là trong đội đó có người dùng phần_mềm thứ 3 mong nhà phát_hành tăng_cường hệ điều_hành chứ nhiều hack quá và sữa lổi không chơi đc j cả game càng_ngày_càng chán sự_kiện cũng chẳng có j vui mà lúc_nào cũng gặp hack
rất vui,5,com.dts.freefireth,positive,vi,rất vui,rất vui
rất tốt súc sắc quá tốt 10 điểm ko nhưng chơi gất đả quá hây quá rê chị tốt lắm,5,com.dts.freefireth,positive,vi,rất tốt súc sắc quá tốt 10 điểm không nhưng chơi gất đả quá hây quá rê chị tốt lắm,rất tốt_súc sắc quá tốt 10 điểm không nhưng chơi gất_đả quá hây quá rê chị tốt lắm
ff lol tnhien trừ tiền của bố,1,com.dts.freefireth,negative,vi,ff lol tnhien trừ tiền của bố,ff lol tnhien_trừ tiền của bố
lỗi bắn ko ra dame là sao????,1,com.dts.freefireth,negative,vi,lỗi bắn không ra dame là sao,lỗi bắn không ra dame là sao
chơi free fire rất vui và có thể kết bạn với những người thân hoặc người khác,5,com.dts.freefireth,positive,vi,chơi free fire rất vui và có thể kết bạn với những người thân hoặc người khác,chơi free fire rất vui và có_thể kết_bạn với những người_thân hoặc người khác
ko hack nhưng vẫn bị nghi vấn hack?,5,com.dts.freefireth,positive,vi,không hack nhưng vẫn bị nghi vấn hack,không hack nhưng vẫn bị nghi_vấn hack
cực kỳ hay,5,com.dts.freefireth,positive,vi,cực kỳ hay,cực_kỳ hay
chơi đc 4 năm r thì h nick tôi đã nắm dưới đáy xã hội,5,com.dts.freefireth,positive,vi,chơi đc 4 năm rồi thì h nick tôi đã nắm dưới đáy xã hội,chơi đc 4 năm rồi thì h nick tôi đã nắm dưới đáy xã_hội
mới tải lại mà kêu tải tài nguyên hoài ko bt bao giờ mới xong,1,com.dts.freefireth,negative,vi,mới tải lại mà kêu tải tài nguyên hoài không bt bao giờ mới xong,mới tải lại mà kêu_tải tài_nguyên hoài không bt bao_giờ mới xong
tui rất thích game này,5,com.dts.freefireth,positive,vi,tui rất thích game này,tui rất thích game này
tâm nặng lag,1,com.dts.freefireth,negative,vi,tâm nặng lag,tâm nặng lag
Tốt nhưng đừng cập nhật nhiều,4,com.dts.freefireth,positive,vi,tốt nhưng đừng cập nhật nhiều,tốt nhưng đừng cập_nhật nhiều
chơi nhìu bạn vùi ve,3,com.dts.freefireth,neutral,vi,chơi nhìu bạn vùi ve,chơi nhìu bạn vùi ve
vì free frie quá hay,5,com.dts.freefireth,positive,vi,vì free frie quá hay,vì free frie quá hay
"giờ game sửa lại lỗi rồi mà tôi cũng đôi lúc chơi thôi, chơi mà cục súc với đồng đội lại chửi garena ko chơi được thì thôi",5,com.dts.freefireth,positive,vi,giờ game sửa lại lỗi rồi mà tôi cũng đôi lúc chơi thôi chơi mà cục súc với đồng đội lại chửi garena không chơi được thì thôi,giờ game sửa lại lỗi rồi mà tôi cũng đôi_lúc chơi thôi chơi mà cục súc với đồng_đội lại chửi garena không chơi được thì thôi
game không hay đã có acc rồi đăng nhập không được luôn á,1,com.dts.freefireth,negative,vi,game không hay đã có tài khoản rồi đăng nhập không được luôn á,game không hay đã có tài_khoản rồi đăng_nhập không được luôn á
Gam rất hay sự kiện cài cũng rất dễ,5,com.dts.freefireth,positive,vi,gam rất hay sự kiện cài cũng rất dễ,gam rất hay sự_kiện cài cũng rất dễ
100 sao tốt,5,com.dts.freefireth,positive,vi,100 sao tốt,100 sao tốt
"hay nhưng vẫn rất nhiều hack,và mong game tạo ra mấy sự kiện tặng kc như hồi xưa đi",5,com.dts.freefireth,positive,vi,hay nhưng vẫn rất nhiều hack và mong game tạo ra mấy sự kiện tặng kc như hồi xưa đi,hay nhưng vẫn rất nhiều hack và mong game tạo ra mấy sự_kiện tặng kc như hồi xưa đi
mời vô đội nó cứ người bạn của bạn Sài phầm niềm thứ 3 mong Garena khắc phục,1,com.dts.freefireth,negative,vi,mời vô đội nó cứ người bạn của bạn sài phầm niềm thứ 3 mong garena khắc phục,mời vô_đội nó cứ người bạn của bạn sài phầm niềm thứ 3 mong garena khắc_phục
Vì nhà ko thật ko có cửa 🙅,1,com.dts.freefireth,negative,vi,vì nhà không thật không có cửa,vì nhà không thật không có cửa
-game ff .vườn tự do bị gì vậy.vô game cứ lag trồng cây thì bị lỗi vườn đả đầy trong khi bán 20 cây.có bản cập nhật gì ko chứ cứ lag vậy ai chơi đc!!!,1,com.dts.freefireth,negative,vi,game ff vườn tự do bị gì vậy vô game cứ lag trồng cây thì bị lỗi vườn đả đầy trong khi bán 20 cây có bản cập nhật gì không chứ cứ lag vậy ai chơi đc,game ff vườn tự_do bị gì vậy vô_game cứ lag trồng cây thì bị lỗi vườn_đả đầy trong khi bán 20 cây có bản cập_nhật gì không chứ cứ lag vậy ai chơi đc
Game lỗi tải map không được không chơi được sinh tồn và tử chiến đề nghị khắc phục ngay !!!!!!,1,com.dts.freefireth,negative,vi,game lỗi tải map không được không chơi được sinh tồn và tử chiến đề nghị khắc phục ngay,game lỗi_tải map không được không chơi được sinh_tồn và tử_chiến đề_nghị khắc_phục ngay
rất hay và vui,5,com.dts.freefireth,positive,vi,rất hay và vui,rất hay và vui
"Tôi hi vọng rằng , những cái mỏ hỗn trong tựa game này không làm tôi thất vọng 😙",3,com.dts.freefireth,neutral,vi,tôi hi vọng rằng những cái mỏ hỗn trong tựa game này không làm tôi thất vọng,tôi hi_vọng rằng những cái mỏ hỗn trong tựa game này không làm tôi thất_vọng
tôi cảm ơn Free Fire,5,com.dts.freefireth,positive,vi,tôi cảm ơn free fire,tôi cảm_ơn free fire
chs khá tốt 5 sao,5,com.dts.freefireth,positive,vi,chơi khá tốt 5 sao,chơi khá tốt 5 sao
do hơi lag lên tui để vẫn mong ah gà ko cấm ạ 😓,4,com.dts.freefireth,positive,vi,do hơi lag lên tui để vẫn mong ah gà không cấm ạ,do hơi lag lên tui để vẫn mong ah gà không cấm ạ
rất hay chơi siu vui lun,5,com.dts.freefireth,positive,vi,rất hay chơi siu vui lun,rất hay chơi siu vui lun
hay hơi lag 1 tí,5,com.dts.freefireth,positive,vi,hay hơi lag 1 tí,hay hơi lag 1 tí
chơu game toàn bị mắc ỉa,1,com.dts.freefireth,negative,vi,chơu game toàn bị mắc ỉa,chơu game toàn bị mắc ỉa
Choi vui,5,com.dts.freefireth,positive,vi,choi vui,choi vui
game lỏ lonnn,1,com.dts.freefireth,negative,vi,game lỏ lonnn,game lỏ lonnn
tuyệt khen,5,com.dts.freefireth,positive,vi,tuyệt khen,tuyệt khen
tôi bị lỗi,2,com.dts.freefireth,negative,vi,tôi bị lỗi,tôi bị lỗi
Lại mất đăng nhập,1,com.dts.freefireth,negative,vi,lại mất đăng nhập,lại mất đăng_nhập
rất tốt đó nhen😁💯😘,4,com.dts.freefireth,positive,vi,rất tốt đó nhen,rất tốt đó nhen
nạp thẻ lên cấp đớp gấp 3,1,com.dts.freefireth,negative,vi,nạp thẻ lên cấp đớp gấp 3,nạp thẻ lên cấp đớp gấp 3
👍🤓,5,com.dts.freefireth,positive,vi,,
vui nhưng ko ai chơi chung khá buồn,5,com.dts.freefireth,positive,vi,vui nhưng không ai chơi chung khá buồn,vui nhưng không ai chơi chung khá buồn
"cập nhật thêm mic tất cả làm gì còn tự động bật, nhục vãi ra, nhái ai v😓",1,com.dts.freefireth,negative,vi,cập nhật thêm mic tất cả làm gì còn tự động bật nhục vãi ra nhái ai v,cập_nhật thêm mic tất_cả làm_gì còn tự_động bật_nhục vãi ra nhái ai v
quá vui,5,com.dts.freefireth,positive,vi,quá vui,quá vui
quá hay ❤️❤️,3,com.dts.freefireth,neutral,vi,quá hay,quá hay
game hay vl,5,com.dts.freefireth,positive,vi,game hay vl,game hay vl
hơi lắc tí,5,com.dts.freefireth,positive,vi,hơi lắc tí,hơi lắc tí
tôi nòi thật game cũng khá là jay nhưng mong anh gà rép đồi động có não và mong anh gà trừng trị mấy thk hack tố cáo nhưng ko game làm thế thì nản vcl,1,com.dts.freefireth,negative,vi,tôi nòi thật game cũng khá là jay nhưng mong anh gà rép đồi động có não và mong anh gà trừng trị mấy thk hack tố cáo nhưng không game làm thế thì nản vcl,tôi nòi thật game cũng khá là jay nhưng mong anh gà rép đồi_động có não và mong anh gà trừng_trị mấy thk hack tố_cáo nhưng không game làm thế thì nản vcl
khi tải về thì hoi nhiều gb,5,com.dts.freefireth,positive,vi,khi tải về thì hoi nhiều gb,khi tải về thì_hoi nhiều gb
"Chỉ có một chữ""hay"" nhưng sau này hãy cung cấp nhiệm vụ nhận thưởng quần áo và hành động cho tôi nhiều hơn nha",5,com.dts.freefireth,positive,vi,chỉ có một chữ hay nhưng sau này hãy cung cấp nhiệm vụ nhận thưởng quần áo và hành động cho tôi nhiều hơn nha,chỉ có một chữ hay nhưng sau_này hãy cung_cấp nhiệm_vụ nhận thưởng quần_áo và hành_động cho tôi nhiều hơn nha
game hay đấy 👍👍👍👍👍🥀,5,com.dts.freefireth,positive,vi,game hay đấy,game hay đấy
game cực hay,5,com.dts.freefireth,positive,vi,game cực hay,game cực hay
10 điểm ko có nhưng,5,com.dts.freefireth,positive,vi,10 điểm không có nhưng,10 điểm không có nhưng
bán headshot 100%,5,com.dts.freefireth,positive,vi,bán headshot 100,bán headshot 100
bắn vào mà không mất máu,1,com.dts.freefireth,negative,vi,bắn vào mà không mất máu,bắn vào mà không mất máu
"Rất hay,vui",5,com.dts.freefireth,positive,vi,rất hay vui,rất hay vui
mẹ geam như cuttt có mỗi cái lỗ nhỏ cũng bán chết đc chơi 5 năm rưỡi mà lần đầu chết như thế đay là đánh giá thật,1,com.dts.freefireth,negative,vi,mẹ geam như cuttt có mỗi cái lỗ nhỏ cũng bán chết đc chơi 5 năm rưỡi mà lần đầu chết như thế đay là đánh giá thật,mẹ geam như cuttt có mỗi cái lỗ nhỏ cũng bán chết đc chơi 5 năm rưỡi mà lần đầu chết như_thế đay là đánh_giá thật
hơn ♥️,2,com.dts.freefireth,negative,vi,hơn,hơn
siêu hay luôn,5,com.dts.freefireth,positive,vi,siêu hay luôn,siêu hay luôn
game hay!!!,5,com.dts.freefireth,positive,vi,game hay,game hay
không tải được Sinh tồn tử Chiến,1,com.dts.freefireth,negative,vi,không tải được sinh tồn tử chiến,không tải được sinh_tồn_tử_chiến
tải quá lâu,1,com.dts.freefireth,negative,vi,tải quá lâu,tải quá lâu
10000000 hay quá,5,com.dts.freefireth,positive,vi,10000000 hay quá,10000000 hay quá
cuốn quá trời nối chơi hay,5,com.dts.freefireth,positive,vi,cuốn quá trời nối chơi hay,cuốn quá trời nối chơi hay
tôi bị ban acc phi phai yêu cầu nhà phát thành làm lại,3,com.dts.freefireth,neutral,vi,tôi bị ban tài khoản phi phai yêu cầu nhà phát thành làm lại,tôi bị ban tài_khoản phi_phai yêu_cầu nhà phát_thành làm lại
geam này đã khiến tôi nhớ những người bạn cũ đó,5,com.dts.freefireth,positive,vi,geam này đã khiến tôi nhớ những người bạn cũ đó,geam này đã khiến tôi nhớ những người bạn cũ đó
G nên trừ nặng hơn,1,com.dts.freefireth,negative,vi,g nên trừ nặng hơn,g nên trừ nặng hơn
choi vui,5,com.dts.freefireth,positive,vi,choi vui,choi vui
game hay vl lại còn vui,5,com.dts.freefireth,positive,vi,game hay vl lại còn vui,game hay vl lại còn vui
game bị gì á tải tài nguyên không được chả chơi dc tc vs st,1,com.dts.freefireth,negative,vi,game bị gì á tải tài nguyên không được chả chơi được tc vs st,game bị gì á_tải tài_nguyên không được chả chơi được tc vs st
chơi mà toàn gặp hack,1,com.dts.freefireth,negative,vi,chơi mà toàn gặp hack,chơi mà toàn gặp hack
tôi rất thich,5,com.dts.freefireth,positive,vi,tôi rất thich,tôi rất thich
chs hay,5,com.dts.freefireth,positive,vi,chơi hay,chơi hay
hay vô cùng,5,com.dts.freefireth,positive,vi,hay vô cùng,hay vô_cùng
gặp trẻ trâu nữa còn đứng kế bên không cứu gặp thêm mấy thằng hack nữa,4,com.dts.freefireth,positive,vi,gặp trẻ trâu nữa còn đứng kế bên không cứu gặp thêm mấy thằng hack nữa,gặp trẻ trâu nữa còn đứng kế bên không cứu gặp thêm mấy thằng hack nữa
trò chơi này rất hay và sự kiện của ff lại ko ngon mấy cho 4 sao thôi,4,com.dts.freefireth,positive,vi,trò chơi này rất hay và sự kiện của ff lại không ngon mấy cho 4 sao thôi,trò_chơi này rất hay và sự_kiện của ff lại không ngon mấy cho 4 sao thôi
cập nhật cái lag quá trời mạng thì bth,1,com.dts.freefireth,negative,vi,cập nhật cái lag quá trời mạng thì bth,cập_nhật cái lag quá trời_mạng thì bth
game giờ lạ quá toàn ra nhân vật kì không còn vui như trước yêu cầu suy nghĩ trước khi cập nhật,1,com.dts.freefireth,negative,vi,game giờ lạ quá toàn ra nhân vật kì không còn vui như trước yêu cầu suy nghĩ trước khi cập nhật,game giờ lạ quá toàn ra nhân_vật_kì không còn vui như trước yêu_cầu suy_nghĩ trước khi cập_nhật
nạp tiền chs toàn thua,1,com.dts.freefireth,negative,vi,nạp tiền chơi toàn thua,nạp tiền chơi toàn thua
ff 10000 điểm,5,com.dts.freefireth,positive,vi,ff 10000 điê m,ff 10000 điê m
ok hay,5,com.dts.freefireth,positive,vi,ok hay,ok hay
"game chán, tuk, mấy đứa ko ht chs AMW 3&3 r nó cx chs AMW trong khi nó ko bt dùng , đồng đội thì như l, game càng ngày càng dởm",1,com.dts.freefireth,negative,vi,game chán tuk mấy đứa không ht chơi amw 3 3 rồi nó cũng chơi amw trong khi nó không bt dùng đồng đội thì như l game càng ngày càng dởm,game chán tuk mấy đứa không ht chơi amw 3 3 rồi nó cũng chơi amw trong khi nó không bt dùng đồng_đội thì như l game càng_ngày_càng dởm
game rẻ rách,1,com.dts.freefireth,negative,vi,game rẻ rách,game rẻ rách
game quá hay,3,com.dts.freefireth,neutral,vi,game quá hay,game quá hay
game vui,5,com.dts.freefireth,positive,vi,game vui,game vui
rất hay 😁,5,com.dts.freefireth,positive,vi,rất hay,rất hay
càng ngày càng nát,1,com.dts.freefireth,negative,vi,càng ngày càng nát,càng_ngày_càng nát
iu free fire,5,com.dts.freefireth,positive,vi,iu free fire,iu free fire
chơi rất vui,5,com.dts.freefireth,positive,vi,chơi rất vui,chơi rất vui
cho m590 như cũ đi,5,com.dts.freefireth,positive,vi,cho m590 như cũ đi,cho m590 như cũ đi
Game khá hay nhưng chơi nâu có thể thấy chán vì rank quá dễ,5,com.dts.freefireth,positive,vi,game khá hay nhưng chơi nâu có thể thấy chán vì rank quá dễ,game khá hay nhưng chơi nâu có_thể thấy chán vì rank quá dễ
tui rất vui mới game mà hay nhất luôn,5,com.dts.freefireth,positive,vi,tui rất vui mới game mà hay nhất luôn,tui rất vui mới game mà hay nhất luôn
game như con cạc,1,com.dts.freefireth,negative,vi,game như con cạc,game như con cạc
free fire là số 1,5,com.dts.freefireth,positive,vi,free fire là số 1,free fire là số 1
"dạo này update awm toàn lỗi dame, mong anh Gà mau chóng khắc phục lỗi này.( Có khi bắn 5 viên còn chưa gục💔)",4,com.dts.freefireth,positive,vi,dạo này update awm toàn lỗi dame mong anh gà mau chóng khắc phục lỗi này có khi bắn 5 viên còn chưa gục,dạo này update awm toàn lỗi dame mong anh gà mau_chóng khắc_phục lỗi này có_khi bắn 5 viên còn chưa gục
hay vcl,5,com.dts.freefireth,positive,vi,hay vcl,hay vcl
chơi vui,5,com.dts.freefireth,positive,vi,chơi vui,chơi vui
toàn mấy thằng thả nhện tôi khuyên ae ko tải tố cáo nó ko bị sao toàn mấy thằng kẻ phản diện xong còn mấy thằng hack nữa,1,com.dts.freefireth,negative,vi,toàn mấy thằng thả nhện tôi khuyên ae không tải tố cáo nó không bị sao toàn mấy thằng kẻ phản diện xong còn mấy thằng hack nữa,toàn mấy thằng thả nhện tôi khuyên ae không tải tố_cáo nó không bị sao toàn mấy thằng kẻ phản_diện xong còn mấy thằng hack nữa
chơi vui và hay nhưng hơi nhiều GB,5,com.dts.freefireth,positive,vi,chơi vui và hay nhưng hơi nhiều gb,chơi vui và hay nhưng hơi nhiều gb
hay nhưng lag,3,com.dts.freefireth,neutral,vi,hay nhưng lag,hay nhưng lag
rất hey,5,com.dts.freefireth,positive,vi,rất hey,rất hey
trải nghiệm như lol,1,com.dts.freefireth,negative,vi,trải nghiệm như lol,trải_nghiệm như lol
tôi yêu. cầu giảm sức mạnh xineo con chó gaem,1,com.dts.freefireth,negative,vi,tôi yêu cầu giảm sức mạnh xineo con chó gaem,tôi yêu_cầu giảm sức_mạnh xineo con chó gaem
chơi được,5,com.dts.freefireth,positive,vi,chơi được,chơi được
chơi hơi bị ok,5,com.dts.freefireth,positive,vi,chơi hơi bị ok,chơi hơi bị ok
game bây giờ thay đổi nhiều quá không còn như thời mới chơi,2,com.dts.freefireth,negative,vi,game bây giờ thay đổi nhiều quá không còn như thời mới chơi,game bây_giờ thay_đổi nhiều quá không còn như thời mới chơi
ff như cặt sao nó bắn dô thân lại tính đầu là sao,1,com.dts.freefireth,negative,vi,ff như cặt sao nó bắn dô thân lại tính đầu là sao,ff như cặt sao nó bắn dô_thân lại tính đầu là sao
ff bây giờ mới mẻ hay hơn rùi á cảm ơn nhà sản xuất đã thay đổi,5,com.dts.freefireth,positive,vi,ff bây giờ mới mẻ hay hơn rùi á cảm ơn nhà sản xuất đã thay đổi,ff bây_giờ mới_mẻ hay hơn rùi á cảm_ơn nhà_sản_xuất đã thay_đổi
tự nhiên kh lm cái j cũng bị trừ điểm uy tín toàn mấy đứa đội kia báo cáo làm cho trừ điểm???,3,com.dts.freefireth,neutral,vi,tự nhiên kh lm cái j cũng bị trừ điểm uy tín toàn mấy đứa đội kia báo cáo làm cho trừ điểm,tự_nhiên kh lm cái j cũng bị trừ điểm uy_tín toàn mấy đứa đội kia báo_cáo làm cho trừ điểm
mặt dù chơi bắn thấy nó hay nhưng ghép toàn mấy thằng đồng đội bắn ốc vãi còn không biết phối hợp nữa còn team bạn bắn như tuyển thủ vậy ghép không công bằng như tui nghĩ,2,com.dts.freefireth,negative,vi,mặt dù chơi bắn thấy nó hay nhưng ghép toàn mấy thằng đồng đội bắn ốc vãi còn không biết phối hợp nữa còn team bạn bắn như tuyển thủ vậy ghép không công bằng như tui nghĩ,mặt dù chơi bắn thấy nó hay nhưng ghép toàn mấy thằng đồng_đội bắn ốc_vãi còn không biết phối_hợp nữa còn team bạn bắn như tuyển_thủ vậy ghép không công_bằng như tui nghĩ
rất,3,com.dts.freefireth,neutral,vi,rất,rất
game hay vaiz,5,com.dts.freefireth,positive,vi,game hay vaiz,game hay vaiz
lag lag lag lag,2,com.dts.freefireth,negative,vi,lag lag lag lag,lag lag lag lag
Chơi vui phết 🤡,5,com.dts.freefireth,positive,vi,chơi vui phết,chơi vui phết
đóm yes yes,5,com.dts.freefireth,positive,vi,đóm yes yes,đóm yes yes
phai phai sống dai thành huyền thoại,5,com.dts.freefireth,positive,vi,phai phai sống dai thành huyền thoại,phai phai sống dai_thành huyền_thoại
lúc đầu chán mà h gửi hơn r hãy cho nhìu vòng quay nấm đấm đi,5,com.dts.freefireth,positive,vi,lúc đầu chán mà h gửi hơn rồi hãy cho nhìu vòng quay nấm đấm đi,lúc đầu chán mà h gửi hơn rồi hãy cho nhìu vòng quay nấm đấm đi
rất hay và nhiều đồ miễn phí nữa,4,com.dts.freefireth,positive,vi,rất hay và nhiều đồ miễn phí nữa,rất hay và nhiều đồ miễn_phí nữa
lâu lâu của lại cx vui,5,com.dts.freefireth,positive,vi,lâu lâu của lại cũng vui,lâu_lâu của lại cũng vui
rất hay và có tính trải nghiệm.,5,com.dts.freefireth,positive,vi,rất hay và có tính trải nghiệm,rất hay và có tính trải_nghiệm
nhớ kỉ niệm từ năm 2018 game hay,5,com.dts.freefireth,positive,vi,nhớ kỉ niệm từ năm 2018 game hay,nhớ kỉ_niệm từ năm 2018 game hay
game nạp tiền hút máu sơn súng tăng dame play to win còn đồ free tới chó nó còn chê,1,com.dts.freefireth,negative,vi,game nạp tiền hút máu sơn súng tăng dame play to win còn đồ free tới chó nó còn chê,game nạp tiền hút máu sơn súng tăng dame play to_win còn đồ free tới chó nó còn chê
chơi game mà cứ mấy tháng là xét lại rank từ cao lại xuống thấp hơi chán ạ,5,com.dts.freefireth,positive,vi,chơi game mà cứ mấy tháng là xét lại rank từ cao lại xuống thấp hơi chán ạ,chơi game mà cứ mấy tháng là xét lại rank từ cao lại xuống thấp hơi chán ạ
từ khi ob51 ra mắt cảm thấy geam k còn vui như trước kia nữa,1,com.dts.freefireth,negative,vi,từ khi ob51 ra mắt cảm thấy geam không còn vui như trước kia nữa,từ khi ob51 ra_mắt cảm_thấy geam không còn vui như trước_kia nữa
luỵ game,5,com.dts.freefireth,positive,vi,luỵ game,lụy game
lag vãi mà wifi ko đỏ ko 999+ vẫn giật lag,1,com.dts.freefireth,negative,vi,lag vãi mà wifi không đỏ không 999 vẫn giật lag,lag vãi mà wifi không đỏ không 999 vẫn giật lag
xoá tải lại ko mất ac,5,com.dts.freefireth,positive,vi,xoá tải lại không mất ac,xóa_tải lại không mất ac
đm chơi vườn tự do mà nó lag kinh th mẹ cập nhật xong đeo thấy cây giếng chán game này rê,1,com.dts.freefireth,negative,vi,đm chơi vườn tự do mà nó lag kinh th mẹ cập nhật xong đeo thấy cây giếng chán game này rê,đm chơi vườn tự_do mà nó lag kinh_th mẹ cập_nhật xong đeo thấy cây giếng chán game này rê
Free Fire bữa giờ chẳng chơi được cứ vô rồi nó cứ bị gì á,1,com.dts.freefireth,negative,vi,free fire bữa giờ chẳng chơi được cứ vô rồi nó cứ bị gì á,free fire bữa giờ chẳng chơi được cứ vô rồi nó cứ bị gì á
cũng ok vui game hay nhưng game hay gặp hack,2,com.dts.freefireth,negative,vi,cũng ok vui game hay nhưng game hay gặp hack,cũng ok vui_game hay nhưng game hay gặp hack
nó bị j á không thể bấm vào bản đồ j hết,1,com.dts.freefireth,negative,vi,nó bị j á không thể bấm vào bản đồ j hết,nó bị j_á không_thể bấm vào bản_đồ j hết
game siu siu siu hay,5,com.dts.freefireth,positive,vi,game siu siu siu hay,game siu siu_siu hay
vào choi nó cu bảo lỗi máy chủ,1,com.dts.freefireth,negative,vi,vào choi nó cu bảo lỗi máy chủ,vào choi nó cu bảo lỗi máy chủ
"ff mới ra map vườn tự do mà khi tôi trồng dc nhiều cây thì thoát ra vô lại bị mấy khá nhiều hoa,cây và quả",3,com.dts.freefireth,neutral,vi,ff mới ra map vườn tự do mà khi tôi trồng được nhiều cây thì thoát ra vô lại bị mấy khá nhiều hoa cây và quả,ff mới ra map vườn tự_do mà khi tôi trồng được nhiều cây thì thoát ra vô lại bị mấy khá nhiều hoa cây và quả
game như quần què,1,com.dts.freefireth,negative,vi,game như quần què,game như quần_què
game như bùi,1,com.dts.freefireth,negative,vi,game như bùi,game như bùi
"chu cha hay nha nhưng toàn mấy ôg vip 7 , 8 7 đá mà bắn như bot :))",5,com.dts.freefireth,positive,vi,chu cha hay nha nhưng toàn mấy ôg vip 7 8 7 đá mà bắn như bot,chu_cha hay nha nhưng toàn mấy ôg vip 7 8 7 đá mà bắn như bot
đang chơi bùn ẻ mong nhà sản xuất sửa lỗi🤞🏻😒,5,com.dts.freefireth,positive,vi,đang chơi bùn ẻ mong nhà sản xuất sửa lỗi,đang chơi bùn ẻ mong nhà_sản_xuất sửa lỗi
rất hay lúc nào cũng Thắng,5,com.dts.freefireth,positive,vi,rất hay lúc nào cũng thắng,rất hay lúc_nào cũng thắng
Khongg vào Đc game,3,com.dts.freefireth,neutral,vi,khongg vào đc game,khongg vào đc game
vừa chơi lại nhưng tôi ko thể chơi tử chiến hay sinh tồn dù đã chọn bản đồ nhưng vẫn không thể vào,1,com.dts.freefireth,negative,vi,vừa chơi lại nhưng tôi không thể chơi tử chiến hay sinh tồn dù đã chọn bản đồ nhưng vẫn không thể vào,vừa chơi lại nhưng tôi không_thể chơi tử_chiến hay sinh_tồn dù đã chọn bản_đồ nhưng vẫn không_thể vào
vui nhưng găp hack,5,com.dts.freefireth,positive,vi,vui nhưng găp hack,vui nhưng găp hack
"chơi toàn hack ,cứ hồi sinh xong là lại gặp",1,com.dts.freefireth,negative,vi,chơi toàn hack cứ hồi sinh xong là lại gặp,chơi toàn hack cứ hồi_sinh xong là lại gặp
Tốt. độ họa đẹp chất lượng. nhưng bị lỗi 1 số trận👍👍,5,com.dts.freefireth,positive,vi,tốt độ họa đẹp chất lượng nhưng bị lỗi 1 số trận,tốt độ họa đẹp chất_lượng nhưng bị lỗi 1 số trận
gemg hay,5,com.dts.freefireth,positive,vi,gemg hay,gemg hay
chơi game 8 năm rồi .. cứ xóa lại tải ...haizzzz bao giờ mới bỏ đc đây.,5,com.dts.freefireth,positive,vi,chơi game 8 năm rồi cứ xóa lại tải haizzzz bao giờ mới bỏ đc đây,chơi game 8 năm rồi cứ xóa lại tải haizzzz bao_giờ mới bỏ đc đây
game bắn súng thì như kiểu dùng kĩ năng nhân vật,2,com.dts.freefireth,negative,vi,game bắn súng thì như kiểu dùng kĩ năng nhân vật,game bắn súng thì như kiểu dùng kĩ_năng nhân_vật
game dở đg chơi lỡ nói 36 khoá mic 36h,1,com.dts.freefireth,negative,vi,game dở đg chơi lỡ nói 36 khoá mic 36h,game dở_đg chơi lỡ nói 36 khóa mic 36 h
mình rất tiếc khi mấy hôm nay không thể đăng nhập vào game được cho mình mình quyết định Là nghỉ game,3,com.dts.freefireth,neutral,vi,mình rất tiếc khi mấy hôm nay không thể đăng nhập vào game được cho mình mình quyết định là nghỉ game,mình rất tiếc khi mấy hôm_nay không_thể đăng_nhập vào game được cho mình mình quyết_định là nghỉ game
vui. quá,5,com.dts.freefireth,positive,vi,vui quá,vui quá
rất hay game đồ hoa đặc sắc những chi tiết rất đẹp,5,com.dts.freefireth,positive,vi,rất hay game đồ hoa đặc sắc những chi tiết rất đẹp,rất hay game đồ hoa đặc_sắc những chi_tiết rất đẹp
vãi cả cơ chế gamer cho hẳn 3 khứa tạ:))) đag sướng thì sướng trước khổ sau:)),1,com.dts.freefireth,negative,vi,vãi cả cơ chế gamer cho hẳn 3 khứa tạ đag sướng thì sướng trước khổ sau,vãi cả cơ_chế gamer cho hẳn 3 khứa tạ đag_sướng thì sướng trước khổ sau
nhiều dung lượng,1,com.dts.freefireth,negative,vi,nhiều dung lượng,nhiều dung_lượng
không cặp nhật Cho tôi,4,com.dts.freefireth,positive,vi,không cặp nhật cho tôi,không cặp_nhật cho tôi
st là game đồng đội mà chơi ko cứu tụt rank hoài,1,com.dts.freefireth,negative,vi,st là game đồng đội mà chơi không cứu tụt rank hoài,st là game đồng_đội mà chơi không cứu tụt rank hoài
game như lon đội t như cac mà đội khác toàn pro t mong garena sửa game cho công bằng ik,1,com.dts.freefireth,negative,vi,game như lon đội t như cac mà đội khác toàn pro t mong garena sửa game cho công bằng ik,game như lon đội t như cac mà đội khác toàn pro t mong garena sửa game cho công_bằng ik
hay lỗi mic k nch đc,1,com.dts.freefireth,negative,vi,hay lỗi mic không nch đc,hay lỗi mic không nch đc
"Vui vãi, nhiều lúc street chơi cũng xã đc nhiều",5,com.dts.freefireth,positive,vi,vui vãi nhiều lúc street chơi cũng xã đc nhiều,vui vãi nhiều lúc street_chơi cũng xã đc nhiều
Máy yếu đell tải đc bản mới nhiều dung lượng vcl,2,com.dts.freefireth,negative,vi,máy yếu đell tải đc bản mới nhiều dung lượng vcl,máy yếu đell_tải đc_bản mới nhiều dung_lượng vcl
vô game ko đc ạ ah gà giúp em đi vô nó cứ để lỗi mà thoát ra thử lại cũng như vậy 🥺😞,1,com.dts.freefireth,negative,vi,vô game không đc ạ ah gà giúp em đi vô nó cứ để lỗi mà thoát ra thử lại cũng như vậy,vô game không đc ạ ah gà giúp em đi vô nó cứ để lỗi mà thoát ra thử lại cũng như_vậy
"game cho em mời bạn đi lại cấn em mời thì em chơi kiểu dì , như game hay hật",5,com.dts.freefireth,positive,vi,game cho em mời bạn đi lại cấn em mời thì em chơi kiểu dì như game hay hật,game cho em mời bạn đi_lại cấn em mời thì em chơi kiểu dì như game hay hật
game chs gặp toàn hack chs đc 10 trận thì 11 trận là thua,1,com.dts.freefireth,negative,vi,game chơi gặp toàn hack chơi đc 10 trận thì 11 trận là thua,game chơi gặp toàn hack chơi đc 10 trận thì 11 trận là thua
game j đau ko tối ngày bị mất đồ,1,com.dts.freefireth,negative,vi,game j đau không tối ngày bị mất đồ,game j đau không tối_ngày bị mất đồ
rất vui và làm tôi thích thú,5,com.dts.freefireth,positive,vi,rất vui và làm tôi thích thú,rất vui và làm tôi thích_thú
không vào tài khoản,1,com.dts.freefireth,negative,vi,không vào tài khoản,không vào tài_khoản
noi chung la vui,5,com.dts.freefireth,positive,vi,noi chung la vui,noi chung_la vui
game tuỳ hay nhưng mà trẻ trâu thôi,2,com.dts.freefireth,negative,vi,game tuỳ hay nhưng mà trẻ trâu thôi,game tùy hay nhưng_mà trẻ trâu thôi
tôi thích chs,5,com.dts.freefireth,positive,vi,tôi thích chơi,tôi thích chơi
gà rán ơi cho lên rank đi,5,com.dts.freefireth,positive,vi,gà rán ơi cho lên rank đi,gà rán ơi cho lên rank đi
"cập nhật cái trò chơi vườn tự do xong lag thu nhỏ cây nói chung khó chịu, yêu cầu garena xem và chỉnh sửa lại lối chơi này",1,com.dts.freefireth,negative,vi,cập nhật cái trò chơi vườn tự do xong lag thu nhỏ cây nói chung khó chịu yêu cầu garena xem và chỉnh sửa lại lối chơi này,cập_nhật cái trò_chơi vườn tự_do xong lag thu nhỏ cây nói_chung khó_chịu yêu_cầu garena xem và chỉnh_sửa lại lối chơi này
chơi rất vui và kịch tính🔥,5,com.dts.freefireth,positive,vi,chơi rất vui và kịch tính,chơi rất vui và kịch tính
ủa sao vô vườn tự do mà mất cây bao nhiêu công sức đổ sông đổ bể là sao anh gà,2,com.dts.freefireth,negative,vi,ủa sao vô vườn tự do mà mất cây bao nhiêu công sức đổ sông đổ bể là sao anh gà,ủa sao vô vườn tự_do mà mất cây bao_nhiêu công_sức đổ sông đổ bể là sao anh gà
freefire rất vui và chơi rất hay,5,com.dts.freefireth,positive,vi,freefire râ t vui va chơi râ t hay,freefire râ t vui va_chơi râ t hay
bị cấm mic 3 ngày ko lí do?,1,com.dts.freefireth,negative,vi,bị cấm mic 3 ngày không lí do,bị cấm mic 3 ngày không lí_do
trò chơi rất hay và trải nghiệm tuyệt vời,4,com.dts.freefireth,positive,vi,trò chơi rất hay và trải nghiệm tuyệt vời,trò_chơi rất hay và trải_nghiệm tuyệt_vời
game hay vl 160 sao mới được,5,com.dts.freefireth,positive,vi,game hay vl 160 sao mới được,game hay vl 160 sao mới được
"anh gà ơi, em mong anh gà xem được bình luận này. Em mong anh gà vào ngày sinh nhật của các nhân vật thì anh có thể cho những con nhân vật này về thời đỉnh cao, lúc mà con nhân vật đó được coi là phiên bản mạnh nhất của nhân vật đó. Làm như vậy thì sẽ làm cho ngày sinh nhật của nhân vật đó trở nên ý nghĩa hơn và cho những người chơi đời đầu và các người chơi khác có thể trải nghiệm lại còn nhân vật đó lúc nó là phiên bản mạnh nhất của chính nó , cảm ơn . nick em là tahachmapff",5,com.dts.freefireth,positive,vi,anh gà ơi em mong anh gà xem được bình luận này em mong anh gà vào ngày sinh nhật của các nhân vật thì anh có thể cho những con nhân vật này về thời đỉnh cao lúc mà con nhân vật đó được coi là phiên bản mạnh nhất của nhân vật đó làm như vậy thì sẽ làm cho ngày sinh nhật của nhân vật đó trở nên ý nghĩa hơn và cho những người chơi đời đầu và các người chơi khác có thể trải nghiệm lại còn nhân vật đó lúc nó là phiên bản mạnh nhất của chính nó cảm ơn nick em là tahachmapff,anh gà ơi em mong anh gà xem được bình_luận này em mong anh gà vào ngày sinh_nhật của các nhân_vật thì anh có_thể cho những con nhân_vật này về thời đỉnh_cao lúc mà con nhân_vật đó được coi là phiên_bản mạnh nhất của nhân_vật đó làm như_vậy thì sẽ làm cho ngày sinh_nhật của nhân_vật đó trở_nên ý_nghĩa hơn và cho những người chơi đời đầu và các người chơi khác có_thể trải_nghiệm lại còn nhân_vật đó lúc nó là phiên_bản mạnh nhất của chính nó cảm_ơn nick em là tahachmapff
ngon,5,com.dts.freefireth,positive,vi,ngon,ngon
lỗi đam vc,1,com.dts.freefireth,negative,vi,lỗi đam vc,lỗi đam vc
quá đã,5,com.dts.freefireth,positive,vi,quá đã,quá đã
okela,5,com.dts.freefireth,positive,vi,okela,okela
game ok dải trí,4,com.dts.freefireth,positive,vi,game ok da i tri,game ok da i_tri
QUÁ HAY,5,com.dts.freefireth,positive,vi,quá hay,quá hay
game vuiii,5,com.dts.freefireth,positive,vi,game vuiii,game vuiii
lửa chùa chơi rất vui độ chất lượng thì 100% sự kiện hay,5,com.dts.freefireth,positive,vi,lửa chùa chơi rất vui độ chất lượng thì 100 sự kiện hay,lửa chùa chơi rất vui_độ chất_lượng thì 100 sự_kiện hay
game ghép trận kiểu gì á team địch mạnh team mình phế,1,com.dts.freefireth,negative,vi,game ghép trận kiểu gì á team địch mạnh team mình phế,game ghép trận kiểu gì á_team địch mạnh team mình phế
ghép toàn đồng đội ngoo vl,1,com.dts.freefireth,negative,vi,ghép toàn đồng đội ngoo vl,ghép toàn đồng_đội ngoo vl
chơi rất vui vả được nhiều người yêu thích,5,com.dts.freefireth,positive,vi,chơi rất vui vả được nhiều người yêu thích,chơi rất vui_vả được nhiều người_yêu thích
phi phai quá hay,1,com.dts.freefireth,negative,vi,phi phai quá hay,phi phai quá hay
rat hay 🗿,5,com.dts.freefireth,positive,vi,rat hay,rat hay
còn dung lượng nói hết là sao ??????,1,com.dts.freefireth,negative,vi,còn dung lượng nói hết là sao,còn dung_lượng nói hết là sao
mong gane đừng đóng,5,com.dts.freefireth,positive,vi,mong gane đừng đóng,mong gane đừng đóng
đang chơi game tự nhiên mắc ỉa yêu cầu nhà làm game khắc phục,4,com.dts.freefireth,positive,vi,đang chơi game tự nhiên mắc ỉa yêu cầu nhà làm game khắc phục,đang chơi game tự_nhiên mắc_ỉa yêu_cầu nhà làm game khắc_phục
game trẻ trâu toàn thứ xàm xàm không ra đám ôn gì cả,1,com.dts.freefireth,negative,vi,game trẻ trâu toàn thứ xàm xàm không ra đám ôn gì cả,game trẻ trâu toàn thứ xàm_xàm không ra đám ôn gì cả
"game rất hay, thứ làm nó chán là thành phần ng chs đa số là trẻ trâu, mà chs giả lập mệt vl:)))",5,com.dts.freefireth,positive,vi,game rất hay thứ làm nó chán là thành phần người chơi đa số là trẻ trâu mà chơi giả lập mệt vl,game rất hay thứ làm nó chán là thành_phần người chơi đa_số là trẻ trâu mà chơi giả_lập mệt vl
100 diem ko co nhung luon,5,com.dts.freefireth,positive,vi,100 diem không co nhung luon,100 diem không co_nhung luon
dạo này gem lag vãi,1,com.dts.freefireth,negative,vi,dạo này gem lag vãi,dạo này gem lag vãi
"Chán, lửa chùa chán quá bye game",1,com.dts.freefireth,negative,vi,chán lửa chùa chán quá bye game,chán lửa chùa chán quá bye game
"Vào gane thì thấy mất acc, cứ báo lỗi mạng trong khi mạng đầy đủ. nói chung là game nát",1,com.dts.freefireth,negative,vi,vào gane thì thấy mất tài khoản cứ báo lỗi mạng trong khi mạng đầy đủ nói chung là game nát,vào gane thì thấy mất tài_khoản cứ báo lỗi_mạng trong khi mạng đầy_đủ nói_chung là game nát
tôi bị band id ko hiểu tại ko,1,com.dts.freefireth,negative,vi,tôi bị band id không hiểu tại không,tôi bị band id không hiểu tại không
rất nhiều sự kiện nhưng hãy cho sự kiện về nhân vật Luffy,5,com.dts.freefireth,positive,vi,rất nhiều sự kiện nhưng hãy cho sự kiện về nhân vật luffy,rất nhiều sự_kiện nhưng hãy cho sự_kiện về nhân_vật luffy
mấy anh ơi em ko vô đc game bị lỗi,5,com.dts.freefireth,positive,vi,mấy anh ơi em không vô đc game bị lỗi,mấy anh ơi em không vô_đc game bị lỗi
game rất hay nhưng ít ra hồm màu vàng,5,com.dts.freefireth,positive,vi,game rất hay nhưng ít ra hồm màu vàng,game rất hay nhưng ít_ra hồm màu vàng
tôi vô tải bảng đồ không được mong nhà sản xuất xem lại,2,com.dts.freefireth,negative,vi,tôi vô tải bảng đồ không được mong nhà sản xuất xem lại,tôi vô_tải bảng_đồ không được mong nhà_sản_xuất xem_lại
quá tuyện vời,5,com.dts.freefireth,positive,vi,quá tuyện vời,quá tuyện_vời
sự kiện thì rất hay và thú vị nhưng đang chơi bị kích ra ngoài mà free fire rất hay cho năm sao,5,com.dts.freefireth,positive,vi,sự kiện thì rất hay và thú vị nhưng đang chơi bị kích ra ngoài mà free fire rất hay cho năm sao,sự_kiện thì rất hay và thú_vị nhưng đang chơi bị kích ra ngoài mà free fire rất hay cho năm sao
quá tốt,5,com.dts.freefireth,positive,vi,quá tốt,quá tốt
lag quá,1,com.dts.freefireth,negative,vi,lag quá,lag quá
game hay và rất cuốn,5,com.dts.freefireth,positive,vi,game hay và rất cuốn,game hay và rất cuốn
Gem lỗi quá,1,com.dts.freefireth,negative,vi,gem lỗi quá,gem lỗi quá
dcmm được 10kill mà cứ trừ điểm,1,com.dts.freefireth,negative,vi,dcmm được 10kill mà cứ trừ điểm,dcmm được 10 kill mà cứ trừ điểm
hay nha v123,1,com.dts.freefireth,negative,vi,hay nha v123,hay nha v123
Đồ họa rất hay và hấp dẫn,5,com.dts.freefireth,positive,vi,đồ họa rất hay và hấp dẫn,đồ họa rất hay và hấp_dẫn
vuii,5,com.dts.freefireth,positive,vi,vuii,vuii
"game bây giờ toàn lỗi là lỗi, game thì chẳng cải thiên game bây giờ như rác",2,com.dts.freefireth,negative,vi,game bây giờ toàn lỗi là lỗi game thì chẳng cải thiên game bây giờ như rác,game bây_giờ toàn lỗi là lỗi game thì chẳng cải_thiên_game bây_giờ như rác
game hay garena cho skin rất đẹp( Huykíliêm ),5,com.dts.freefireth,positive,vi,game hay garena cho skin rất đẹp huykíliêm,game hay garena cho skin rất đẹp huykíliêm
"chán , hết giống thời xưa",4,com.dts.freefireth,positive,vi,chán hết giống thời xưa,chán hết giống thời xưa
tao chơi lúc nào là có hack trong trận,1,com.dts.freefireth,negative,vi,tao chơi lúc nào là có hack trong trận,tao chơi lúc nào là có hack trong trận
Free Fire tôi. cảm thấy rất Là vui 🧠👊,5,com.dts.freefireth,positive,vi,free fire tôi cảm thấy rất là vui,free fire tôi cảm_thấy rất là vui
hơi hack,5,com.dts.freefireth,positive,vi,hơi hack,hơi hack
geam nhuu l má,1,com.dts.freefireth,negative,vi,geam nhuu l má,geam nhuu l má
chơi vui lắm đồ thì đa đẹp ko chổ để chê,5,com.dts.freefireth,positive,vi,chơi vui lắm đồ thì đa đẹp không chổ để chê,chơi vui lắm đồ thì đa_đẹp không chổ để chê
"Mọi thứ đều ổn , nếu nhà phát hành ra một vật phẩm có thể đánh dấu người chơi khác để truy sát thì càng hay , đại loại là nhập id người chơi đó sao đó nó chơi game thì cứ truy sát trong map , giá đắt cũng được 1k kc t vẫn mua , có hạn sử dụng trong ngày vẫn đc ( vật phẩm này do mình nghĩ ra , tạm đặt tên là vạn biến lệnh ) . Có ra Bố gặp đâu đá chết ở đó , khỏi chơi game , nhìn ng chơi thân thiết với mình bỏ qua mình onl game chơi với nó là lòng đau không chịu nổi .",5,com.dts.freefireth,positive,vi,mọi thứ đều ổn nếu nhà phát hành ra một vật phẩm có thể đánh dấu người chơi khác để truy sát thì càng hay đại loại là nhập id người chơi đó sao đó nó chơi game thì cứ truy sát trong map giá đắt cũng được 1k kc t vẫn mua có hạn sử dụng trong ngày vẫn đc vật phẩm này do mình nghĩ ra tạm đặt tên là vạn biến lệnh có ra bố gặp đâu đá chết ở đó khỏi chơi game nhìn người chơi thân thiết với mình bỏ qua mình onl game chơi với nó là lòng đau không chịu nổi,mọi thứ đều ổn nếu nhà phát_hành ra một vật_phẩm có_thể đánh_dấu người chơi khác để truy_sát thì càng hay đại_loại là nhập id người chơi đó sao đó nó chơi game thì cứ truy_sát trong map giá đắt cũng được 1 k kc t vẫn mua có_hạn sử_dụng trong ngày vẫn đc_vật_phẩm này do mình nghĩ ra tạm đặt tên là vạn biến_lệnh có ra bố gặp đâu đá chết ở đó khỏi chơi game nhìn người chơi thân_thiết với mình bỏ_qua mình onl game chơi với nó là lòng đau không chịu nổi
chơi bị mẹ gank cần xem xét lại 😡😡😡😡😡,1,com.dts.freefireth,negative,vi,chơi bị mẹ gank cần xem xét lại,chơi bị mẹ gank cần xem_xét lại
"Tại sao ứng dụng game khi tải về thì vẫn ổn, vẫn xem được nhưng khi vào trận thì mạng là 999+ trong khi mạng ở chỗ tôi vẫn hoạt động bình thường, mong nhận được sự hỗ trợ từ phía nhà sản xuất.",1,com.dts.freefireth,negative,vi,tại sao ứng dụng game khi tải về thì vẫn ổn vẫn xem được nhưng khi vào trận thì mạng là 999 trong khi mạng ở chỗ tôi vẫn hoạt động bình thường mong nhận được sự hỗ trợ từ phía nhà sản xuất,tại_sao ứng_dụng game khi tải về thì vẫn ổn vẫn xem được nhưng khi vào trận thì mạng là 999 trong khi mạng ở chỗ tôi vẫn hoạt_động bình_thường mong nhận được sự hỗ_trợ từ phía nhà_sản_xuất
Dcmmm kĩ năng nv lol chx nhìn thấy địch dã chết,1,com.dts.freefireth,negative,vi,dcmmm kĩ năng nv lol chx nhìn thấy địch dã chết,dcmmm kĩ_năng nv lol_chx nhìn thấy địch_dã chết
"grn chs đá hay j .. vườn tự do khi kh bông còn chút ét v, còn làm ngược ngạo bông ngta nx. trái thì chà bá up date còn chút ét. Dẹp nghĩ chs cho r",1,com.dts.freefireth,negative,vi,grn chơi đá hay j vườn tự do khi kh bông còn chút ét v còn làm ngược ngạo bông ngta nx trái thì chà bá up date còn chút ét dẹp nghĩ chơi cho rồi,grn chơi đá hay j vườn tự_do khi kh bông còn chút ét v còn làm ngược ngạo bông ngta nx trái thì chà_bá up date còn chút ét_dẹp nghĩ chơi cho rồi
tôi yêu thik 👍,5,com.dts.freefireth,positive,vi,tôi yêu thik,tôi yêu thik
hay lắm,5,com.dts.freefireth,positive,vi,hay lắm,hay lắm
"yêu cầu game thêm tính năng mới chính là các người chơi có thể là người xem và check những người bị nghi ngờ và ban những người dùng phần mềm thứ 3 sau quá trình những cách huấn luyện quá bài tập và câu hỏi và đóng băng người chơi nghi ngờ và ban những người chơi dùng pmt3 để góp phần game phát triển cấp độ ban bao gồm sơ cấp, trung cấp, cao cấp tùy vào mức đã phát hiện người dùng phần mềm thứ 3 và nâng cấp người danh hiệu để phát triển",5,com.dts.freefireth,positive,vi,yêu cầu game thêm tính năng mới chính là các người chơi có thể là người xem và check những người bị nghi ngờ và ban những người dùng phần mềm thứ 3 sau quá trình những cách huấn luyện quá bài tập và câu hỏi và đóng băng người chơi nghi ngờ và ban những người chơi dùng pmt3 để góp phần game phát triển cấp độ ban bao gồm sơ cấp trung cấp cao cấp tùy vào mức đã phát hiện người dùng phần mềm thứ 3 và nâng cấp người danh hiệu để phát triển,yêu_cầu game thêm tính_năng mới chính là các người chơi có_thể là người xem và check những người bị nghi_ngờ và ban những người dùng phần_mềm thứ 3 sau quá_trình những cách huấn_luyện quá bài_tập và câu_hỏi và đóng_băng người chơi nghi_ngờ và ban những người chơi dùng pmt3 để góp_phần game phát_triển cấp_độ ban bao_gồm sơ_cấp trung_cấp cao_cấp tùy vào mức đã phát_hiện người dùng phần_mềm thứ 3 và nâng_cấp người danh_hiệu để phát_triển
ko cho nhận ma búp bê thì đánh giá 4 sao,4,com.dts.freefireth,positive,vi,không cho nhận ma búp bê thì đánh giá 4 sao,không cho nhận ma búp_bê thì đánh_giá 4 sao
game gấc duii💗💗,5,com.dts.freefireth,positive,vi,game gấc duii,game gấc duii
mất chữ ở tên nhìn khó chịu vl,4,com.dts.freefireth,positive,vi,mất chữ ở tên nhìn khó chịu vl,mất chữ ở tên nhìn khó_chịu vl
gema dở tệ,1,com.dts.freefireth,negative,vi,gema dở tệ,gema dở_tệ
"game ngày càng dở , làm ăn kiểu gì ko đâu , nếu đánh giá 0 sao thì cho 0 sao r , rank thì ko xứng với trình độ , lỗi với bug thì nhiều ( nhiều lúc súng ko tự ghim hoặc rõ tâm gần thk kia thì ghim thk nọ)",1,com.dts.freefireth,negative,vi,game ngày càng dở làm ăn kiểu gì không đâu nếu đánh giá 0 sao thì cho 0 sao rồi rank thì không xứng với trình độ lỗi với bug thì nhiều nhiều lúc súng không tự ghim hoặc rõ tâm gần thk kia thì ghim thk nọ,game ngày_càng dở làm_ăn kiểu gì không đâu nếu đánh_giá 0 sao thì cho 0 sao rồi rank thì không xứng với trình_độ lỗi với bug thì nhiều nhiều lúc súng không tự_ghim hoặc rõ_tâm gần thk kia thì ghim_thk nọ
gem lon đag chơi tự nhiên mắc đái cht ln,1,com.dts.freefireth,negative,vi,gem lon đag chơi tự nhiên mắc đái cht ln,gem lon đag chơi tự_nhiên mắc đái_cht ln
sao mà hút máu dữ vậy quay đồ cái gì cũng phải đến cuối mới được tốn tiền vv,2,com.dts.freefireth,negative,vi,sao mà hút máu dữ vậy quay đồ cái gì cũng phải đến cuối mới được tốn tiền vv,sao mà hút máu dữ vậy quay đồ cái gì cũng phải đến cuối mới được tốn tiền vv
yêu garena,5,com.dts.freefireth,positive,vi,yêu garena,yêu garena
"game chơi ổn nhưng gặp nhiều hack tố cáo nhiều nhưng garena ko xử lí , chơi 10 trận hết 9 trận là gặp hack , huấn luyện rất nhiều hack tố cáo mà ko xử lí khi ghép trận khác vẫn gặp tiếp , chơi rất tức vì bọn hack , càng ngày ra nhiều lối chơi khó hiểu , mong nhà phát hành sớm khắc phục ạ !!",3,com.dts.freefireth,neutral,vi,game chơi ổn nhưng gặp nhiều hack tố cáo nhiều nhưng garena không xử lí chơi 10 trận hết 9 trận là gặp hack huấn luyện rất nhiều hack tố cáo mà không xử lí khi ghép trận khác vẫn gặp tiếp chơi rất tức vì bọn hack càng ngày ra nhiều lối chơi khó hiểu mong nhà phát hành sớm khắc phục ạ,game chơi ổn nhưng gặp nhiều hack tố_cáo nhiều nhưng garena không xử_lí chơi 10 trận hết 9 trận là gặp hack huấn_luyện rất nhiều hack tố_cáo mà không xử_lí khi ghép trận khác vẫn gặp tiếp_chơi rất tức vì bọn hack càng ngày ra nhiều lối chơi khó hiểu mong nhà phát_hành sớm khắc_phục ạ
phi phai này được,5,com.dts.freefireth,positive,vi,phi phai này được,phi_phai này được
game tải quá lâu,3,com.dts.freefireth,neutral,vi,game tải quá lâu,game tải quá lâu
game dở,1,com.dts.freefireth,negative,vi,game dở,game dở
ko chơi hack cx bị band,1,com.dts.freefireth,negative,vi,không chơi hack cũng bị band,không chơi hack cũng bị band
game ghép trận như sv toàn gặp trẻ trâu phá game còn gặp hack,1,com.dts.freefireth,negative,vi,game ghép trận như người chơi toàn gặp trẻ trâu phá game còn gặp hack,game ghép trận như người chơi toàn gặp trẻ trâu phá game còn gặp hack
mỗi 1 trận phải có mp5 chứ chơi hơn chục trận đc có một trận mp5 sao Leo top đc,4,com.dts.freefireth,positive,vi,mỗi 1 trận phải có mp5 chứ chơi hơn chục trận đc có một trận mp5 sao leo top đc,mỗi 1 trận phải có mp5 chứ chơi hơn chục trận đc có một trận mp5 sao leo top đc
game gép chận kiểu Dell j ko đồng đội thì yếu địch thì mạnh 🤬,1,com.dts.freefireth,negative,vi,game gép chận kiểu không j không đồng đội thì yếu địch thì mạnh,game gép chận kiểu không j không đồng_đội thì yếu địch thì mạnh
toàn sếp với đứa phá game,1,com.dts.freefireth,negative,vi,toàn sếp với đứa phá game,toàn sếp với đứa phá game
game bị lag mong garena free fire sửa lại xin cảm ơn😇🥰,5,com.dts.freefireth,positive,vi,game bị lag mong garena free fire sửa lại xin cảm ơn,game bị lag mong garena free_fire sửa lại xin cảm_ơn
cờ hó garena gỡ cho tao mic,1,com.dts.freefireth,negative,vi,cờ hó garena gỡ cho tao mic,cờ hó garena gỡ cho tao mic
game dell bằng cái móng chân của liên quân,1,com.dts.freefireth,negative,vi,game không bằng cái móng chân của liên quân,game không bằng cái móng chân của liên_quân
em bị lỗi không vào trận được anh gà ơi 😭,1,com.dts.freefireth,negative,vi,em bị lỗi không vào trận được anh gà ơi,em bị lỗi không vào trận được anh gà ơi
game siêu tôi rất thích,5,com.dts.freefireth,positive,vi,game siêu tôi rất thích,game siêu tôi rất thích
lửa chùa,5,com.dts.freefireth,positive,vi,lửa chùa,lửa chùa
game lỗi mhiều cần khắc phục,1,com.dts.freefireth,negative,vi,game lỗi mhiều cần khắc phục,game lỗi mhiều cần khắc_phục
Game trồng cây mấy hôm kh vào hôm nay vào vườn thì thấy mất hết cây là sao? Mong garena sửa lỗi chứ nản lắm r kh trả lại cây vs quả chắc xoá game luôn,1,com.dts.freefireth,negative,vi,game trồng cây mấy hôm kh vào hôm nay vào vườn thì thấy mất hết cây là sao mong garena sửa lỗi chứ nản lắm rồi kh trả lại cây vs quả chắc xoá game luôn,game trồng cây mấy hôm kh vào hôm_nay vào vườn thì thấy mất hết cây là sao mong garena sửa lỗi chứ nản lắm rồi kh trả lại cây vs quả chắc xóa game luôn
game chơi rất vui nhưng hôm nay mình gặp một lỗi đơ màn hình không quay qua quay lại được giống như mọi lần ấy. chơi không được luôn rồi còn bị 999 + nữa.,2,com.dts.freefireth,negative,vi,game chơi rất vui nhưng hôm nay mình gặp một lỗi đơ màn hình không quay qua quay lại được giống như mọi lần ấy chơi không được luôn rồi còn bị 999 nữa,game chơi rất vui nhưng hôm_nay mình gặp một lỗi đơ màn_hình không quay qua quay lại được giống như mọi lần ấy chơi không được luôn rồi còn bị 999 nữa
gem toàn bắn ngu,1,com.dts.freefireth,negative,vi,gem toàn bắn ngu,gem toàn bắn ngu
hay đó nha,5,com.dts.freefireth,positive,vi,hay đó nha,hay đó nha
game rất vui và rất hayy,5,com.dts.freefireth,positive,vi,game rất vui và rất hayy,game rất vui và rất hayy
Sinh tồn này dễ đây!,5,com.dts.freefireth,positive,vi,sinh tô n na y dê đây,sinh tô_n na_y dê đây
vuýp,5,com.dts.freefireth,positive,vi,vuýp,vuýp
chơi cũng vui,5,com.dts.freefireth,positive,vi,chơi cũng vui,chơi cũng vui
game quá hay nói giúp tôi trải nghiệm sau những giờ làm việc mệt mỏi,5,com.dts.freefireth,positive,vi,game quá hay nói giúp tôi trải nghiệm sau những giờ làm việc mệt mỏi,game quá hay nói giúp tôi trải_nghiệm sau những giờ làm_việc mệt_mỏi
chơi khá vui rất đáng để thử,5,com.dts.freefireth,positive,vi,chơi khá vui rất đáng để thử,chơi khá vui rất đáng để thử
tôi cảm thấy chơi rất vui,5,com.dts.freefireth,positive,vi,tôi cảm thấy chơi rất vui,tôi cảm_thấy chơi rất vui
game ơi game ban mấy cái đứa mà Sài hack ik chứ em tức lắm rồi (⁠ ⁠⚈̥̥̥̥̥́⁠⌢⁠⚈̥̥̥̥̥̀⁠),4,com.dts.freefireth,positive,vi,game ơi game ban mấy cái đứa mà sài hack ik chứ em tức lắm rồi,game ơi game ban mấy cái đứa mà sài hack ik chứ em tức lắm rồi
game vui hay hướng dẫn chi tiết,5,com.dts.freefireth,positive,vi,game vui hay hướng dẫn chi tiết,game vui hay hướng_dẫn chi_tiết
mún game về năm 2019😙,5,com.dts.freefireth,positive,vi,mún game về năm 2019,mún game về năm 2019
"game như cái qq ghép team không có đồng đều , chơi như c sơ hở là nó co giật liên hồi không chơi nổi , team người ta thì hay còn team mình như cái tả què , không lắng nghe ý kiến của người chơi gì hết vậy , cập nhật xong là nó lỗi hoài không có chơi được",2,com.dts.freefireth,negative,vi,game như cái qq ghép team không có đồng đều chơi như c sơ hở là nó co giật liên hồi không chơi nổi team người ta thì hay còn team mình như cái tả què không lắng nghe ý kiến của người chơi gì hết vậy cập nhật xong là nó lỗi hoài không có chơi được,game như cái qq ghép team không có đồng_đều chơi như c sơ_hở là nó co_giật liên_hồi không chơi nổi_team người ta thì hay còn team mình như cái tả_què không lắng_nghe ý_kiến của người chơi gì hết vậy cập_nhật xong là nó lỗi hoài không có chơi được
game thì đc mà phần lỗi thì cũng có nha tự nhiên nó khóa tử chiến vs st ko cho t chs nên sữa lỗi này,4,com.dts.freefireth,positive,vi,game thì đc mà phần lỗi thì cũng có nha tự nhiên nó khóa tử chiến vs st không cho t chơi nên sữa lỗi này,game thì đc mà phần lỗi thì cũng có nha tự_nhiên nó khóa_tử chiến_vs st không cho t chơi nên sữa lỗi này
bắn súng Sinh tồn,4,com.dts.freefireth,positive,vi,bắn súng sinh tồn,bắn súng sinh_tồn
gem hay quá ah ơi có điều nó hơi Lg cho ah gà 10🥰,5,com.dts.freefireth,positive,vi,gem hay quá ah ơi có điều nó hơi lg cho ah gà 10,gem hay quá ah ơi có_điều nó hơi lg cho ah gà 10
Gemma ff rất hai 5 sao luôn,5,com.dts.freefireth,positive,vi,gemma ff rất hai 5 sao luôn,gemma ff rất hai 5 sao luôn
tui mún hỏi tại sao khẩu mp5 lại bắn hết sọt 100% vậy có huy hiệu ko??,4,com.dts.freefireth,positive,vi,tui mún hỏi tại sao khẩu mp5 lại bắn hết sọt 100 vậy có huy hiệu không,tui mún hỏi tại_sao khẩu mp5 lại bắn hết sọt 100 vậy có huy_hiệu không
game toàn hack nhưng hay:)),4,com.dts.freefireth,positive,vi,game toàn hack nhưng hay,game toàn hack nhưng hay
đang chơi vô geam lại thấy bay ac,1,com.dts.freefireth,negative,vi,đang chơi vô geam lại thấy bay ac,đang chơi vô_geam lại thấy bay ac
tôi bị lừa đảo trong roblox nên tôi phải chơi anh bạn anh bạn rất hay và tôi không nghĩ anh bạn tôi có thể bắn hay đến đấy,5,com.dts.freefireth,positive,vi,tôi bị lừa đảo trong roblox nên tôi phải chơi anh bạn anh bạn rất hay và tôi không nghĩ anh bạn tôi có thể bắn hay đến đấy,tôi bị lừa_đảo trong roblox nên tôi phải chơi anh bạn anh bạn rất hay và tôi không nghĩ anh bạn tôi có_thể bắn hay đến đấy
1 sao,1,com.dts.freefireth,negative,vi,1 sao,1 sao
game lỗi quá trời,1,com.dts.freefireth,negative,vi,game lỗi quá trời,game lỗi quá trời
yêu cầu xóa cái lựa chọn bản đồ ngẫu nhiên ik,1,com.dts.freefireth,negative,vi,yêu cầu xóa cái lựa chọn bản đồ ngẫu nhiên ik,yêu_cầu xóa cái lựa_chọn bản_đồ ngẫu_nhiên ik
ak gà ơi sao em lại không vào được nữa ak giúp em với ạ,5,com.dts.freefireth,positive,vi,ak gà ơi sao em lại không vào được nữa ak giúp em với ạ,ak gà ơi sao em lại không vào được nữa ak giúp em với ạ
chơi thì hay nhưng toàn gặp bọn bắn người chứ ko headshot nên chả vui tí nào,5,com.dts.freefireth,positive,vi,chơi thì hay nhưng toàn gặp bọn bắn người chứ không headshot nên chả vui tí nào,chơi thì hay nhưng toàn gặp bọn bắn người chứ không headshot nên chả vui_tí nào
game hay nhưng hơi hút máu =)))),5,com.dts.freefireth,positive,vi,game hay nhưng hơi hút máu,game hay nhưng hơi hút máu
rất tốt tất tuyệt vời,5,com.dts.freefireth,positive,vi,rất tốt tất tuyệt vời,rất tốt_tất tuyệt_vời
game hay và chijj,5,com.dts.freefireth,positive,vi,game hay và chijj,game hay và chijj
chs rât vui,5,com.dts.freefireth,positive,vi,chơi rât vui,chơi rât vui
rất là vui vàthú vị,5,com.dts.freefireth,positive,vi,rất là vui vàthú vị,rất là vui vàthú_vị
vì nó khá hay,5,com.dts.freefireth,positive,vi,vì nó khá hay,vì nó khá hay
game lo vãi do là lắc,5,com.dts.freefireth,positive,vi,game lo vãi do là lắc,game lo vãi do là lắc
geam không cho tải tử chiến với sinh tồn mong gaem sem lại tui chỉ cho nhiêu đó thoi. Tui trơi gaem này lau ròi nhưng trưa tháy tr hợp nay . Mà còn bị lỗi chơi k được sinh tồn và tử chiến mong làm lại,1,com.dts.freefireth,negative,vi,geam không cho tải tử chiến với sinh tồn mong gaem sem lại tui chỉ cho nhiêu đó thoi tui trơi gaem này lau ròi nhưng trưa tháy tr hợp nay mà còn bị lỗi chơi không được sinh tồn và tử chiến mong làm lại,geam không cho tải tử_chiến với sinh_tồn mong_gaem sem lại tui chỉ cho nhiêu đó thoi tui trơi gaem này lau_ròi nhưng trưa tháy tr_hợp nay mà_còn bị lỗi chơi không được sinh_tồn và tử_chiến_mong làm lại
gem toàn ghép với rát ngáo à,1,com.dts.freefireth,negative,vi,gem toàn ghép với rát ngáo à,gem toàn ghép với rát ngáo à
ff số 1,5,com.dts.freefireth,positive,vi,ff số 1,ff số 1
tôi đã chơi free fire đc 2 năm r cho nên nếu nói về AK rồng xanh thì ai cũng biết game chơi rất hay và mượt nhưng lâu lâu hơi lag mong garena chỉnh sửa lại ạ 🥰,5,com.dts.freefireth,positive,vi,tôi đã chơi free fire đc 2 năm rồi cho nên nếu nói về ak rồng xanh thì ai cũng biết game chơi rất hay và mượt nhưng lâu lâu hơi lag mong garena chỉnh sửa lại ạ,tôi đã chơi free fire đc 2 năm rồi cho_nên nếu nói về ak rồng_xanh thì ai cũng biết game chơi rất hay và mượt nhưng lâu_lâu hơi lag mong garena_chỉnh_sửa lại ạ
game ghép cặc,1,com.dts.freefireth,negative,vi,game ghép cặc,game ghép cặc
chê:)),1,com.dts.freefireth,negative,vi,chê,chê
game trẻ trâu,1,com.dts.freefireth,negative,vi,game trẻ trâu,game trẻ trâu
giải trí,5,com.dts.freefireth,positive,vi,giải trí,giải_trí
game vui giải Trí,5,com.dts.freefireth,positive,vi,game vui giải trí,game vui giải_trí
game này vui lắm ước được anh gà cho kim cương,5,com.dts.freefireth,positive,vi,game này vui lắm ước được anh gà cho kim cương,game này vui lắm_ước được anh gà cho kim_cương
"rất hay ""10 điểm luôn""",5,com.dts.freefireth,positive,vi,rất hay 10 điểm luôn,rất hay 10 điểm luôn
vừa hay vừa có thể chơi được cùng nhau vui nha,5,com.dts.freefireth,positive,vi,vừa hay vừa có thể chơi được cùng nhau vui nha,vừa hay vừa có_thể chơi được cùng nhau vui_nha
hơi nhieu hach,5,com.dts.freefireth,positive,vi,hơi nhieu hach,hơi nhieu hach
Rât hây nhuwlac,5,com.dts.freefireth,positive,vi,rât hây nhuwlac,rât hây nhuwlac
cấm chat thì chịu,3,com.dts.freefireth,neutral,vi,cấm chat thì chịu,cấm chat thì chịu
Ko trình vậy thôi 😥,1,com.dts.freefireth,negative,vi,không trình vậy thôi,không trình vậy thôi
game rác toàn ghép cho bọn tật não,1,com.dts.freefireth,negative,vi,game rác toàn ghép cho bọn tật não,game rác toàn ghép cho bọn tật não
"Free Fire seems to be looking down on its players! Why does it feel like, during matches, the enemies are actually controlled by the developers' machines fighting against real players? If that's the case, then it doesn’t seem right for Free Fire. Good luck.",5,com.dts.freefireth,positive,vi,free fire seems to be looking down on its players why does it feel like during matches the enemies are actually controlled by the developers machines fighting against real players if that s the case then it doesn t seem right for free fire good luck,free fire seems to be looking down on its players why does it feel like during matches the enemies are actually controlled by the developers machines fighting against real players if that s the_case then it doesn t seem right for free fire good luck
chơi vui có nhiều phần thưởng,5,com.dts.freefireth,positive,vi,chơi vui có nhiều phần thưởng,chơi vui có nhiều phần thưởng
k vô dc cứ kêu lỗi kết nối mạng k thể đăng nhập,1,com.dts.freefireth,negative,vi,không vô được cứ kêu lỗi kết nối mạng không thể đăng nhập,không vô được cứ kêu lỗi kết_nối mạng không_thể đăng_nhập
cảm ơn gì đã lấy lại acc cho tui,5,com.dts.freefireth,positive,vi,cảm ơn gì đã lấy lại tài khoản cho tui,cảm_ơn gì đã lấy lại tài_khoản cho tui
không vào trận đượ làm mất uy tính tôi sẽ xóa game đồng thời cho mọi người khác biết mà đánh giá 1 sao,1,com.dts.freefireth,negative,vi,không vào trận đượ làm mất uy tính tôi sẽ xóa game đồng thời cho mọi người khác biết mà đánh giá 1 sao,không vào trận đượ làm mất uy_tính tôi sẽ xóa game đồng_thời cho mọi người khác biết mà đánh_giá 1 sao
Hay Garena tuyệt vời nhất,5,com.dts.freefireth,positive,vi,hay garena tuyệt vời nhất,hay garena tuyệt_vời nhất
hay nhưng mà ko hay bằng xưa nx rồi 😮‍💨,5,com.dts.freefireth,positive,vi,hay nhưng mà không hay bằng xưa nx rồi,hay nhưng_mà không hay bằng xưa nx rồi
game rác tắt tự động tải rồi vẫn tải cho= được rác thì mãi là rác,1,com.dts.freefireth,negative,vi,game rác tắt tự động tải rồi vẫn tải cho được rác thì mãi là rác,game rác tắt tự_động tải rồi vẫn tải cho được rác thì mãi là rác
anh gà ơi thoát game có bj trừ ủy tín ko,5,com.dts.freefireth,positive,vi,anh gà ơi thoát game có bj trừ ủy tín không,anh gà ơi thoát game có bj_trừ ủy_tín không
Đỉnh đồ hoạ đẹp xỉu,5,com.dts.freefireth,positive,vi,đỉnh đồ hoạ đẹp xỉu,đỉnh đồ họa đẹp xỉu
choi rat vui,5,com.dts.freefireth,positive,vi,choi rat vui,choi rat vui
lỗi bản đồ đồ đảo quân sự không tải được map,2,com.dts.freefireth,negative,vi,lỗi bản đồ đồ đảo quân sự không tải được map,lỗi bản_đồ đồ_đảo quân_sự không tải được map
game lỗi quá súng dame to bán ảo quá 🥲(ý kiến riêng kệ me bọn m to6),1,com.dts.freefireth,negative,vi,game lỗi quá súng dame to bán ảo quá ý kiến riêng kệ me bọn m to6,game lỗi quá súng dame to bán_ảo quá ý_kiến riêng kệ me bọn m to6
ghép trận ngu,1,com.dts.freefireth,negative,vi,ghép trận ngu,ghép trận ngu
tôi thấy hơi lag,5,com.dts.freefireth,positive,vi,tôi thấy hơi lag,tôi thấy hơi lag
game ngu nhất t từng biết,1,com.dts.freefireth,negative,vi,game ngu nhất t từng biết,game ngu nhất t từng biết
rất là phê,5,com.dts.freefireth,positive,vi,rất là phê,rất là phê
game như cak mẹ mua nạp đống zô vẫn đ đủ,1,com.dts.freefireth,negative,vi,game như cak mẹ mua nạp đống zô vẫn đ đủ,game như cak mẹ mua nạp đống zô vẫn đ đủ
game óc ko hack cũng ban chịu game óc,1,com.dts.freefireth,negative,vi,game óc không hack cũng ban chịu game óc,game_óc không hack cũng ban chịu game_óc
gem phải có trình hehe,5,com.dts.freefireth,positive,vi,gem phải có trình hehe,gem phải có trình hehe
anh gà ơi tại sao Em hack lại không ban. nhưng không hack lại ban ???😭,3,com.dts.freefireth,neutral,vi,anh gà ơi tại sao em hack lại không ban nhưng không hack lại ban,anh gà ơi tại_sao em hack lại không ban nhưng không hack lại ban
rác điên,5,com.dts.freefireth,positive,vi,rác điên,rác điên
chơi vui lên thử,5,com.dts.freefireth,positive,vi,chơi vui lên thử,chơi vui lên thử
chơi hay vãiiiii,5,com.dts.freefireth,positive,vi,chơi hay vãiiiii,chơi hay vãiiiii
free fire 5sao,5,com.dts.freefireth,positive,vi,free fire 5sao,free fire 5 sao
"hay,tuyệt",5,com.dts.freefireth,positive,vi,hay tuyệt,hay tuyệt
game rất hay và cũng là 1 phần tuổi thơ của tôi,5,com.dts.freefireth,positive,vi,game rất hay và cũng là 1 phần tuổi thơ của tôi,game rất hay và cũng là 1 phần tuổi_thơ của tôi
tôi muốn tải được,5,com.dts.freefireth,positive,vi,tôi muốn tải được,tôi muốn tải được
game nài rất hay,5,com.dts.freefireth,positive,vi,game nài rất hay,game nài rất hay
game như ** đang chơi cứ bị muỗi đốt với nóng máy,1,com.dts.freefireth,negative,vi,game như đang chơi cứ bị muỗi đốt với nóng máy,game như đang chơi cứ bị muỗi đốt với nóng máy
mọi khi thì vào được và hoàn toàn bình thường nhưng lại có lúc chẳng vào được và luôn là lỗi máy chủ,1,com.dts.freefireth,negative,vi,mọi khi thì vào được và hoàn toàn bình thường nhưng lại có lúc chẳng vào được và luôn là lỗi máy chủ,mọi khi thì vào được và hoàn_toàn bình_thường nhưng lại có lúc chẳng vào được và luôn là lỗi máy chủ
game chx làm j cx bị ban chịu tht,1,com.dts.freefireth,negative,vi,game chx làm j cũng bị ban chịu tht,game chx làm j cũng bị ban chịu tht
quá hay nhưng mà mạp kc nhiều là nghiện,5,com.dts.freefireth,positive,vi,quá hay nhưng mà mạp kc nhiều là nghiện,quá hay nhưng_mà mạp kc nhiều là nghiện
Free fire hay quá có nhiều sự kiện xịn sò nữa,5,com.dts.freefireth,positive,vi,free fire hay quá có nhiều sự kiện xịn sò nữa,free fire hay quá có nhiều sự_kiện xịn_sò nữa
game kó wá ming gà phát hằng dảm độ kó nại 👉👈😊🙈🙈🙈🙈👍👍👍👍👍👍👍👍👍👍👍👍👍👍👍👍👾👾👾👾👾👾👾👾👾👾👾👾👾👾👾😘😘😘😘😘😘😘😘😘😘😘😘😘😘🗿🥀🥀🥀🥀🥀🥀🥀🥀🥀🥀,4,com.dts.freefireth,positive,vi,game kó wá ming gà phát hằng dảm độ kó nại,game kó wá ming gà phát hằng dảm_độ kó_nại
game quá hay xứng đáng 10 điển,5,com.dts.freefireth,positive,vi,game quá hay xứng đáng 10 điển,game quá hay xứng_đáng 10 điển
không hiểu anh gà ghép kiểu gì mà huyền thoại đồng đội bắn như rank vàng trận nào hầu như cũng gặp,1,com.dts.freefireth,negative,vi,không hiểu anh gà ghép kiểu gì mà huyền thoại đồng đội bắn như rank vàng trận nào hầu như cũng gặp,không hiểu anh gà ghép kiểu gì mà huyền_thoại đồng_đội bắn như rank vàng trận nào hầu_như cũng gặp
nó do nac may,5,com.dts.freefireth,positive,vi,nó do nac may,nó do nac may
rubish,1,com.dts.freefireth,negative,vi,rubish,rubish
bắn thì cho roàn rem ngu,1,com.dts.freefireth,negative,vi,bắn thì cho roàn rem ngu,bắn thì cho roàn rem ngu
game hay nhưng toàn trẻ trâu với lại đồng nội không ra kiếu cứ nào vào bắng địch game toàn mấy thằng thích thể hiện đã gà r cứ thể hiện,2,com.dts.freefireth,negative,vi,game hay nhưng toàn trẻ trâu với lại đồng nội không ra kiếu cứ nào vào bắng địch game toàn mấy thằng thích thể hiện đã gà rồi cứ thể hiện,game hay nhưng toàn trẻ trâu với_lại đồng_nội không ra kiếu cứ nào vào bắng địch game toàn mấy thằng thích thể_hiện đã gà rồi cứ thể_hiện
mọe hay vaz,5,com.dts.freefireth,positive,vi,mọe hay vaz,mọe hay vaz
