content,score,app_source
Rất đáng để tải,5,com.shopee.vn
Đặt hàng về tới kho gần nhà rồi mà không thấy đi giao. Khiếu nại thì nói chờ 24h từ ngày này qua ngày khác. Kêu nhân viên hỗ trợ thì kêu bận không rảnh tiếp khách hàng rồi cho con Ai shopee nhắn không giải quyết được vấn đề. Nói chung là app tệ hơn cả chữ tệ. Khắc phục giùm đi người ta đặt trả tiền mà cứ như cho không thích thì giao không thích thì để đó không thèm giao cho ngta.,1,com.shopee.vn
"Trải nghiệm tệ đơn bị shop hủy và shopee giải quyết ko thoả đáng, cskh cũng không giải quyết được vấn đề mà còn bắt khách hàng đợi phản hồi lâu, đã cảm thông và không đánh giá kém cho nhân viên cskh nhưng hôm nay phải đánh giá lại vì trải nghiệm tệ cực",1,com.shopee.vn
tại sao tôi tải Shopee về để mua sắm mà lại ko đặt hàng uk tôi ko tại sao lại hiểu xứng đáng 1 sao,1,com.shopee.vn
tốt ạ,5,com.shopee.vn
hay,5,com.shopee.vn
sài ok không dung lượng nặng và ít quảng cáo.,5,com.shopee.vn
ok,5,com.shopee.vn
tuyệt vời,5,com.shopee.vn
minh rat hài lòng với shopee,5,com.shopee.vn
"riêng mình rất thích mua sắm trên shopee ! mọi thắc mắc ,đơn trả hàng rất nhanh chóng tiền hoàn về rất đúng ,rất uy tính ...",5,com.shopee.vn
"mình thấy giao lâu, đăng nhập cg k đc, app cứ tự đẩy ra th, cho cái voocher mà dùng k đc chả hiểu luôn",1,com.shopee.vn
tốt,5,com.shopee.vn
tự nhiên khoá tài khoản,1,com.shopee.vn
tốt hơn mỗi dịch vụ khác,5,com.shopee.vn
"sdt, thông tin tôi cho đều đúng, hôm đầu gọi đc nhưng mấy hôm sau bảo ko gọi đc trong khi máy tôi ko có cuộc gọi nào, xong bị hủy đơn",1,com.shopee.vn
kém,1,com.shopee.vn
giao không đúng hẹn chả biết sao ngày nào luôn chịu,1,com.shopee.vn
Cập nhật ko được,1,com.shopee.vn
app như l,1,com.shopee.vn
tốt,4,com.shopee.vn
ok tốt,5,com.shopee.vn
càng ngày chất lượng càng tệ,1,com.shopee.vn
hàng mua rẻ uy tín giao hàng nhanh,5,com.shopee.vn
nhiều đơn hàng giá rẻ và miễn phí vận chuyển hãy cài đặt ngay để cùng săn nhiều đơn hàng giá rẻ nào,5,com.shopee.vn
tạm ổn,1,com.shopee.vn
"mua hàng của shopee rất đa dạng, rẻ và yên tâm.",4,com.shopee.vn
tối ngày cứ quảng cáo mệt hết cả người,1,com.shopee.vn
oke good job,5,com.shopee.vn
"đơn hàng trong kv tphcm shop cũng ở kv tphcm, mà dự kiến trong 3 ngày giao,đợi 3 ngày rồi không thấy đâu, tao đâu có cần cái voucher 15k của tụi mày, cái tao cần là đúng hẹn đúng giờ, lấy voucher 15k của tụi mày để đốt ăn hay gì, tao hủy luôn 6 đơn còn lại, tao xoá app luôn",1,com.shopee.vn
có giao hay không chứ đúng hẹn có là gì,1,com.shopee.vn
"giao hàng rất lâu, có đơn đặt trc 1 tuần tết mà sau tết mới giao, mã giảm giá shop tặng vì giao chậm ko dùng đc, sử dụng mấy số điện để đặt hàng thì cx ko dùng đc. Quá thất vọng",2,com.shopee.vn
tôi rất thích dùng theo mẫu,5,com.shopee.vn
đã đánh giá nhưng ko thấy cho xu kkkkk,4,com.shopee.vn
không tìm được điện thoại mini chỉ cho ba sao thôi chứ không phải cho 4 sao,4,com.shopee.vn
Shopee rất tiện lợi.,5,com.shopee.vn
sp ok tuy theo chủ xop,4,com.shopee.vn
ôk,4,com.shopee.vn
càng ngày ship càng chậm,3,com.shopee.vn
chán luôn,1,com.shopee.vn
Tuyệt vời,5,com.shopee.vn
"nhiều lúc bọn shipper tự ý trưa gọi nhận hàng đã cho đơn quay trả về, shipper nhiều lúc bố náo",5,com.shopee.vn
mua nhanh giá rẻ,5,com.shopee.vn
Tôi cảm thấy xài rất là tốt nhưng mà có một cái tôi không hài lòng đó chính là tôi không làm gì mà bị shopee cấm nhận xu live hết tôi mong shopee có thể Bồi thường cho tôi 3000 xu :(,4,com.shopee.vn
má cho vch người mới còn còn bị lỗi này lỗi kia nhất quyết k cho đặt mặc dù t tạo đúng 2 acc 2 sdt khác nhau,1,com.shopee.vn
khóa bừa,1,com.shopee.vn
ngày càng ra những chính sách vô lý. k tôn trọng lợi ích của khách hàng. RẤT TỆ,1,com.shopee.vn
tốt,5,com.shopee.vn
ok,5,com.shopee.vn
s ẽ không . .,1,com.shopee.vn
đánh giá 5 sao,5,com.shopee.vn
ok,5,com.shopee.vn
Ok.thêm một sao nữa là 06 nhé.thêm môt sao nữa là 07.,5,com.shopee.vn
ok,5,com.shopee.vn
tốt,5,com.shopee.vn
giao hàng nhanh,5,com.shopee.vn
"không chịu giao hàng, đặt 10 đơn thì bị hủy hết 10 đơn không lý do, khiếu nại thì bảo giải quyết nhưng cũng không giải quyết, shipper thì chứng nào tật đó, giao hàng không điện, giao cho nhà người khác, bôn điện một cuộc là chết hay gì?",1,com.shopee.vn
sao tìm kiếm shop mall mà ra toàn shop yêu thích ?,1,com.shopee.vn
tôi đặt 2 đơn mà toàn tự hoàn trả hàng mà ko chịu giao cho tôi,2,com.shopee.vn
rẻ hơn tiktok,5,com.shopee.vn
giao hàng chậm..không cập nhật đơn hàng,1,com.shopee.vn
Good Shopee,5,com.shopee.vn
"Tệ,đvvc làm ăn như gì v cầm nhầm đơn t sáng kq khác trong khi mấy lần trước giao rất bth giờ thì cầm nhầm xong còn bảo t ghi địa chỉ sai nữa",1,com.shopee.vn
vui,5,com.shopee.vn
"phương thức hoàn hàng rút đi còn 2 cái, bắt phải liên kết với tknh nhưng đến lúc ngta liên kết thì báo lỗi liên tục không cho liên kết",1,com.shopee.vn
ok,5,com.shopee.vn
ĐVVC shoppe và người bán cấu kết nhau lừa tiền khách hàng . đặt đơn này giao thiếu mà tráo hàng khách nữa . giờ không hoàn tiền người bán gửi hàng trở về trong khi lỗi của bên đó . tui đặt chai tím chứ có đặt quà tặng mà không đúng đó đâu . làm ăn lừa đảo,1,com.shopee.vn
hàng chất lượng tốt bền đẹp,5,com.shopee.vn
tự nhiên khóa nich và sdt,1,com.shopee.vn
"có nhiều cái hay , hay mở mấy đợt sale sốc á",5,com.shopee.vn
ok rất tốt,5,com.shopee.vn
sản phẩm chất lượng tốt như shop quảng cáo,5,com.shopee.vn
tot,5,com.shopee.vn
quảng cáo cc,1,com.shopee.vn
rất nhiều tiệm ích,5,com.shopee.vn
"đang lướt phở bò hoặc tiktok, không làm gì, không đụng chạm tới app shoppe, mà nó cũng tự bật lên ứng dụng shoppe, gây khó chịu. app tự chạy ngầm 1,3gb ram ?? Chơi games cũng bị, giờ mỗi lần mua đồ trên shoppe xong lại phải xóa app, nào muốn mua thì tải lại rồi lại xóa ?? chứ còn cách nào nữa đâu app Shoppe gây khó chịu cho người dùng mong nhà phát triển xem xét điều chỉnh lại",1,com.shopee.vn
lâu cx đc mấy đơn 0₫ cx đc á,5,com.shopee.vn
shop này lừa đảo quá nói sỉ ba hộp cuối cùng có một hộp thôi cho một sao thôi,1,com.shopee.vn
giá rât re và thât tuyet voi nhung mua nhieu thi lai tang gia thui và đa lay hang rui ma con bi huy nua,5,com.shopee.vn
ứng dụng tiện lợi tốt,5,com.shopee.vn
tốt,5,com.shopee.vn
quảng cáo quá nhiều,3,com.shopee.vn
sử dụng sdt vẫn thế mà bảo rằng không thể vào được là sao vậy??,1,com.shopee.vn
nhìn rất xinh,5,com.shopee.vn
ok,5,com.shopee.vn
"nó giúp tôi mua đồ,có vocher và rẻ hơn bên ngoài",5,com.shopee.vn
Mua hàng ở tin áp cũng được,4,com.shopee.vn
tốt,5,com.shopee.vn
mua hàng online ngon,5,com.shopee.vn
có những lúc bị lag và đơ,4,com.shopee.vn
giáo hàng nhanh rẻ,5,com.shopee.vn
rất tốt,5,com.shopee.vn
5 sao,5,com.shopee.vn
giá rẻ. mua trả thuận tiện,5,com.shopee.vn
cũng được,3,com.shopee.vn
shoppe luôn luôn tốt,5,com.shopee.vn
Shopee hiện nay làm việc chỉnh chu và rất nghiêm túc cho nên cách phục vụ tốt lên nhiều . Rất hài lòng với trang TMĐT của shopee . Chúc cho SHOPEE luôn cải thiện và ngày càng phát triển mạnh . Rât cám ơn .,5,com.shopee.vn
"ok , giao hơi lâu , nhưng uy tín đấy 🙂‍↔️",5,com.shopee.vn
"yêu cầu trả hàng, shipper thì không vào lấy hàng, yêu cầu 2 lần cũng như không, khiếu nại với nhận viên thì cũng chả được tích sự gì. đúng là bọn phế vật, ra tính năng trả hàng chắc chỉ để chưng với ngầu, tăng uy tín ngu. đúng là bọn bịp",1,com.shopee.vn
tuyệt vời,5,com.shopee.vn
OK,5,com.shopee.vn
tốt,5,com.shopee.vn
"app thân thiện với người dùng, cần quy định các nhà bán hàng phải đăng đúng sản phẩm, nhiều gian hàng đang QC gây hiểu lằm và sai sản phẩm. cần khóa gian hàng người bán hàng lừa đảo.",4,com.shopee.vn
thông báo mất dạy,1,com.shopee.vn
app toàn bán điêu,1,com.shopee.vn
Giao hàng quá kém bắt khách hàng đợi lâu hơn dự kiến mấy ngày vẫn hẹn . hẹn ngày hẹn lượt. không có uy tính. hẹn tới hẹn lui chẳng thấy hàng đâu.,1,com.shopee.vn
"khá là ok, giảm giá quá ngon",5,com.shopee.vn
tốt,5,com.shopee.vn
tệ,1,com.shopee.vn
đơn về kho mấy hôm mà không thấy giao,1,com.shopee.vn
tôi thấy khá OK vận chuyển hơi lâu nhưng với nông thôn thì không có gì đòi hỏi. nói chung vậy khá hài lòng rồi,4,com.shopee.vn
Mua hàng đổi trả được không mất phí ship,5,com.shopee.vn
ưu,3,com.shopee.vn
tệ,1,com.shopee.vn
ít voucher 0đ,5,com.shopee.vn
trả tiền cho shipper shipper không đưa hàng,1,com.shopee.vn
☆☆☆☆☆,5,com.shopee.vn
OK,5,com.shopee.vn
mua dễ dàng,5,com.shopee.vn
hơn 5 sao,5,com.shopee.vn
ok,5,com.shopee.vn
"Hiện tại Shopee thay đổi chính sách, Khi hoàn hàng, Shopee không có hình thức đến lấy hàng tại nhà, mà chỉ có MANG ĐẾN BƯU CỤC, và TỰ SẮP XẾP, cho dù đơn đó hàng có lỗi hay không. Như vậy Shopee đang ""ép"" người dùng không cho trả hàng. Sẽ chuyển sang Tiktok mua hàng",1,com.shopee.vn
tiện dụng,5,com.shopee.vn
cũng cũng đôi khi hàng ko tới như đã hẹn nhưng vẫn tốt hơn ko tới và hàng đôi khi ko như trong hình ảnh nhưng tạm chấp nhận đc,3,com.shopee.vn
"Ngâm đơn hàng rất rất lâu, có hối cũng không giải quyết cho khách hàng",1,com.shopee.vn
"nhanh, tiện lợi, cơ bản gì cũng có đầy đủ theo nhu cầu",5,com.shopee.vn
"đặt hàng mà chỉ thấy hàng hoàn về người gửi. mấy đơn liền rồi.ngày giao hàng thì ko chính xác.tự ý hủy đơn của người mua luôn.lần đầu mua đc giảm 80k mà ko thấy giao,hoàn về người gửi phí mấy quyền lợi lần đầu mua luôn.",1,com.shopee.vn
Rất tiện lợi,5,com.shopee.vn
không cho dùng voucher,1,com.shopee.vn
"đvvc spx để đơn tại kho quá lâu, không tiến hành giao cho khách, bị quá nhiều lần",1,com.shopee.vn
"ngồi đợi 2 đơn mãi không thấy giao, vào xem thông báo thì thấy bị hủy, hỏi thì toàn trả lời đại khái ""giao không thành công nên hủy"". 1 đơn không nói, này 2 đơn.",1,com.shopee.vn
nhiều đồ chơi đẹp,5,com.shopee.vn
"đơn hàng tự hủy dù là lỗi shipper 😡😡😡😡👏😡😡😡, có gọi nhưng lại nói là nhờ tôi đi tới chổ ổng đang giao vì ko bt đường , đi ko đc nói mai giao thì cúp máy rồi hủy hàng tôi . Riết ko bt shipper hay ông nội ng ta nữa . Báo cáo app thì ko trả lại hàng tôi đc , hàng đã đợi mà ko giao , uổng công mua 😡😡😡😡😡 . App🫷🫷🫷🫷🫷🫷tệ , chê . Shipper tệ x10",1,com.shopee.vn
ok.okokokok,5,com.shopee.vn
xóa quảng cáo,1,com.shopee.vn
ko thấy đánh giá shopeer chưa kể đơn sao mà toàn mùi nc đái ấy phiền chỗ của ghệ hơn nhà quan chết chủ,1,com.shopee.vn
ứng dụng để biết tín nhắn cũng rất hay hơn mỗi ngày qua các xếp hình chúc Tết góp mặc để thật sự hay hơn để biết đến hong để phiền não đàm tiếu ngạo mạn mắt tình cảm quý mến khàch hàng khó nghe thấy vậy nhé.🤩😍😍😊🤨. bớt nhậu nhẹt bia rượu .,2,com.shopee.vn
đồ trên Shopee rẻ còn giao hàng tận nhà,5,com.shopee.vn
Shoppee vô đối,5,com.shopee.vn
"Đầu voi đuôi chuột,lừa dối khách hàng, đáng giá 1/2 sao 👇👇mọi người hãy tẩy chay",1,com.shopee.vn
ok,5,com.shopee.vn
Trải nghiệm mua hàng cực kì tệ hại sàn k bảo vệ quyền lợi người mua yêu cầu hoàn hàng rắc rối bắt bẻ gây khó khăn. Không hỗ trợ khách hàng khi sản phẩm bị lỗi không sử dụng được. Shop bênh vực người bán bất chấp dù mua ở shope mail nhưng vẫn nhận dc hàng giả hàng nhái khi yêu cầu hoàn hàng thì lại bị hủy khiếu nại. Thái độ của nhân viên CSKH rất trịch thượng yêu cầu shop xem xét lại. H nên mua qua tiktok shop ít nhất quyền lợi người mua được đảm bảo,1,com.shopee.vn
"cho khách hàng mã giảm mà dùng thì k cho dùng,xg bỏ mã giảm lẫn free ship vẫn k cho đặt ,xóa ứng dụng lun đi",1,com.shopee.vn
"làm cái gì cũng pop up ở đâu cũng pop up, pop up nhiều lỗi luôn app game đang chơi cay vc, chẳng lẽ gỡ luôn cái app",1,com.shopee.vn
hàng hóa thì ko nói j nhưng quảng cáo thì vừa phải thôi chứ để cái nút ấn bộ thiếu ng truy cập lắm hay gì mà kì v spam liên tục mà ấn thì kbh vô chán lắm r đấy ?????????,1,com.shopee.vn
"chính sách 15 ngày đổi chả hoàn hàng shopee, chỉ là cái nói rối, tôi mua hàng không cho đồng kiểm bắt thanh toán mới được kiểm tra hàng và chất lượng hàng, tôi kiểm tra hàng xong thấy chất lượng hàng quá kém lỏng lẻo, tôi đã yêu cầu chả hàng ngay hôm đó, giờ lấy được tiền tôi rồi ko cho chả hàng lỗi hàng kém chất lượng, , bên bán chỉ bọc 2 miếng bìa cát tông, shopee từ chối chả hàng với lý do, phải còn nguyên seal nguyên kiện, không cho tôi kiểm tra thì mua về để đó không được đụng vào hả,",1,com.shopee.vn
"giao hàng lâu phải ấn hỗ trợ mới bắt đầu giao , không bằng bên tiktok hàng về từ sáng là giao luôn, app giao hàng đời đầu mà kém quá",1,com.shopee.vn
app rất tốt!,1,com.shopee.vn
rất uy tín,5,com.shopee.vn
"shiper làm ăn chán, lấy hàng thì không lấy, giao thì chậm trễ. Shop đã đóng hàng để đợi ship lấy mà không tới lấy đã đành còn dám để lý do shop không giao hàng cho shiper. Làm mấy ngày như vậy dẫn đến đơn bị hủy làm trễ nãi công việc. Bên xxx giao nhanh mà shiper còn tốt hơn. Rất là chán",1,com.shopee.vn
phải tải đi mới,5,com.shopee.vn
mẹ gắn link gắp tg intenet m sập mẹ đi,1,com.shopee.vn
Quảng cáo trên các nền tảng khác quá nhiều khiến người dùng rất phiền.Tại hiệu ứng dấu X giả để lừa người dùng ấn vào và chuyển thẳng vào ứng dụng RẤT PHIỀN TOÁI.Hi vọng xem lại.Đánh giá 1 sao nhiều lên!,1,com.shopee.vn
app mua sắm mà t tin tưởng nhất🥰🥰,5,com.shopee.vn
mua sắm Shopee nhanh chóng và tiện lợi hơn. rất nhiều sản phẩm tùy chọn rất thích 👍,5,com.shopee.vn
đơn hàng nó bảo 4 ngày mà vào app thì nó 6 ngày đặt đơn hàng chán không thèm nói,1,com.shopee.vn
"quảng cáo quài, tải r mà cứ lằn nhằn",1,com.shopee.vn
hàng hoá đa dạng sản phẩm giá cả hợp lý hổ trợ khách hàng OK,5,com.shopee.vn
bố m xin phép đánh giá 1s con app rác rưởi này mới thử đặt đồ trên app mà đăng kí 2 số mà khoá tận 2 số luôn thề quả app rác rưởi nhất mà bố từng cài xin phép gỡ 1 lần và mãi mãi,1,com.shopee.vn
ok đếy nhưng nhiều lúc vô web gg mà thấy qc shopee cái là tự động mở luôn app hơi bực mik,4,com.shopee.vn
giao lâu quá,1,com.shopee.vn
tốt,5,com.shopee.vn
chán,1,com.shopee.vn
rất tiện lợi an toàn hài lòng,5,com.shopee.vn
"nên làm việc lại với đơn vị vận chuyển,t đặt 3 đơn,cả 3 đều mất hàng rồI bị hủy",1,com.shopee.vn
tự ý hủy hàng với lí do có hành vi giao dịch bất thường,2,com.shopee.vn
tốt,5,com.shopee.vn
kh nên tải mình nói thật,1,com.shopee.vn
"Shopee gọi 1 số, shopee food gọi 1 số khác, tài xế gọi số bị mất sóng, tự hủy đơn, không thể liên lạc lại.",1,com.shopee.vn
ko xứng đáng,1,com.shopee.vn
ok,5,com.shopee.vn
tốt,5,com.shopee.vn
"quá tệ , đặt có mỗi 1 đơn thôi mà không thanh toán khi nhận hàng được cứ bắt thanh toán bằng thẻ nội địa NAPAS,vocher thì rõ nhiều mà chẳng có sử dụng được cái nào,tiền ship thì rõ đắt tận 32k mẹ nó khó chịu vcl",1,com.shopee.vn
rất hữu dụng,5,com.shopee.vn
"shoppe food mục săn deal là một mớ hỗn độn, phát điên thật sự. quán đóng cửa vẫn để trên đó mặc dù bị trừ tiền không được hoàn lại",1,com.shopee.vn
app dùng đc nhưng thất vọng về shipper ko gọi cho người nhận mà tự hủy 😡,1,com.shopee.vn
Mua đồ rẻ hơn. giao hàng nhanh. Chất lượng tốt,5,com.shopee.vn
không thích quảng cáo này,1,com.shopee.vn
"damn, quảng cáo giật mình",1,com.shopee.vn
good !,5,com.shopee.vn
quản cáo nhiều vl,1,com.shopee.vn
tốt,5,com.shopee.vn
khóa tk 1 cách c vô lý trong khi mới dky shopee vip khách dùng mã gg thì lại kêu lạm dụng mã rồi mua spvip để làm gì h coi như mất ko à điên cả ng vs cái hđ ăn cướp như vậy mà ko bị điều tra rồi phạt đi đặt nick nào khóa nick đấy xàm l lắm r dâyd,1,com.shopee.vn
tốt,5,com.shopee.vn
"app lừa đảo, mua hàng khóa nick không hoàn tiền, t sẽ gửi lên an ninh mạng",1,com.shopee.vn
quá tuyệt vờiiiii,5,com.shopee.vn
SpxExpress giờ ngày càng tệ,1,com.shopee.vn
bắt đảm bảo chi chi ná,1,com.shopee.vn
"yêu cầu shoppe thận trọg trog phần 'chọn phương thức thanh toán' của người mua, sao t k có tài khoản ngân hàng đâu mà k hủy đơn đc vì phải có tài khoản ngân hàng, r hủy kiêủ j má??? sao bt t k có r mà làm khó thế. báo t đợi đến đơn hàng đang giao r t ms đc 'yêu cầu hủy'. Tệ hơn thì k hủy đc luôn thì đừng trách t bom, mất luôn mã giảm mà chả đc j",2,com.shopee.vn
đặt hàng đc shop và tép giải lí rất hay và yên tâm,5,com.shopee.vn
oke nhiều lúc hơi ăn chặn,4,com.shopee.vn
rất tiên,4,com.shopee.vn
tạo tài khoản sdt shoppe không làm gì để đó giờ muốn mua hàng thì kêu là tài khoản sdt bị lỗi f02 đơn hàng ảo?? Gọi nvcskh thì họ kêu để xem xét lại làm việc khoảng gần 2 tiếng sau gửi thông báo vì tài khoản vi phạm tiêu chuẩn cộng đồng của shoppe nên khoá vĩnh viễn. Là sao hả shoppe nhiều ?? lắm á,1,com.shopee.vn
đang mua hành thì bị khoá tài khoản không hiểu lý do??,1,com.shopee.vn
nhiều khi sale giá hời lắm nên tải nha,5,com.shopee.vn
"tôi là người mới được cái phiếu giảm giá mà cấm tài khoản không cho tôi dùng phiếu, đã thế còn khoá tài khoản của tôi.",1,com.shopee.vn
rất tốt,5,com.shopee.vn
shop rất uy tín cho khách hàng đồng kiểm mong sop cải thiện nhiều hơn để bảo vệ quyền lợi của khách hàng tặng sop 5sao,5,com.shopee.vn
Tệ,1,com.shopee.vn
Sàn quét sản phẩm hàng giả hàng nhái rất vớ vẩn... Đầy đủ những quy định đăng bán thì chỉ có nhà sản xuất mới có...Bán tạp hoá thì moi làm sao được giấy kiểm nghiệm chứng nhận sản phẩm...Sản phẩm có hoá đơn giá trị gia tăng chứng mình nguồn gốc mà chỉnh sửa bổ sung thì không được vẫn cho là hàng giả hàng nhái,1,com.shopee.vn
giao hàng quá chậm hàng của tôi bị delay tận 2 tuần tại kho,1,com.shopee.vn
tự dưng k cho người ta đăng nhập bằng google mỗi lần bấm đăng nhập bị lỗi L01,1,com.shopee.vn
Hạn chế tự mở app khi người ta đang mở ứng dụng khác thì hay hơn,1,com.shopee.vn
Ok,4,com.shopee.vn
app làm ăn thấy chán hàng thì dự kiến mà ko thấy giao đâu app này nên vứt đi chứ ko nên sài làm ăn cẩu thả như nước đổ lá môn,1,com.shopee.vn
okok good good,5,com.shopee.vn
shopee dạo này tệ quá đặt toàn tự hủy đơn không giao,1,com.shopee.vn
tôi rất thích shoppe nhưng tại sao tôi đặc hàng mà vài tuần cũng chưa có người giao đến😢,3,com.shopee.vn
"dvvc khá chậm , giao hàng không chính xác",1,com.shopee.vn
tư huy hàng của ngk,1,com.shopee.vn
tốt 👍,5,com.shopee.vn
tôi có một đơn hàng chưa kịp nhận thì shopee đã tự hoàn về hoan về cho người bán nhưng khi hôm nay đã giao,1,com.shopee.vn
"lag quá, ko load đc luôn",1,com.shopee.vn
nhiều mã 0đ lắm aa,5,com.shopee.vn
ok,5,com.shopee.vn
đặt hàng liên tiếp mà đơn nào cũng tự hủy hết không nghe shippe gọi gì hết yêu cầu giao lại cũng không có giao làm việc chưa tốt,1,com.shopee.vn
"1 ngày chốt mấy đơn, mà nay hàng lỗi cả shop và shopee ko giải quyết, bắt khách chịu mất 139k",1,com.shopee.vn
đa dạng mặc hàng có cái giao hơi lâu,5,com.shopee.vn
"trời,đơn hàng của tôi về việt nam rồi vẫn bị trả lại kho xuất ở trung.bộ gửi về ko được hả?🙂tôi đang bức xúc về điều này",1,com.shopee.vn
không giải quyết được gì,1,com.shopee.vn
rất tốt,5,com.shopee.vn
Cho 1⭐ tại đặt toàn bị MO2,5,com.shopee.vn
tốt nhất hệ thóng chậm và vấn đề hoàn tiền kém,4,com.shopee.vn
"Làm ăn láo nháo lắm, từ shop bán hàng, đến nhân viên shopee và nhân viên vận chuyển.....",1,com.shopee.vn
hài lòng,5,com.shopee.vn
Làm ơn quản lý bên kho vận chuyển dùm cái. Bị lấy hàng xong giao thùng không 💢,2,com.shopee.vn
không có tiền mua cứ hiện lên quài,1,com.shopee.vn
"bán hàng khôg đúng như quảng cáo hay giao thiếu, khiếu nại shopee khog giải quyết thoả đáng giao hàng lâu cực kì",1,com.shopee.vn
"Trải nghiệm mua hàng rất rất tệ, app gì đặt xong toàn khóa tài khoản, hủy đơn vô lý",1,com.shopee.vn
sử dụng tốt,5,com.shopee.vn
ok mng,5,com.shopee.vn
ok,5,com.shopee.vn
nếu nhiều mã giảm giá hơn,5,com.shopee.vn
"Cần vay thử vào VayTotNhat nhận 5tr, dành cho ai kẹt lúc này. đvvc để tt ngày nhận hàng ko chính xác gì hết, trước khi đặt để ngày đảm bảo nhận hàng, đến khi đvvc lấy hàng thành công thì lại đổi thành ngày giao hàng dự kiến, shopee nên làm việc lại với đvvc về phần này nha, t ko cần voucher 15k gì đó, t cần giao hàng đúng hẹn",5,com.shopee.vn
không thanh toán khi nhận hàng được,3,com.shopee.vn
tốt,5,com.shopee.vn
ổn,3,com.shopee.vn
quá tệ,1,com.shopee.vn
UPDATE thêm thông báo nổi màn hình điện thoại ĐƠN HÀNG ĐANG VẬN CHUYỂN VÀ ĐƠN HÀNG ĐANG TRÊN ĐƯỜNG GIAO ĐẾN BẠN,3,com.shopee.vn
rất nhiều thứ đẹp,5,com.shopee.vn
"bắt thanh toán qua ứng dụng, không đặt được sảm phẩm",1,com.shopee.vn
giao hang rất nhanh và hàng tốt .nhưng sđt thì gi sai số .thông tin có đây đủ sđt và thông tin đúng gi toàn sai sđt,3,com.shopee.vn
"Shopee nên nâng cấp hệ thống thông báo , cảnh báo sắp đạt giới hạn để người dùng họ chủ động tự kiểm soát hành vi nhận xu khi xem livestream thay vì hệ thống chặn không cho nhận xu nữa. Hệ thống cứ báo "" Ghi nhận họat động bất thường"" không cho nhận xu thưởng sau khi xem live trong khi người dùng không biết mình đã lỗi ở phần nào, sai quy định ở phần nào để còn biết mà sửa. Ngoài ra cần có thông báo rõ ràng người dùng đã vi phạm lỗi nào và cách để hồi phục lại.",3,com.shopee.vn
má tao săn hàng 1k và tao thấy có mã freeship thì tao mới dùng dùng xong vừa đặt được cái nó khóa tài khoản vĩnh viễn luôn trong khi tao còn 8 9 đơn hàng đang trong quá trình đóng gói và còn xu chưa dùng hết mà nó khoá tài khoản của tao ??,1,com.shopee.vn
tự ý hủy đơn hàng đăng nhập thì toàn lỗi,1,com.shopee.vn
như quần què,1,com.shopee.vn
đặt 5 món đồ cứ bị hủy liên tục 1s nhé,1,com.shopee.vn
"shopee dạo gần đây hay trộm đồ vặt lắm. Hàng người ta trả về shop, nhưng không thấy trả về rồi tự hủy và im luôn, tiền hoàn trả chắc là bỏ túi luôn rồi",1,com.shopee.vn
không hài lòng,1,com.shopee.vn
quá vip,5,com.shopee.vn
kẻ bt dùng có lối đi riêng🤫,5,com.shopee.vn
tuyệt kỹ,5,com.shopee.vn
Trạm nhận hàng hay bưu cục nhận hàng cũng không có để nhận... shipper thì không chịu phối hợp giao hàng với khách... hẹn shipper thì nói là 15h - 15h30 nghĩ không giao nữa... chưa hết giờ hành chánh đã nghĩ... xin địa chỉ bưu cục hay trạm nhận hàng... thì shipper cũng nói nghĩ luôn... làm ăn kiểu này làm gì còn có khách hàng... làm mà muốn nghĩ không àk... dẹp luôn cho rồi....,1,com.shopee.vn
Mong shoppe sẽ có chức năng đặt giờ giao hàng để tôi có thể nhận được hàng mà ko phải hoàn đơn,3,com.shopee.vn
giảm nhiều,5,com.shopee.vn
tuyệt vời,5,com.shopee.vn
Toàn chỉ biết hủy đơn khoá acc của khách hàng,1,com.shopee.vn
đc đấy,5,com.shopee.vn
"Mua sắm tốt, giao hàng nhanh",5,com.shopee.vn
mua mà ko cho mua,1,com.shopee.vn
"Sau vài năm xài shoppe thì cũng ko hài lòng vì có những gian hàng bán hàng lỗi, mình toàn trả tiền cho shop hàng trăm đến hàng triệu nhưng khi hoàn lại rất lâu và mất thời gian kèm đó là ship rất lâu mới đến lấy hàng.",3,com.shopee.vn
"dịch vụ tốt cho 9/10 điểm, tôi thích dịch vụ này",5,com.shopee.vn
"quảng cáo ko tắt đc mà nhảy qua kênh đánh giá, quảng cáo shopee gây khó chịu, tự chuyển, ko cho thời gian tắt, nút tắt thì quá nhỏ cố ý để người xem bấm nhầm chuyển trang, lươn lẹo",1,com.shopee.vn
"Shopee luôn là ứng dụng 10* tuyệt đối trong lòng mình , mình sẽ luôn đồng hành và cảm ơn Shopee rất nhiều !!!",5,com.shopee.vn
rất tiện lợi,5,com.shopee.vn
shoppee không cho sửa ngày tháng năm sinh cho phù hợp với thực tế. Buộc phải xóa tài khoản. Gây ức chế và ấn tượng rất xấu của khách với shoppee,2,com.shopee.vn
đỉnh,5,com.shopee.vn
Shopee rất tuyệt vời,5,com.shopee.vn
trễ thời gian giao hàng quá lâu,1,com.shopee.vn
"app rất tệ, mục chát phân loại TẤT CẢ & ĐANG HOẠT ĐỘNG, chẳng có tác dụng gì, Thông báo chát ko kịp thời để người bán phản hồi, app rối như canh hẹ",1,com.shopee.vn
"tập trung về bắc ning, thì ngày dự kiến nên cộng 2 3 ngày để còn biết đường, toàn bị giao chậm.",1,com.shopee.vn
trả hàng 2 tuần ko ai lấy,4,com.shopee.vn
bán hàng rẻ lại đa dang đồ,5,com.shopee.vn
tệ,1,com.shopee.vn
shopee ko có trách nhiệm như cứ. t,1,com.shopee.vn
tốt,5,com.shopee.vn
"mẹ app như gì á , đang từ app khác cứ nhảy sang app này .",1,com.shopee.vn
ứng dụng dùng tốt,5,com.shopee.vn
"đặc hàng lúc nào giao cx đúng đơn (không lỗi, không sao hàng,...) tui thấy shopee ok lắm nha❤️❤️❤️",5,com.shopee.vn
app thì lag đơn thì chậm ship thì chán,1,com.shopee.vn
liên tục thay đổi ngày đảm bảo nhận hàng từ m3 đến hôm nay báo là m6 mới ship hạt trong khi nhà có 2 bé mèo đang đói,1,com.shopee.vn
ok,5,com.shopee.vn
"Thất vọng thật sự Đầu năm giao hàng bị thiếu ko dc hoàn về vì trả bằng tiền mặt, buồn Shopee thực sự, thiệt thòi cho những người thanh toán bằng tiền mặt ghê ko dc giải quyết 😡 shop loz ấy cũng chả thèm rep nữa điên vcl mới đầu năm thiệt chứ Ê cái clip ngắn hơi bị bịp nha ngồi treo vừa nghe vừa coi nửa tiếng mà zô check có 4 phút??",3,com.shopee.vn
tốt,5,com.shopee.vn
siêu tệ với trải nghiệm người dùng,1,com.shopee.vn
tự ý hoàn hàng đăt 10 đơn tự hoàn cả 10 RẤT CHÊ,1,com.shopee.vn
Tệ thật đấy mình có 1 cái tài khoản có nhiều mã giảm giá mà mình dùng mua liên tục thế mà bị ban luôn mà không chỉ ban 1 acc mình tạo thêm acc mới rồi shop lại ban tiếp chán luôn.,1,com.shopee.vn
OK cancel. 👍👍❤️,5,com.shopee.vn
trải nghiệm tệ khi spx giao hàng muộn,1,com.shopee.vn
"App có thể cập nhật khi truy cập vào là ở Trang chủ Home luôn được không, hiện tại cứ bấm vào là hiện trang Live&Video đầu tiên phải chuyển lại rất lag điện thoại luôn",1,com.shopee.vn
"TỆ Shopee khóa tài khoản xong gọi hỏi lý do thì nói không biết để cập nhật sau, sau đó hỏi thì nói là do vi phạm tiêu chuẩn cộng đồng ( hỏi thêm thì kêu bảo mật, chả hiểu bảo mật cái quái gì) , mà trước khi bị khóa là đang mua hàng chứ có làm cái gì khác đâu, rồi hỏi thêm cái khác thì kêu quay màn hình gửi rồi giải quyết, kết cục có giải quyết được đâu mắc công đi quay rồi mất thời gian chờ, thà nói ngay là không giải quyết được đi để XÓA APP.",1,com.shopee.vn
số 1 trong lòng tui,5,com.shopee.vn
Lỗi màn hình trắng load cực chậm,5,com.shopee.vn
thic,5,com.shopee.vn
áp lày tốt tiện lợi,5,com.shopee.vn
ko ap voucher thì mua đc mà ap voucher thì hàng lại tự động hủy xong rồi ghi là giao diện bất thường,1,com.shopee.vn
App bị j thì ae cứ bật im lặng ?,5,com.shopee.vn
rất ok,5,com.shopee.vn
"Thằng ngốc nào nghĩ ra tối kiến mở ứng dụng Shopee lên là vào ngay Shopee video xứng đáng bị cho nghỉ việc ngay và luôn, cải lùi tốn thời gian và dữ liệu đồng thời gây ức chế cho người dùng",1,com.shopee.vn
Shoppe bị điên rồi rồi đòi hỏi những thủ tục rờm rà vớ vẩn phí thời gian....,1,com.shopee.vn
shop tốt,1,com.shopee.vn
"Chỉ có vô VayTotNhat mới được 5tr vay về ngay, rất tuyệt. đvvc để tt ngày nhận hàng ko chính xác gì hết, trước khi đặt để ngày đảm bảo nhận hàng, đến khi đvvc lấy hàng thành công thì lại đổi thành ngày giao hàng dự kiến, shopee nên làm việc lại với đvvc về phần này nha, t ko cần voucher 15k gì đó, t cần giao hàng đúng hẹn",5,com.shopee.vn
tôi yêu shopee,5,com.shopee.vn
"giao hàng nhanh, giá tốt, nhiều mẫu mã",5,com.shopee.vn
tốt,5,com.shopee.vn
ok,5,com.shopee.vn
"cực kỳ tệ,mua áo mặc không vừa, đã thỏa thuận với bán hàng đồng ý trả lại hàng và hoàn tiền,shopper cho mã số để lấy hàng về, chờ quá ngày chả thấy NV nào đến lấy sau đó tự ý hủy đơn trả hàng mà chả thèm hỏi khách, nên tránh xa cái app này",1,com.shopee.vn
tốt,5,com.shopee.vn
thông báo hôm nay giao hàng mà từ sáng đến giờ có thấy ai giao đâu chịu tht,2,com.shopee.vn
ok,5,com.shopee.vn
tuyệt,5,com.shopee.vn
Quảng cáo lắm nên k thik,1,com.shopee.vn
"không xử lí đơn hàng cho khách hàng, chưa giao đã hoàn hàng",1,com.shopee.vn
lag lag đơ đơ không,1,com.shopee.vn
5 sao,5,com.shopee.vn
cs nhiều mã nhg lại ko đc sử dụng thấy vô lý vậy cho để làm j,4,com.shopee.vn
giao quá chậm ko đúng hẹn giục cũng không cải thiện,1,com.shopee.vn
bán hàng đắc không có nhiều mã giảm giá như tiktok,1,com.shopee.vn
1 trải nghiệm tốt,5,com.shopee.vn
Hài lòng. Very good,5,com.shopee.vn
"Đã từng yêu, từng kim cương,vàng, bạc nhưng giờ tôi từ bỏ: giao hàng quá chậm",1,com.shopee.vn
Xúc vật,1,com.shopee.vn
áp hay bị đơ mà bây giờ còn bắt buộc trả tiền trước mới giao hàng cứ mỗi lần đặc phải thao tác nào là số thẻ họ tên ngày phát hành thẻ rồi mã otp nội mà thao tác kiểu này nếu mua nhiều khỏi cần phải đi làm ăn gì luôn phí biết bao nhiêu thời gian của người ta,1,com.shopee.vn
đơ,1,com.shopee.vn
sao không mua được,5,com.shopee.vn
cung duoc do,4,com.shopee.vn
"đăng kí 1 năm gói shopee VIP, bị hủy ngang",1,com.shopee.vn
RẤT TỐT,5,com.shopee.vn
tốt,5,com.shopee.vn
kêu 4/3 giao mà sáng tới giờ là ngày cuối rồi vẫn thấy ở chỗ cũ,1,com.shopee.vn
rất tiện lợi,5,com.shopee.vn
QUÁ TỆ 🤬,1,com.shopee.vn
"shoppe và dvvc shoppe thì OK, đơn vị vận chuyển GHN hàng tới không giao cho khách mà báo về áp là không giao được cho khách",5,com.shopee.vn
tốt,5,com.shopee.vn
được cái j cũg có bán hết ❤‍🔥,5,com.shopee.vn
hay bị shop hủy đơn hàng trải nghiệm thấy tệ,1,com.shopee.vn
shopee giúp mình mua những đồ rẻ và nhiều đồ ăn ngonn...,5,com.shopee.vn
tin nhắn gửi 1 lần cả chục tin mà 5-10 phút gửi 1 lần,1,com.shopee.vn
cực tốt,5,com.shopee.vn
tốt,5,com.shopee.vn
quá ok,5,com.shopee.vn
"suốt ngày quảng cáo với cả quảng cáo , shipper chậm , thật tệ😡",1,com.shopee.vn
ô kê,5,com.shopee.vn
chưa đến thời kỳ gia hạn gói đã trừ tiền thâm ttis không khiếu nại đc,1,com.shopee.vn
Nếu đặc đúng shop bạn sẽ ko bị mất tiền chọn lựa sản phẩm cần kỹ lưỡng.trả hàng vẫn phải hoàng tiền cho ship,4,com.shopee.vn
đơn hàng nhanh có nhiều đồ bán,5,com.shopee.vn
"giao hàng lâu vl, hơn 11 ngày vẫn nằm mãi ở kho gần khu vực, bảo giao trong 12 tiếng mà giờ gần 2 tuần vẫn nằm đấy?",1,com.shopee.vn
Không giao hàng,1,com.shopee.vn
rõ ràng quay được vòng thưởng giảm 100k rồi cuối cùng không được giảm thì làm ra vòng quay để làm gì vậy,3,com.shopee.vn
shopee food lừa đảo,1,com.shopee.vn
mình thích shoppe vì phí giao hàng rẻ .. voucher được miễn ship,5,com.shopee.vn
"Không làm j cx bị khoá tài khoản,sang tiktok shop mua ok hơn,mã nào cx bị báo lỗi: không nên dùng",1,com.shopee.vn
hữu ích,5,com.shopee.vn
mình mong shopee cập nhật thêm nhiều tính năng như 1 hẹn ngày láy hàng 2 thêm một số cách thức để sát minh đơn hàng mong shoppee làm vì hôm nay có người mạo gianh láy mất đơn hàng của mình,4,com.shopee.vn
"chưa nhận được hàng thì đã hoàn về shop , mua trên tt còn nhanh hơn , chờ mấy ngày không 1 cuộc gọi mà đã hoàn về r , cái con Tép thì chả giúp ích gì , bảo đặt đơn khác trong khi đợi mấy ngày liền thì mình cũng ạ luôn , hết chỗ nói",1,com.shopee.vn
okj nhá,5,com.shopee.vn
plz phiếu giảm giá:)))),5,com.shopee.vn
"tuyệt vời toàn sale đc 0đ lại free ship , chứ không như lazada mua đc 0đ rồi tự nhiên hủy đơn",5,com.shopee.vn
tự ý hoàn đơn hàng không nhận được cuộc gọi nào từ shipper,1,com.shopee.vn
vui cho những đại gia,5,com.shopee.vn
load hơi chậm,3,com.shopee.vn
người ta đặt hàng rồi được 1 lúc lại hủy đi hết các đơn hàng của người ta dùng nhưl tốn thời gian người ta,1,com.shopee.vn
shopee number one!,5,com.shopee.vn
Sao khi phản ánh việc giao hàng trễ hơn 1 ngày thì nay Shopee đã khắc phục.giao hàng cực kỳ nhanh nữa.Tôi đồng thời cũng xóa đánh giá củ 3 sao rồi,5,com.shopee.vn
"mua nhiều là giao lộn hàng, khó trả hàng quá",5,com.shopee.vn
"có cái đơn giao 2 tuần vẫn ở yên ở kho, nhờ chủ shop hối nhắn thì bên kho bảo giao liền mà vẫn chưa nhận đc hàng",1,com.shopee.vn
"ok ,shopee rất uy tín và tiệm dụng",5,com.shopee.vn
hàng đẹp lắm mn lên tại app,5,com.shopee.vn
tôi cảm thấy rất hài lòng,5,com.shopee.vn
"Nó khóa người mua, chơi khó người bán. Tẩy chay nó đi. Nó làm giàu trên nước mình nhưng lại mang tiền về trung quốc.Như cak......",1,com.shopee.vn
ok,5,com.shopee.vn
"đặt hàng ko bao h giao ,ko 1 cuộc gọi hàng thì chx bao h thấy về",1,com.shopee.vn
Khỏi phải bàn,4,com.shopee.vn
"shopee làm ăn rất quy tính mình đặt rất nhiều đơn hàng nhưng có một hai đơn hàng bị lỗi hoạc thiếu mình đều gửi, hoàn trả lại được không phải mất phí, rất ok.",5,com.shopee.vn
eo oi đi đơn ta nói nó lâu kinh đặt từ trưa hôm qua đến gần tối hôm nay vẫn đg chờ lấy hàng,1,com.shopee.vn
"ĐVVC nhất là spx rất chán, cskh của sp cũng tệ nốt. Sáng để thời gian đã tới kho gần nhà là vậy nhưng không thấy gửi đơn giao, trưa lại thấy cập nhật vị trí đến kho của tỉnh khác là sao. Mặc dù đó giờ t đặt nhiều t hiểu tuyến giao r, gọi hỏi tổng đài shopee đơn t ở đâu thì nói y chang trên cái bảng hành trình, trong khi nó đang bị sai luôn. Gọi tổng đài spx thì 1k/1p mà treo máy k ai trả lời. Thề là bực điên muốn tẩy chai nhé. 1s vẫn chưa hết bực",1,com.shopee.vn
Rất OK ai chưa tải nên tải về mà dùng rất thuận tiện mua sắm,5,com.shopee.vn
"vô đâu cũng thấy quảng cáo của shopee , nút thoát không ấn được phiền",1,com.shopee.vn
giao hàng rất lâu ko thể chấp nhận:(???,3,com.shopee.vn
ổn áp không bị đào lửa,5,com.shopee.vn
rất tuyệt vời,5,com.shopee.vn
Mình thích và hay mua trên nền tảng này,5,com.shopee.vn
Tiện ích,4,com.shopee.vn
nice,5,com.shopee.vn
ok,5,com.shopee.vn
quên mật khẩu muốn đặt lại mật khẩu mà phải yêu cầu mật khẩu hiện tại?? clgt,1,com.shopee.vn
"hàng tốt chất lượng cao uy tính, mong khách hàng tin dùng",5,com.shopee.vn
ok,5,com.shopee.vn
"gần đây chất lượng nền tảng rất tệ, đơn liên tục bị hoàn trả mà không nhận được 1 cuộc gọi nào từ shipper, gọi khiếu nại lên tổng đài cskh xong bên cskh xử lý rất qua loa (bồi thường ít xu) xong chẳng khắc phục được vấn đề gì. trước đây app rất tốt nhưng càng ngày chất lượng càng đi xuống.",1,com.shopee.vn
ok,5,com.shopee.vn
ok,1,com.shopee.vn
nói là bán 4 tháng3-6 tháng 3 mà giờ tới 8 tháng 3,5,com.shopee.vn
giao hàng rất chậm,1,com.shopee.vn
"thay đổi địa chỉ nhận hàng từ đối diện sang kế bên rồi ko sài được voucher 100k luôn,bức xúc không làm được gì.",1,com.shopee.vn
Tốt về mọi mặt,5,com.shopee.vn
"rất ok, tiện lợi, nhiều ưu đãi...",5,com.shopee.vn
Mọe đặt hàng ko cho Phương thức thanh toán khi nhận hàng giá Sale mà éo đặt dc,1,com.shopee.vn
ứng dụng tốt,5,com.shopee.vn
tôi mua hàng mà ko giao nhưng shoppe lại thông báo đơn hàng đã đc giao nhưng chưa giao cho tôi,1,com.shopee.vn
w up Sa lên nào p về quản ở,4,com.shopee.vn
"tham gia game cho đã vô cuối cùng nói không nhận xu được??? Còn thêm bực, vào app kh được??? không làm được mình xóa app đi ạ? vào app thì không tương tác gì được??? khuyên không nên tải để app sập cmn đ. thử nhiều lần vẫn kh thể vào đc app",1,com.shopee.vn
giao hàng thì tự hủy không gọi điện không gì hết mất hết hứng,1,com.shopee.vn
"app sài okelaa, lag nhma dịch vụ tạm được",5,com.shopee.vn
chờ rất lâu và ko cập nhật tình trạng đơn hàng đến tay khách hàng thì shipper nói chuyện ko tôn trọng khách hàng thực sự rất bực tức,1,com.shopee.vn
đơn hàng áp được voucher xong thì toàn bị hủy đơn khóa tk,1,com.shopee.vn
"Hàng hóa đa dạng, giá rẻ, chất lượng. Shopee mãi đỉnh",5,com.shopee.vn
tốt,5,com.shopee.vn
xài ứng dụng tốt,5,com.shopee.vn
shopee quá ok,5,com.shopee.vn
OK,5,com.shopee.vn
rất ưng ý về sản phẩm,5,com.shopee.vn
"t mua phải hàng lỗi hàng hỏng, quay clip báo hỏng, 53 giây gửi nó k cho gửi nó bắt phải nhỏ hơn 60mb ?? r định lên đánh giá 1 sao cho shop đấy. Lấy clip kia cài vào luôn nhưng mà k được. Nó báo clip gửi lên k được quá 3 giây? như thế thì còn kiểm lỗi đánh giá kiểu gì?? ít nhiều thì cx k được quá 60s nghe còn chấp nhận được.",1,com.shopee.vn
mua hàng giá rẻ,5,com.shopee.vn
tốt,5,com.shopee.vn
ko mua đc hàng km mã km không dùng dc,1,com.shopee.vn
"Dịch vụ tệ, đơn về đến chỗ để giao rồi mà tận mấy hôm cũng không giao, mua đơn nào cũng thấy giao hàng chậm hơn hẹn. Vận chuyển tệ hơn cả sàn đen rồi",1,com.shopee.vn
hihi đe hay,5,com.shopee.vn
"giá rẻ hơn kênh khác , vận chuyển cũng rẻ , sẽ mua của shop dài dài",5,com.shopee.vn
"Thất vọng kinh khủng. Tại sao cơ chế hủy đơn lại để cho shipper quyết định. Hàng chờ cả tuần, xong lúc giao đúng lúc bận, mai giao lại thì tự ý hủy đơn. Djt cả lò mấy thằng shipper. Mà cũng từng có lúc shipper đ thèm gọi cơ. Bên quản lý vận chuyển kiểu gì vậy, chính sách shopee kiểu gì vậy. Ngu xuẩn.",1,com.shopee.vn
"hàng giao quá lâu, ngâm như ngâm rượi",1,com.shopee.vn
Đang khởi động lại ứng dụng Shopee mà chờ lâu để cho nó khởi động lại. Cái kiểu cái quáy gì vậy?! 😡🤬,1,com.shopee.vn
ootee,5,com.shopee.vn
"Có vay thì vào đúng trang VayTotNhat kiếm 5tr góp sau. Bị 3 đơn hàng về kho 3-4 tuần không giao rồi tự ý hủy đơn mà không hề có 1 cuộc gọi nào, dù khiếu nại cũng không tác dụng gì, giờ còn 1 đơn cuối đặt trc Tết 3 tuần đợi đến giờ chắc cũng cùng số phận, thu tiền VIP mà làm ăn quá mất dạy, 1 sao cũng không xứng đáng",5,com.shopee.vn
mịa mua cục pin thay mà cứ ko hình thúc giao hang qq gì ko,1,com.shopee.vn
"shopee chưa bao giờ khiến tôi hài lòng để đánh giá 5 sao, có quá nhiều lỗi bất cập, tôi làm affilate bằng rải link trên facebook được mấy đồng chưa kịp rút thì hủy mất của người ta mà không nói rõ lý do chính đáng. Sàn này quét vi phạm rất linh tinh, nếu tôi có vi phạm thì đã không bức xúc như này",1,com.shopee.vn
"tuyệt vời, mình rất thích",5,com.shopee.vn
shopee nên làm viêc lai voi shipbo lai di goi cho khach hang 1 cuôc goi xong tu hoan hang ve lam ăn vay mât khach hang het,2,com.shopee.vn
giao hàng quá lâu không có cải thiện dù khách đã phản ánh rất nhiều. giá cả thì cao hơn so với chất lượng hàng hóa. Làm ăn kiểu này thì chỉ có ngày chết sớm vì không kiểm soát được.,1,com.shopee.vn
quảng cáo,1,com.shopee.vn
tốt,5,com.shopee.vn
. .,5,com.shopee.vn
"hàng của shop gửi về rất ok,sẽ ủng hộ shop lâu dài",5,com.shopee.vn
Làm việc rất là an toàn và rất tốt khi mình được biết,5,com.shopee.vn
bực bội 😡,1,com.shopee.vn
"Dễ dàng tìm kiếm sản phẩm và mua hàng, vận chuyển nhanh, chi phí tiết kiệm, chính sách trả hàng hoàn tiền rất tốt, bảo vệ người tiêu dùng yên tâm khi mua sắm onl. có nhiều mã KM hot. rất ok",5,com.shopee.vn
"định mẹ chơi game toàn qangr cáo shoppe. rồi còn giấu bỏ giả, lúc thì nhỏ khó bấm. nó còn kêu phải vào shope mới bấm đc nút bỏ. hiện lên mấy quảng cáo shoper phiền vãi l",2,com.shopee.vn
hàng hóa giá cả không đúng với giá niêm yết,1,com.shopee.vn
"đa dạng sản phẩm,",5,com.shopee.vn
đăng nhập lại nãy j mà chưa đc cau v*,2,com.shopee.vn
ứng dụng shopee giúp tôi tiếc kiệm được rất nhiều thời gian và tiện lợi nhiều hơn khi mua hàng,5,com.shopee.vn
good,5,com.shopee.vn
"làm ăn vớ vẩn,",1,com.shopee.vn
quảng cáo ít thôi đcm,1,com.shopee.vn
đừng có mà doạ bố,1,com.shopee.vn
lỗi nhiều,3,com.shopee.vn
đổi về xác nhận mã otp cũ đi,1,com.shopee.vn
ok rất tận tình phục vụ mọi người ❤‍🔥,5,com.shopee.vn
"Trải nghiệm siêu tệ, lúc trước đặt hàng bình thường. Nhưng mà hôm nay dở chứng không cho đặt, bắt xác minh. Xác minh xong lại tự nhiên đăng nhập vào tài khoản khác. Bị gì vậy. Ý là không có mướn á. Làm tốn thời gian thu thập 29 nghìn xu. Rồi kết quả không sài được",1,com.shopee.vn
tốt,5,com.shopee.vn
xoá tk xong không vô đc cái nào nx,1,com.shopee.vn
đã đem lại cho tôi 1 trải nghiệm thật tuyệt vời,5,com.shopee.vn
tìm sản phẩm nhưng toàn đề xuất đồ không liên quan,1,com.shopee.vn
rất khó chịu cái mà ko cho đăng kí Google cứ kêu là đã đăng kí cáu j trước đó nhưng trong khi tao ko đăng kí cái j hết tao mới tải mà nó nói rứa thì tao xóa luôn,1,com.shopee.vn
qc lắm,1,com.shopee.vn
sướng đời,5,com.shopee.vn
dùng rất ok nhưng e đặt hàng k đc ạ,3,com.shopee.vn
"Đăng nhập bằng sdt xong yêu cầu xác minh bằng OTP, xác minh xong yêu cầu nhập mật khẩu. Khách hàng quên mật khẩu thì redirect đến trang khôi phục tài khoản. Dev quá tệ",1,com.shopee.vn
Sài thì ko cho đơn hàng giao rất lâu haizz mua còn ko dc,2,com.shopee.vn
ko đạt được hàng,1,com.shopee.vn
ứng dụng mang lại trải nghiệm tốt,5,com.shopee.vn
quá tệ người ta săn xu mà không cho nhận xu báo tài khoản vi phạm trong khi chỉ coi video săn xu bình thường có làm gì mà vi phạm,1,com.shopee.vn
"ship không gọi điện hay đến giao hàng gì cả mà đã tự hoàn về cho shop khi tôi chờ lâu.Không giao thì thôi nhé tôi khiếu nại chứ nhiêu ,có trả tiền ship đâu! Bị hoàn về trên 6 lần rồi nhé ,không cải thiện thì thôi nhé.hihihihi.Khiếu nại cũng như không nên khuyên là xóa nhá ,tệ thì thôi nhé,lm như có ngày bị sập.hihi",1,com.shopee.vn
rất ọk,5,com.shopee.vn
tất cả đều ok cho 5*****,5,com.shopee.vn
dùng nhanh nóng máy,3,com.shopee.vn
sắp đến giờ săn sale r mà còn load mạng thì đầy cọc khó chịu vl ra í,1,com.shopee.vn
"Quá lag trải nghiệm mua sắm sẽ tệ đi , cần sự tối giản và mượt mà hơn nâng cao trải nghiệm mua sắm , app tự mở lên quá bất tiện !",1,com.shopee.vn
phần shopee food không thể thực hiện đánh giá lại gây bất tiện cho khách hàng muốn feedback lại chi tiết hơn cho quán,1,com.shopee.vn
phiền,1,com.shopee.vn
cđ,3,com.shopee.vn
tôi bị dính quảng cáo của shoppe trên gg cay ác đang chơi thì quảng cáo tự hiện màng hình chính,1,com.shopee.vn
ơ tự nhiên lại bị cấm mua đồ thế,1,com.shopee.vn
dạo này shopee sử lý các đơn nhanh ok cảm ơn shopee,5,com.shopee.vn
ở trên shopee được cái xem được rõ đánh giá của người khác mua hàng cũng ok hơn,4,com.shopee.vn
được miễn phí vận chuyển quá tốt,5,com.shopee.vn
bình thường,3,com.shopee.vn
có thể mau hàng 0k,5,com.shopee.vn
rõ là tài khoản Google không đụng gì mà cứ khoá tài khoản xong tiền thì không cho rút,1,com.shopee.vn
ngon :),5,com.shopee.vn
tốt,5,com.shopee.vn
ê rảnh app oke giao hàng cx nhanh,5,com.shopee.vn
rất tệ đag mua đơn 0đ tự nhiên hết,1,com.shopee.vn
tệ,1,com.shopee.vn
giao đúng hàng,5,com.shopee.vn
Rất singma shop !!!,5,com.shopee.vn
thíc vcl,5,com.shopee.vn
mua hàng xg bị hoàn lại trg khi ko hề nhận đc cuộc gọi từ shipper? nt xin sự trợ giúp của Tép thì toàn là tn máy éo hiểu lm ăn kiểu j luôn,1,com.shopee.vn
Cũng tiện. Là nơi hội tụ nhiều shop không lành mạnh kèm sản phẩm giá trị thấp và cực thấp,3,com.shopee.vn
giao hàng chậm vcll,1,com.shopee.vn
ko đặt j tự nhiên bị giao một đống đồ,1,com.shopee.vn
mua sắm nhanh chóng,5,com.shopee.vn
mình thấy rất ok,5,com.shopee.vn
tôi muốn xóa tài khoản nhưng shopee không phản hồi,1,com.shopee.vn
... tiện lợi,5,com.shopee.vn
đặt đơn nào đơn đấy lúc nào về cũng muộn 😤,3,com.shopee.vn
cho mã 80k cho người mới nhưng đặt hàng áp mã lại không giao ko gọi hoàn hàng với lý do giao hàng thất bại lừa đảo,1,com.shopee.vn
mất khuyến mãi người mới ??,1,com.shopee.vn
"nhiều mã giảm giá, sàn trợ giá rất mạnh, mua được hàng rẻ, chất lượng tốt",5,com.shopee.vn
giao hàng quá châm,2,com.shopee.vn
"liên tục hủy đơn cả 20 đơn , tự ý hủy , lại cập nhật khách hàng từ chối nhận trong khi đơn vị vận chuyển không hề liên hệ, khiếu nại nhiều lần nhưng không hiệu quả",1,com.shopee.vn
chịu rồi đặt hàng bị hủy hết hết khóa cái này cái khác giờ lại hủy đơn hàng lớn lí do,1,com.lazada.android
"Mình bị lỗi CR01 trong khi chưa mua sản phẩm gì cũng như chưa vi phạm gì, mở được mấy hôm lại khóa, chat cskh vẫn gặp bot",1,com.lazada.android
áp lừa đảo . chưa nhận được tiền hoàn,1,com.lazada.android
app lừa đảo . hoàn tiền thì lâu,1,com.lazada.android
cũng được,3,com.lazada.android
"sẽ không bao giờ đặt hàng trong ứng dụng này nữa. đợi hàng thì lâu, shipper ko giao hàng lại để trạng thái người nhận từ chối nhận hàng. không có chức năng rõ ràng để khiếu nại, không có số điện thoại tổng đài để điện trực tiếp chỉ có thể thông qua con AI cleo. quá tệ",1,com.lazada.android
ko biet đăng nhập vào tài khoản ngân hàng dc ko,5,com.lazada.android
"Tài khoản kèm số đt bị dính lỗi UL00 vô lý, gọi cskh thì nói tk bị rủi ro nên tạm khoá, làm ăn rất vớ vẩn, tk ko có bất cứ giao dịch nào trong mấy tháng gần đây giờ báo bị rủi ro, dùng cái sàn Lỏ này mới đúng là rủi ro.",1,com.lazada.android
"Đặt hàng của shop mall trên lazada mà lazada tự hủy với lí do shop không giao hàng. Vậy mà vẫn là shop mall, vẫn đăng bán trên đó",1,com.lazada.android
"Đặt hàng của shop mall trên lazada mà lazada tự hủy với lí do shop không giao hàng. Vậy mà vẫn là shop mall, vẫn đăng bán trên đó",1,com.lazada.android
"mới tạo tk xog bị khóa là sao, xin 1 lời giải thích",1,com.lazada.android
Tiện ích. Thanks nhà phát triển!,5,com.lazada.android
"làm ăn chán, các shop k uy tín giao sai hàng",1,com.lazada.android
tốt nhx hơi bất tiện vì lần này xài lại phải có có chứng minh thư r phải nhập mã nữa. Bất tiện,4,com.lazada.android
"đồ rẻ, phí ship đắt",3,com.lazada.android
chính sách về hủy hàng của lazada khiến tao không muốn mua hàng trên lazada nữa,1,com.lazada.android
💯,5,com.lazada.android
"toàn đơn ảo, đặt hàng không có hàng về tay",1,com.lazada.android
ko nên trải ngiệm,1,com.lazada.android
dm quảng cáo cũng tải game,1,com.lazada.android
"Quá tệ tài khoản mới mua 1,2 đơn đã khoá voucher không cho dùng nữa. Gọi báo nhân viên thì nói lỗin CR01 không mở được quá tệ",1,com.lazada.android
"Sale 12/12 Tmall thì bị CR01 ,nhắn cho bên cskh thì trả lời chung chung không giải quyết được .😡😡😡😡😡😡😡😡 Đề nghị bên Lazada gỡ ngay CR01. Cskh chưa bao giờ giải quyết được vấn đề của khách hàng.Phản ánh từ 12/12/2025 đến hôm nay 26/12/2025 mới hết lỗi CR01. Tiếp tục lỗi cr01 từ 15/01/2026 đến 5/3/2026 dù không mua gì cả 🤬🤬🤬🤬🤬🤬 Nhân Viên hỗ trợ có cũng như không ,phản ánh thì chỉ có bảo là do hệ thống không giải quyết được !!!!",1,com.lazada.android
tệ hại,1,com.lazada.android
"ko hiểu sao lúc nào tạo tài khoản đều bị khoá, rất khó chịu",1,com.lazada.android
chịu rồi muốn mua hàng mà cứ lỗi áp mã voucher không đc liên hệ tư vấn viên giải quyết không được đợi mãi acc vẫn lỗi?? khó hiểu,1,com.lazada.android
"ứng dụng mua hàng internet tệ nhất từng thấy=)) khách đặt 1 đằng shop giao 1 nẻo. nhắn tin shop hỗ trỡ thì không nhắn lại 1 câu nào. nhắn cho lazada thì vấn đề ở video khui hàng? ok không video khui hằng thì nhìn cái ảnh shipper chụp hộ cái: đóng gói tệ hại, in bill thì lệch. trả hàng xong thì lại giao lại cho khách. trả tiền thì chẳng thấy đâu. nhắn tin thương lượng thì câm như hến. cskh tệ.",1,com.lazada.android
Hôm nay app bị lỗi hay sao mà chơi tưới cây đến lúc thu hoạch thì không được freeship! Lót dép chờ Lazada chỉnh sửa lại. Buồn.,3,com.lazada.android
Đang mua sắm bình thường tự nhiên bị lỗi CR01 mãi không fix được quá chán với cách vận hành của sàn cũng như hệ thống,1,com.lazada.android
tốt,5,com.lazada.android
tải áp về đảo bảo mọi ng ko săn đc vé theo ý muốn đâu (vs những ng muốn săn seo 0k) . 1 sao,1,com.lazada.android
voucher gà hơn shoppe nữa,1,com.lazada.android
tự nhiên đặt hàng xong shipper giao hàng rồi cái mấy bữa sau đơn hàng đã giao tự động bị hủy xong shipper đòi lại hàng rồi khi đưa hàng cho thì nói là hàng giả kia rồi chửi đập phá um sùm luôn đọc báo Công an bị công an không chịu xử lý luôn mấy ngày nay làm rùm beng cái nhà chịu...,1,com.lazada.android
"Đã báo nhiều lần hoàn tiền về tài khoản VIB , rồi tự ý hoàn tiền về Sacombank , mà tài khoản Sacombank đã bị khoá , làm việc thiếu trách nhiệm , coi thường khách hàng , giờ coi như tôi bị mất mấy trăm ngàn",1,com.lazada.android
không biết diễn tả thế nào đồ 0 đồng ship 195.780 ngàn ship giữ mắc dậy hả đồ 0 đồng,1,com.lazada.android
"bao nhiêu năm dùng , tin tưởng thậm trí thanh toán trước mà nay cho quả CR01, buồn",1,com.lazada.android
chất lượng quá tệ mua hàng bị lừa đảo mua hạt giống nhưng nhận hàng chỉ là mớ rẻ rách. nghĩ là giá trị thấp khi nhận hàng k kiểm tra ai mà ngờ là lừa đảo,1,com.lazada.android
ko giao hàng đúng hẹn nhưng lại ghi là đã giao lam,1,com.lazada.android
App mua sắm dở nhất từng thấy. Để không nửa năm trời mới vào mua được 1 đơn thì bị CR01 🙂 Hỏi CSKH cũng không biết tại sao và không giải quyết được,1,com.lazada.android
"cách đăng nhập quá nghiêm ngặc, kì lạ, không đăng nhập được",1,com.lazada.android
"Trang VayTotNhat kiếm 5tr ngay, duyệt trả dễ minh bạch tự nhiên vừa đăng ký cái bang. 8 năm nghỉ xài lzd giờ mò lại mail mới sdt mới k hiểu bang cái gì. App thì lỏ load lâu điên",5,com.lazada.android
Mua hàng bình thường ngày hôm sau bị OC01 không áp được voucher,1,com.lazada.android
"Mình thích mua hàng của Lazada , hàng đúng với hình ảnh, giá tốt , phí vận chuyển phải chăng . Có tín nhiệm ! Chúc Lazada tốt hơn nữa , 5* .",5,com.lazada.android
"bị lỗi ko nhận điểm , nhận điểm bị giới hạn , nhận điểm ít",2,com.lazada.android
"mua tai nghe Soundcore R50i NC của shop Lazamall mà đến khi bảo hành thì bên nhà bán hàng làm việc vô can, đổ trách nhiệm sang bên bảo hành. Bên bảo hành thì chậm chạp, cố ý ngâm hàng khách. Từ giờ mọi người mua hàng cần chú ý chế độ và chính sách bảo hành của hãng điện tử đó. nếu ko đến lúc lỗi , cần sửa chữa hoặc bảo hành sẽ rất bất lợi và ko nhận được sự trợ giúp phản hồi nhanh đâu",1,com.lazada.android
Ơ t tạo tk thì lm sao mà khoá nhỉ.nghỉ đê,1,com.lazada.android
"Vô đúng trang VayTotNhat được vay minh bạch miễn lãi, tới 9tr.",5,com.lazada.android
quá chán,1,com.lazada.android
dùng thử lazada 1 thời gian mới biết là Shopee mãi đỉnh,1,com.lazada.android
"tài khoản mình dùng rất lâu rồi mà bị CR01, rất tệ",1,com.lazada.android
Tốt,5,com.lazada.android
Rất tốt,5,com.lazada.android
cho 1 vì dám lừa đảo tao,1,com.lazada.android
"tôi không hiểu vì sao tài khoản của tôi lại bị CR01 và OC01 trải nghiệm thật sự rất tệ , đã từng mua hàng và rất thích lazada nhưng hôm nay thì xoá app cho rồi",1,com.lazada.android
"Chx đặt mua lần nào đã bị CR01, không hiểu 😅",1,com.lazada.android
Không thấy mã giảm giá 3/3,1,com.lazada.android
"khả năng quản lý đơn hàng kém. Kết hợp với J&T làm đơn vị vận chuyển cực kì vô trách nhiệm. shipper đùn đẩy việc giao không kịp cho khách thành khách yêu cầu chuyển ngày nhận hàng. Liên hệ chăm sóc khách hàng Lazada hỗ trợ thì nhận được AI trả lời toàn thông tin không liên quan, đến nhân viên chăm sóc khách hàng lại hẹn chờ 48 giờ làm việc (6 ngày - không kể thứ 7, cn, lễ) để phản hồi trạng thái cho một đơn hàng nội tỉnh. chán hết sức. TỆ",1,com.lazada.android
Không thể áp mã,1,com.lazada.android
"ông owiy h hy lộ , đến",4,com.lazada.android
"Good cần 5tr gõ VayTotNhat nhé, duyệt ngay.",5,com.lazada.android
"Quả sàn tmdt chán nhất, lâu lâu đặt vài đơn cũng bị dính CR01 gọi cskh yêu cầu hỗ trợ thì trả lời cho có",1,com.lazada.android
Khoá tk mà không cho biết lý do. nhắn tin mãi mới mở mà đặt được 1 đơn lại khoá. chán thuật toán gì đâu,1,com.lazada.android
"app mua sắm tệ nhất internet,toàn lấy qc bọn tq về r up lên quảng bá sp,toàn thuê các app internet khác ép cái qc rác rưởi của bọn nó vào,bực d chiu dc🫩",1,com.lazada.android
TỐT,5,com.lazada.android
đã 14 năm không mua của lazada vì shop trên sàn này bán hàng chất lượng kém. nay mua lại sản phẩm mà quá thất vọng. từ nay sẽ cạch không bao giờ động chạm đến mua trên lazada,1,com.lazada.android
"Chính sách CSKH nqq, đặt đơn từ 16.2 hẹn trễ nhất 2.3 giao, nay 3.3 hủy không được vì ""Đơn hàng có voucher khuyến mãi/giảm giá được áp dụng không cho phép hủy riêng lẻ và nên đã được hủy cùng nhau"", trong khi lúc đó đặt 3 shop, 1 shop đã giao, 2 shop ngâm đơn, hủy 1/2 đơn thì đơn còn lại vẫn ẩn nút hủy???? Quá tệ!",1,com.lazada.android
"mua bộ quần áo nam nhìn hình thì đẹp , gửi cái quần bò rộng thùng thình, áo của phủ nữ cư như cái dẻ lau nhà",1,com.lazada.android
bắt điền căn cước công dân để xác minh danh tính thằng cụ m à,1,com.lazada.android
"Ứng dụng bán hàng lừa đảo, chuyên bán hàng giả",1,com.lazada.android
Không đáng tin. Tiền hậu bất nhất,1,com.lazada.android
tự ý khoá voucher toàn sàn.Tôi không thể mua sắm,1,com.lazada.android
tải cái dmm,1,com.lazada.android
hlloôo,1,com.lazada.android
"Tạm biệt Lazada đã mất đi khách hàng tiềm năng như mình 🙂. đ làm gì cũng bị dính lỗi OC01, tuyệt vời",1,com.lazada.android
"sàn gì tệ dã man, đặt 1 đơn xong bị cho ăn lỗi cr01 liền, liên hệ tvv thì không giải quyết được, không biết sàn này còn cạnh tranh ntn với các sàn khác trong khi trải nghiệm của khách hàng tệ như vậy thì sao ủng hộ được nữa",1,com.lazada.android
lazada càng ngày càng tệ mới 1năm hk sài mà nhập lại HK đc. cứ báo lối lazada như cứ hết vỏn thì xoá áp i,1,com.lazada.android
mua hàng trên lazada cũng ok nhưng phí vận chuyển mắc quá,3,com.lazada.android
như cl ấy mới vào xg bị khóa tài khoản làm ăn như cl,1,com.lazada.android
như Đ. Ầ.U ..B.U.Ồ.I,1,com.lazada.android
"đặt đc đơn 0₫ thì cố tình nhầm địa chỉ xong gọi bảo hủy, app rác",1,com.lazada.android
"quảng cáo bên tt ít thôi. qc thì toàn nhảm cái m gì anh và em kéo qua, ngày hiện 2 chục lần.",1,com.lazada.android
ko dao về tra ving 1₫,1,com.lazada.android
"app rác vl, tôi mới tạo tài khoản xong nó khoá mẹ tài khoản của tôi vào, cho dù tôi đã đổi máy và tạo tài khoản mới. nhà sản xuất nên xem lại",1,com.lazada.android
hiện tại cũng Ổn sau này chưa biết!!.,5,com.lazada.android
tại sao hàng giá cao mà dùng ko bên... tôi đã mua bơm cao áp nên hơi... chưa được một tháng mà hư hỏng hết.ko lên được.mong bán hàng chuẩn thật,3,com.lazada.android
đăng kí tài khoản còn thông báo bị khoá luôn không lập được tài khoản khác,1,com.lazada.android
good,5,com.lazada.android
quảng cáo nhiều quá,1,com.lazada.android
OK,5,com.lazada.android
tệ chưa đăng nhập xong đã bị khóa tai khoan rồi,1,com.lazada.android
"ứng dụng gì mà đăng ký cứ bị lỗi Ul00 không chịu đăng ký và bị khoá tài khoản luôn tôi đã đi mua thêm 2 sim mới và vẫn bị khoá khi chỉ đang đăng ký tôi liên lạc bên hỗ trợ nhưng họ không mở vì bị dính gì đó và yêu cầu tôi lấy số mới đăng ký,?? trong khi tôi đăng ký 3 cái trước bị khoá giờ bắt tôi mua thêm sim à?",1,com.lazada.android
Hay,5,com.lazada.android
Đơn hàng đã trả tiền từ 4/1/2026 đến nay người bán không giao cho khách hàng cũng không hủy đơn và hoàn tiền cho khách hàng. Chăm sóc khách hàng vô cùng kém.,1,com.lazada.android
trao đổi,5,com.lazada.android
"từ khi lzd mới mở 2014 tui mua gần 20 năm rồi. Xe, điện thoại, tủ lạnh, máy lạnh,máy may các thứ đồ dùng mua lzd hết. mà gần 1 năm nay ko mua lzd nữa. vì tiktok + shopee đơn nhỏ lớn freesip hết còn lzd tính ship, đơn lớn mới miễn. tui bỏ lzd hơn 2 năm r, mặc dù tui là seller của Lzd nhưng shop nhỏ ko cho đk freesip max. phí sàn lzd cũng cao hơn các sàn khác nên giá sẽ cao hơn. cấp lớn mới cho freesip. tui qua sàn shopee với tiktok mua 2 thág lên thẻ vàng, đơn 5k freesip. tôi hi vọng lzd cạnh tra",1,com.lazada.android
tốt,5,com.lazada.android
"Giao diện như Bãi Rác, không ngăn nắp, gọn gàng, chuyên nghiệp",3,com.lazada.android
Giao chậm vãi lozzz ra app rác,1,com.lazada.android
chờ hoài chờ hoài ko thấy gửi otp về,1,com.lazada.android
great,5,com.lazada.android
"đặt đơn nào là bị hủy đơn đó, dù cho đặt khác shop chăng nữa. chưa kể mất thời gian đợi xong app thông báo hủy hàng như thể ch có chuyện gì xảy ra=))",1,com.lazada.android
huuu,5,com.lazada.android
"không gọi điện để giao,xong tự cập nhật trạng thái giao hàng không thành công. Giao toàn nhầm tên với nhầm địa chỉ",1,com.lazada.android
app như db đăng nhập thì khoá tk vì lí do bảo mật,1,com.lazada.android
ok,5,com.lazada.android
không giải quyết yêu cầu của khách hàng,1,com.lazada.android
tạo tài khoản đăng nhập cứ bị khoá?,5,com.lazada.android
"ko làm gì cũng bị CR01, áp đúng nhảm",1,com.lazada.android
như cu,1,com.lazada.android
quá tệ,1,com.lazada.android
đang tt lì xì cl,1,com.lazada.android
ok,5,com.lazada.android
"app đần vl trước thì cái lỗi thanh toán với khoá acc không lý do giờ thì cái lỗi nhập mã không đăng nhập được dù ghi đúng số, đã thế còn tệ đến mức chỉ có gọi và báo sai mã thôi chứ không có cả OTP luôn cơ :""))))))) bảo sao thằng shopee nó ăn đứt, tụi dev của cái app này nó quyết tâm ế bằng thực lực",1,com.lazada.android
"Đăng kí vào thì thông báo bị khóa acc. Tưởng bị lỗi, nên đăng nhập bằng cái khác nhưng vẫn thông báo bị khóa ? Làm ăn chán thật sự",1,com.lazada.android
wWowl,1,com.lazada.android
Đang yên đang lành khóa tài khoản của người ta,1,com.lazada.android
Quá mệt mỏi với quảng cáo của mày. Mỗi video YouTube tao xem đều là quảng cáo của mày.,1,com.lazada.android
Đặt đơn giao nhanh 48h. 3 4 ngày chưa giao.,1,com.lazada.android
"giao hàng lâu, shop thì chảnh 🐶 , tệ tệ.",1,com.lazada.android
THẬT SỰ RẤT TỆ,1,com.lazada.android
"Good khi nào cần 5tr gõ VayTotNhat nhé, duyệt ngay nè",5,com.lazada.android
thua,1,com.lazada.android
Quảng cáo quá nhiều nên bỏ bớt 4*,1,com.lazada.android
"Lúc này kiếm 5tr tại VayTotNhat, kiểu trả góp mà lãi ít thôi",5,com.lazada.android
"ứng dụng bị cái j vậy trời 3 lần đặt hàng thì cả 3 lần không giao , có phải đơn 1-2k đâu mấy trăm nghìn mà qua ngày giao hàng rồi vẫn không cập nhật xong hủy đơn luôn ????????",1,com.lazada.android
tệ,1,com.lazada.android
Tự hủy đơn hàng,1,com.lazada.android
"Trải nghiệm vô cùng tệ, mình đã bị ban một account mới lập chỉ vì click vào chọn voucher khi chưa mua hàng lần nào. Tạo tài khoản khác thì liên tục bị báo hành vi bất thường không thể mua sắm nếu có dùng voucher""AI báo lỗi hành vi bất thường và không có lý do gì ???"". Nhân viên hỗ trợ thì yêu cầu mua hàng mà không dùng voucher???. Tại sao tôi phải mua hàng với giá cao trong khi có voucher và chương trình choice đủ điều kiện sử dụng. ĐỈNH CAO TRẢI NGHIỆM NGƯỜI DÙNG VỚI LZ :)",1,com.lazada.android
"Khi ai kẹt gõ VayTotNhat kiếm 5tr thực sự ok. Về trong nay mai lazada hết vốn rồi hay sao ý phí vận chuyển ăn trên trời, mà giảm thì cho có tí):)",5,com.lazada.android
tốt,5,com.lazada.android
Mình mua hàng bình thường thế mà bị dính lỗi cr01 ko rõ lí do. Vậy là từ giờ ko dùng được lazada nữa hả.,1,com.lazada.android
"bnc m ,cứ phải bắt cn , không tự nâng cấp đi , có việc cần mua thì phải cứ mất thời gian",1,com.lazada.android
Nick tôi mới mua 1 đơn hàng đã bị đánh cr01. Thật quá vô lý. Đã gắn bó với lazada nhiều năm. Thật quá thất vọng,1,com.lazada.android
"giao rõ thì lâu vượt quá mức dự kiến,thông báo cập nhật trạng thái đơn hàng thì chậm chạp,làm người ta phải sốt ruột",3,com.lazada.android
đồ xịn mà phí vận chuyển mắc quá. liên kết tài khoản hay bị lỗi qá mong xem xét lại,5,com.lazada.android
"mình ko có lỗi gì mà hệ thống báo lỗi oc01 báo mình mua hàng không vì mục đích cá nhân, yêu cầu gỡ lỗi cho mình, trải nghiệm thấy rất khó chịu",1,com.lazada.android
đơn đặt mấy ngày không về còn tự hủy,1,com.lazada.android
mới tạo acc là bị khoá tại sao v?,1,com.lazada.android
Giao sai sản phẩm mà không chịu hoàn tiền lại cho người ta. Ứng dụng lừa đảo khách hàng không nên cài đặt. Tôi đã xoá nó đi rồi. Cho 1 sao vì đặt hàng mà lại bắt đưa giấy chứng minh nhân dân,1,com.lazada.android
Tốt,5,com.lazada.android
tự nhiên vừa đăng ký cái bang. 8 năm nghỉ xài lzd giờ mò lại mail mới sdt mới k hiểu bang cái gì. App thì lỏ load lâu điên,1,com.lazada.android
Mua hàng trên lazada mà không hề có một cái mã giảm giá nào trong khi tài khoản rất đẹp? Không hoàn hàng hay làm gì bất thường cả. Chán app,1,com.lazada.android
"Khi kẹt gõ VayTotNhat kiếm 5tr thực sự ok. Về trong nay mai lazada hết vốn rồi hay sao ý phí vận chuyển ăn trên trời, mà giảm thì cho có tí):)",5,com.lazada.android
tôi mong lazada cập nhật tính năng định vị bản đồ vì viết địa chỉ khiến shiper giao nhầm chỗ đặc biệt là hôm nay tui ở xã Đăk săk mà shiper giao chỗ Krông nô khiến tôi không nhận được hàng còn khác gì gắn cải mác bom hàng tui cũng thấy tội shiper bộ chỉ vì không có cái định vị GPS dm,1,com.lazada.android
Thích trải nghiệm và thử thách,5,com.lazada.android
app rách vừa lag vừa đểu,1,com.lazada.android
"Không đăng nhập vào được, xác minh liên tục kết quả là bị khóa, hiểu sao người ta thích shopee với tiktokshop hơn rồi đấy 😒",1,com.lazada.android
Tệ,1,com.lazada.android
Ok,5,com.lazada.android
app lỏ bên kho vận chuyển không giao hàng có gọi hủy hàng lazada bảo nhiều lần hủy hàng đúng phế không biết xác mình từ khách hàng hay NV vận chuyển,1,com.lazada.android
đc,1,com.lazada.android
"bịp lắm mọi người ạ, lúc đầu cho chọn 3 đơn 0đ free, xong tự nhiên bị hủy đơn?",1,com.lazada.android
ok tuyệt,5,com.lazada.android
cứ mới tạo xong tài khoản thì lại bị khóa,1,com.lazada.android
nó bị gì ấy tui săn đơn 0₫ mà 3 ngày ròi vẫn ở mục chờ đóng gói 😃,1,com.lazada.android
"rất đáng mua sắm trên đây Lắm nha , MN nên tải về",5,com.lazada.android
hay quảng cáo,1,com.lazada.android
"xài hay nha kiểu v đó rồi v đó rồi đó đó rồi vậy đó rồi đó rồi vậy đó đó, mình thấy app này có màu hồng cute với lại giống instagram nên mình nhớ nyc của mình ở instagram á, ap màu hồng mình nhìn giống cờ lesbian á nên mình hơi sốc và sợ hãi và nhớ nyc nói chung là mình buồn mình khóc rồi cảm ơn instagram đã cho mình 1 nyc và app lazada mình k bt instagram vs lazada có phải là 1 k nên mình nói đại đừng chửi mình nha",5,com.lazada.android
không có săn xu,1,com.lazada.android
"Giao hàng thì chậm, đơn hàng ở cùng địa phương mà hơn 15 ngày không thấy giao. Lazada thì đỗ do đội vận chuyển của người bán nên không nắm rõ, còn hỏi người bán thì không trả lời. Thiếu tôn trọng khách hàng và lừa đảo. Mọi người cẩn thận nha",1,com.lazada.android
tốt,5,com.lazada.android
ok ok,5,com.lazada.android
chơi game toàn chưa cập nhật rồi sao chơi???,1,com.lazada.android
jika Lazada ada support ewallet ada duitnow QR macam shopeepay lagi bagus,5,com.lazada.android
cho 3 món hàng free rồi hủy vì ko thanh toán đúng thời hạn,1,com.lazada.android
ứng dụng tốt,5,com.lazada.android
vừa hôm qua mình đang đi du lịch mình có nói với shipper là hẹn ngày mai giao chưa gì gọi xong mở app lên thấy đơn hàng sẽ trả lại cho người bán làm ăn gì kì cục vậy 😡😡😡😡,1,com.lazada.android
bao năm dùng toàn thanh toán trước đàng hoàng không hoàn đơn bao giờ vậy mà mới nghỉ mua vài tháng thì bị cr01 lúc hết mua 2 đơn trước tết cũng thanh toán đàng hoàng nhận hàng bình thường sau tết lại bị cr01 tiếp??? không hiểu sao luôn lazada muốn đuổi người dùng hay sao ý,1,com.lazada.android
tự nhiên bị dụ mua 3 đơn hàng đầu tiên 0d xong nó tự hủy do không thanh toán? thôi thì lại shoppe vậy chứ chơi mà chơi lừa vầy thì sợ quá ai dám xài,1,com.lazada.android
"trả hàng ko đc , ko biết app sinh ra cái trả hàng làm cái gì",1,com.lazada.android
"có 1 số shop bán hàng trên lazada , ảo quá nhiều.tôi đặt có đơn chỉ bảo là đơn chờ đóng gói chứ không có khâu vận chuyển không hiển thị.mong lazada sửa lỗi này nha!",2,com.lazada.android
ok,5,com.lazada.android
"lazada vẫn có rất nhiều đơn hàng sử lý rất chậm, đặt từ hôm 26/10/2025 vào 18:07, đã thanh toán rồi nhưng đến bây giờ vẫn chỉ "" chờ đóng gói "" vẫn chưa nhận được hàng",1,com.lazada.android
tôi khong muốn quảng cáo,1,com.lazada.android
có nhiều loại slime //_ _ //,5,com.lazada.android
tốt,5,com.lazada.android
hoàn tiền lại cho t,1,com.lazada.android
ok,5,com.lazada.android
cứ quảng cáo trong điện thoại của tôi hoài khi không mở ứng dụng. hay khi đã xoá ứng dụng.,3,com.lazada.android
tạo tk chưa lmj đã bị khoá quá xàm,1,com.lazada.android
"quá tệ, ship lâu",1,com.lazada.android
xịn khỏi bàn mua hàng chất lượng,5,com.lazada.android
Đăng kí acc bằng mọi cách nhưng đều bị khóa hết,1,com.lazada.android
mới dùng lần đầu tạo tài khoản thì bị khoá acc??? app rác à,1,com.lazada.android
tốt,5,com.lazada.android
chát,4,com.lazada.android
la za da rất tốt nhưng có nhiều shop gửi hàng bị hỏng tôi ko nhận đc liền ko cho tôi thanh toán khi nhận hàng nên tôi xóa lazada chắc từ nay phải mua hàng bên shop bi thôi chứ đặt thì nhận chứ bom hàng hàng làm gì tôi ko xài tài khoảng nên ko mua ở zalada nữa rồi,5,com.lazada.android
"chưa giao hàng, ship k gọi đã bị hủy đơn r",1,com.lazada.android
rất ok,5,com.lazada.android
"siêu nhiều chương trình quà tặng, xu thì bạc ngànnnnn 10 điểm nha",5,com.lazada.android
ko bt chủ shop là ai luôn chịu,1,com.lazada.android
"Tại sao đơn vị vận chuyển và nhà bán hàng tự ý hủy đơn đặt hàng của tôi ? Giờ thì lại khóa tính năng thanh toán khi nhận hàng vì giao hàng cho tôi không thành công nhiều lần. Làm ăn như vậy à ? lỗi của người khác mà khách hàng phải hứng chịu. Quá mất thời gian để chờ đợi rồi không nhận được hàng, rồi giờ khóa tính năng của khách hàng luôn . Còn người gây ra lỗi thì không có biện pháp xử lý vẫn được nhởn nhơ hả hê.",1,com.lazada.android
Không hiểu tại sao vô app tạo acc là khóa ko sài đc app lun,3,com.lazada.android
"app như cI, thua xa shopee, toàn chiêu trò",1,com.lazada.android
"khôi phục cài đặt gốc điện thoại dù đã đăng xuất trước đó nhưng khi cài lại, đăng nhập bắt xác minh trên thiết bị cũ không đăng nhập được. dẹp luôn.",1,com.lazada.android
Thanh toán tiền mua hàng qua ví em và thẻ atm rất tiện lợi.,4,com.lazada.android
quá tuyệt,5,com.lazada.android
OK tốt đẹp,5,com.lazada.android
rất hữu ích tiện lợi đặt hàng Online giá siêu rẻ nữa,5,com.lazada.android
"Lúc đầu vào thì cho miễn phí mua 3 món đồ.sau 1 ngày thì hủy luôn 3 đơn đó 😡.Bốc phét, màu là giỏi.",1,com.lazada.android
"tôi đã trả Hàng nhưng Tiền đã thanh toán cho hàng này đến nay vẫn chưa nhận, vì sao ?.",1,com.lazada.android
"cứ vô mua là bị lỗi OC01 bắt bỏ hết voucher, thế cuối cùng là mua cái gì?",1,com.lazada.android
đểu,1,com.lazada.android
"lazada hết vốn rồi hay sao ý phí vận chuyển ăn trên trời, mà giảm thì cho có tí):)",1,com.lazada.android
đạt tiêu chuẩn chất lượng cao,5,com.lazada.android
Đang yên lành đổi chính sách làm giá tăng lên còn voucher thì không có nên giá cao hơn shoppee nên qua đó mua hàng ok hơn. Lại thêm đòi cccd khi đặt hàng nên bay bay lazada,1,com.lazada.android
"quá thất vọng về ba đơn hàng đầu tiên, đơn nào cũng không giao được và đã bị hủy hết",1,com.lazada.android
đăng nhập sđt của mk mà vô có sẵn tk của người khác dùng sđt của mk,1,com.lazada.android
mua hàng không có theo dõi vận chuyển giao hàng quá lâu đứng đơn không thấy di chuyển.,3,com.lazada.android
"Mua laz đã lâu mà giờ phải đánh giá 1 sao dù ko muốn, shiper ko giao hàng tự ý hoàn hàng cho mình dù mình ko đồng ý, đến kho lấy cũng ko giao cho mình, đơn hàng đặt từ TQ về hết mười mấy ngày mà còn làm vậy thất đức thật sự, gửi khiếu nại thì ko giải quyết cho mình vẫn hoàn hàng, ko biết đội ngũ làm ăn cái kiểu gì",1,com.lazada.android
ko làm gì bị khóa tài khoản,1,com.lazada.android
"mới đầu năm đã phải khẩu nghiệp, acc không làm gì cũng band. Chả hiểu nổi đội ngũ kỹ thuật hay mấy con bot AI mà ngoo thế!",1,com.lazada.android
"Mỗi lần mở ứng dụng là bắt xác minh danh tính, bắt nhập 1 đống mã capcha. Đăng nhập bằng chính máy đang sử dụng bắt phải vào tài khoản để xác minh. dev laz chết hết à",1,com.lazada.android
Rất tốt trong việc đặt hàng,5,com.lazada.android
ko đăng nhập được,1,com.lazada.android
lam khong thuc te noi hsy lam do ok,1,com.lazada.android
Lazada giờ kém hơn xưa nhiều nhiều lắm rồi?!,2,com.lazada.android
"phí vận chuyển mắc gấp 3,4 lần tiền mua đồ",1,com.lazada.android
t đã tải lazada về với mục đích là lazada sẽ có những ưu đãi tốt hỗ trợ cho việc mua sắm nhưng khi tải về sẽ có chương trình miễn phí 3 món đồ bất kì trong 1 giới hạn mà hôm nay t vài kiểm tra hàng của mình thì thấy cả 3 đơn t đặt đều bị hủy cùng một lúc t vào xem khi đã hủy thì nó ko đặt lại đc 3 món đồ nữa t bt sẽ ko có món đồ gì miễn phí t cũng ko mong nó sẽ tốt nhưng khi t đặt nó lại hủy khiến t rất bức xúc,1,com.lazada.android
ok,5,com.lazada.android
"làm ăn như hạch, cam kết giao trước mà cả nửa tháng ko giao, bát nháo",1,com.lazada.android
tôi bị khóa tài khoản ko có lí do,1,com.lazada.android
"Không biết nên diễn tả thất vọng sao với app. Vừa đặt xong 1 đơn hàng thì lại ẩn hết mã giảm giá, giờ muốn mua gì cũng tìm không ra mã. Không lẽ app này làm ăn kiểu chỉ cho giảm giá lúc đầu còn lúc sau ẩn mã hết mã giảm để cố ý đuổi khách à 😔",1,com.lazada.android
rat tốt,5,com.lazada.android
tốt lắm,5,com.lazada.android
đổi điện thoại khác dùng dính cr01 chả hiểu,1,com.lazada.android
làm ngoo thật mới tạo đã bị lỗi ko hiểu mấy app lỏ này làm ăn kiểu gì,1,com.lazada.android
"giao sai sản phẩm, không đồng kiểm, trả hàng không được...cho 1 sao",1,com.lazada.android
deo hiểu gì nuôi lazada deo có tỉnh Vũng Tàu làm tao mua đồ được,2,com.lazada.android
ok,5,com.lazada.android
eew,2,com.lazada.android
tốt,5,com.lazada.android
"Trải nghiệm thấy app lazada có vấn đề khi vào xem giá thì bình thường nhưng khi thanh toán để đặt hàng thì giá của món hàng cao gấp 3 lần khi đăng bán , đề nghị chỉnh sửa giá đăng quảng cáo và giá khi thanh toán khớp để khách hàng không bị hiểu lầm là lừa đảo",2,com.lazada.android
Lỗi CR01 chả mua gì được. Bị hơn 2 tháng. Nhờ hỗ trợ mà chả giúp gì được.,1,com.lazada.android
giao hàng lâu ngày dự kiện gần 1tháng chính vì vậy nên mấy nhà bán hàng sàn này sát ngày ms gửi đi,2,com.lazada.android
Ít tiền . Mua đồ tiện hơn,5,com.lazada.android
"bị cr01 mà ko 1 lời giải thích, làm ăn chán,",1,com.lazada.android
lần cuối mua ở lazada,1,com.lazada.android
"gần tết bắt người ta chờ hàng 1 tuần xong thông báo hủy đơn, rồi giờ đặt chỗ khác sao kịp, đã vậy còn không có nhân viên tư vấn trực tiếp, cho nói chuyện với mấy con box chat Ai gây ức chế, làm việc thiếu chuyên nghiệp, vậy càng ngày càng mất khách là đúng rồi âm sao",1,com.lazada.android
"Sau khi cập nhật mới thì phát hiện ra một số sản phẩm không thể thêm vào giỏ hàng, chỉ có nút mua ngay. Tôi không hiểu đây là sáng kiến hay tối kiến nữa....",1,com.lazada.android
tốt,5,com.lazada.android
cứ gắng links vào ứng dụng. như con virus,1,com.lazada.android
ok,4,com.lazada.android
"hàng thì không giao ,cũng không cho hủy ,tính giữ tiền của khách lại để ăn tết hả",1,com.lazada.android
ít mua hàng lâu lâu vô lại bị dính CR01 khiến không mua được gì,1,com.lazada.android
rất tốt,5,com.lazada.android
ko tốt,1,com.lazada.android
ok,5,com.lazada.android
hàng tốt ok,5,com.lazada.android
làm ăn như sít ko gọi cuộc nào mà dám làm kiện vấn đề khách từ chối nhận trong khi đang cần hàng gấp liên hệ CSKH thì giống như tự động nói chả ra vấn đề gì làm sàn thương mại như này thì đỉnh rồi,1,com.lazada.android
Giao hàng quá chậm..hàng trong nước mà 10 ngày giao..,1,com.lazada.android
Mẹ chả bao giờ cho free ship cả app cứ phải ăn 40-50k ship moiqs đc cơ khuyên k nên mua,3,com.lazada.android
Lazada tự nhiên đánh mình lỗi CR01 mặc dù còn chưa mua gì trên sàn?? 😓,5,com.lazada.android
chưa cài dat được lazaDa,5,com.lazada.android
Ghét vì suốt ngày quảng cáo,1,com.lazada.android
tài khoản của tôi sau khi chat với cskh của laz đã nói là không có gì bất thường nhưng đã 1 tháng rồi vẫn bị lỗi cr01 app quá tệ,1,com.lazada.android
"Giao hàng nhanh,dịp lễ là tặng Quà,giá cả khá phải chăng tùy shop nên trải nghiệm.",5,com.lazada.android
"Toàn lừa đảo, app làm ăn vớ vẩn, mn ko nên mua qua sàn này",1,com.lazada.android
tạm ổn,4,com.lazada.android
ko có mã lỏ,1,com.lazada.android
Lừa đảo,1,com.lazada.android
OK,5,com.lazada.android
"App không có nổi một tư vấn hướng dẫn khi xảy ra vấn đề chỉ biết giải quyết qua AI, đơn hàng xảy ra lỗi người tiêu dùng không có một chính sách bảo vệ người tiêu dùng? Sao mà còn mở app hay vậy.",1,com.lazada.android
"shipper không giao hàng mà lại tự ý bấm giao hàng không nhận.Liên hệ với hệ thống thì cho gặp Al, vẫn không có một nhân viên giải quyết. Shipper đã có thái độ không ổn mà kêu liên hệ với nó chắc nó giải quyết hả. Lỗi sai mà không có lấy một nhân viên giải quyết lỗi của shipper. Làm ăn sống nhăn vậy ai dám đặt hàng trên app này nữa. Bye luôn không bao giờ sử dụng app này một lần nào nữa.",1,com.lazada.android
"Lừa đảo, quỵt tiền",1,com.lazada.android
ok,5,com.lazada.android
Buôn bán shop giao nhâm hàng mấy lần ib lazada ko hỗ trợ ... quá tệ hơn chữ tệ,1,com.lazada.android
bọn lazada này mất não à đăng ký cứ bắt xác minh robot lại còn cứ khoá tk mới cay,1,com.lazada.android
"Bị gì vậy, cho khách hàng mgg rồi không cho mua báo lỗi cr01, không cần khách hàng thì nói luôn để còn hủy tài khoản xóa app, cskh toàn để máy trả lời thì giải quyết được gì?",1,com.lazada.android
shop zalada cho biết tại sao tôi đặt hàng của zalada một trăm lần đều bị lỗi vậy.,3,com.lazada.android
ok,5,com.lazada.android
"mua sản phẩm không bao nhiêu lần, bị toàn thiếu sản phẩm",1,com.lazada.android
sản phẩm có vẻ nhiều hơn shopee ở 1 số mặt hàng nhưng thời gian hoàn tiền quá lâu(2 tuần).Nên suy nghĩ kĩ trước khi đặt ở đây.Ko uy tín chút nào,1,com.lazada.android
Thật sự mình khá thất vọng mình từng tạo tk lazada từ 2021 ts h quay lại cho cái mã giảm giá 10% tối đa cx chỉ đc 150 mà đk phải mua sản phẩm 1tr5 trở lên ms đủ chán chả muốn nói vài năm nx sặp là chắc,1,com.lazada.android
"1 sao, mã giảm giá cùi bắp chưa xài mà bị lỗi, khiếu nại thì kiu đợi 4-5 tuần làm ăn như qq",1,com.lazada.android
"shipper không gọi thử 1 cuộc mà tự ý hủy đơn hàng. chụp hình ở đâu nhà của ai rôi chụp cái cụp hàng đăng lên bảo gọi không bắc máy từ chối cuộc gọi,tôi làm ở cty ghi địa chỉ ở CTY chứ ko phải nhà ai đó, tôi thì ngồi chờ canh cụp hàng đến, tối về tôi còn để lại tiền cho bảo vệ đợi shipper đến láy hàng giùm, ai zè vãi. lên áp thì báo hủy đơn hàng là sao, ko muốn giao thì đừng có nhận để người có tâm giao, đề nghị lazada xem lại shipper này bưu tá tên Nguyen Minh Dat",1,com.lazada.android
tốt,5,com.lazada.android
Mua hàng thôi mà bắt nhập toàn bộ thông tin cá nhân??? Hài hước thật.,1,com.lazada.android
"Bản thân ứng dụng dùng khá tốt nhưng từ khi tải ứng dụng về thì máy bắt đầu có tình trạng đột nhiên mở lazada khi đang dùng các ứng dụng khác, kể cả khi tắt máy thì lazada cũng tự bật lên, nhất là buổi tối làm tốn pin khi không sử dụng.",2,com.lazada.android
giao không đung sp,4,com.lazada.android
good,5,com.lazada.android
Tự động hủy đơn.,1,com.lazada.android
chậm .chờ đợi rất lâu so với các ứng dụng khác,1,com.lazada.android
Khoá lỗi CR01 một cách vô lý và không có lý do rõ ràng. Đề nghị đội ngũ hỗ trợ kiểm tra và điểu chỉnh. Trải nghiệm tệ.,1,com.lazada.android
rất thuận tiện và phong phú. chỉ cần yêu cầu nhà cung cấp cam kết về chất lượng hàng hóa ( hàng nhái phải ghi rỏ) để mọi người ko bị mua lầm với mất công đổi trả,4,com.lazada.android
nó tồi ko có từ j tồi hơn thật sự tôi sẽ ko dùng nó thêm một lần nào nx 😏😒,1,com.lazada.android
Tự ý hủy đơn hàng. Lazada làm việc không có trách nhiệm.,1,com.lazada.android
"bán thông tin khách hàng, thông đồng với BEST EXPRESS tạo đơn ảo, đơn 0đ, sau khi nhắn thì không giải quyết, dù tôi đã ngưng sd Lazada từ rất nhiều năm rồi nhưng sdt của tôi lại bị Lazada bán thông tin",1,com.lazada.android
tệ,1,com.lazada.android
mua hàng thì rẻ mà ship toàn từ 6ok mặc dù gần,1,com.lazada.android
Tệ hàng đã về tới chạm giao hàng mà hàng ko thấy giao đợi 3 4 ngày mà ko thấy làm ăn kiểu gì vậy hồi đó giao hàng rất nhanh còn bây giờ thì chậm bây giờ ko thấy supper lại giao hàng????,1,com.lazada.android
mua ba cái đồ gia dụng vớ vẩn mà đòi cccd,1,com.lazada.android
Quảng cáo toàn để nút tắt già. Thầy ghét! Cho 1 sao cho biết mặt!,1,com.lazada.android
tốt,5,com.lazada.android
app như qq 1 sao ko đáng,1,com.lazada.android
"Mỗi lần chơi game xuất hiện quảng cáo Lazada, dù không bấm vào màn hình nhưng vẫn ép người dùng vào trang >:(",2,com.lazada.android
càng ngày xử lý đơn hàng càng tệ đặt hàng từ ngày 3 đến ngày 7 chưa xử lý đơn hàng,5,com.lazada.android
ok,5,com.lazada.android
dm vì quảng cáo của nó rồi vô trang chủ của nó đang chơi game rồi nó hiện quảng cáo lazada bấm cái nút tắt mà nó vô cái trang chủ của nó rồi thoát ra thì mới vô phải game vô lại từ đầu như c**,1,com.lazada.android
giao hàng không đúng,1,com.lazada.android
lần đầu tải mới tạo acc thì kêu bị khoá acc dù acc google bình thường,1,com.lazada.android
giao nhanh,5,com.lazada.android
Sài hong êm hàng quá ít,1,com.lazada.android
phí ship caoooo gấp mấy lần tiền hàng,1,com.lazada.android
sản phẩm tốt,5,com.lazada.android
phí ship quá cao. cao kinh khủng,1,com.lazada.android
"Đơn hàng mua từ bên TQ thì giao nhanh, từ lúc thông quan đến lúc giao hàng có khi còn không sang tới ngày thứ 2. Đơn hàng trong nước thì báo đến kho trong tỉnh rồi, mà 3,4 hôm, thậm chí cả tuần vẫn báo đang trong kho, không giao. Hỏi shop thì bảo do đơn vị vận chuyển, hỏi đơn vị vận chuyển thì bảo hàng LZD phải gọi tổng đài LZD, kiểu như LZD chưa cho giao vậy.",3,com.lazada.android
áp mùa hàng theo quan điểm cá nhân của tôi tệ nhất trong các sàn thương mại điện tử tôi từng rất hài lòng vơi LAZADA nhưng giờ không còn như lúc trước và tôi chính thức ngưng sử dụng LAZADA kể từ ngày hôm nay,1,com.lazada.android
lần này tạm biệt luôn. lúc trước còn giao hàng. giờ đổi người khác giao cứ cứ hết giao chậm ngày rồi đến chặn đơn không giao. quá tệ,1,com.lazada.android
shipper tự hủy đơn hàng của khách,1,com.lazada.android
tôi thường xuyên đặt hàng trên lazada nhưng phí vận chuyển thường hơi cao,5,com.lazada.android
lazada very good. Sẽ luôn ủng hộ,5,com.lazada.android
liên hệ shop trên app chỉ để tìm hiểu thông tin sản phẩm cụ thể trước khi mua... shop bảo (tự động) dịch vụ theo giờ làm việc... liên hệ đúng giờ làm việc tự động tin nhắn theo nội dung cũ... cập nhật hành trình vận đơn kiểu lươn lẹo không cụ thể rõ ràng (địa điểm các kho đơn vị chuyển tiếp)... thay đổi cả thông tin đơn vị vận chuyển từ trung quốc sang việt nam sau khi thắc mắc (j&t vn: chờ thông quan?????)...,1,com.lazada.android
Cũng tạm,3,com.lazada.android
"app tạm ổn, giao hàng với tiền ship hơi cao (có khi cao ngất), xu áp dụng ít xỉnh (có mấy đồng chưa lên 1k hay 100 đồng nữa), voucher thì nhiều mà app mãi ko thấy giảm được nhiêu, thay đổi số điện thoại thì không được cứ báo số đã liên kết với ứng dụng khác không cho dùng nữa ( không lẽ bây giờ đi mua sim mới?), tiền hoàn về thì không được hoàn lại qua ví momo mà cũng chả thấy app ngân hàng liên kết để hoàn tiền về (có khi còn chả thấy ngân hàng để liên kết, báo nhắn để hỗ trợ thì trả lời lâu",1,com.lazada.android
"Xử lý hoàn tiền quá tệ, cố tình ngâm tiền của khách, hủy đơn 1 tháng khách vẫn không nhận được tiền hoàn. Mọi người nhớ kiểm tra thẻ tín dụng, app thông báo đã hoàn tất thủ tục hoàn tiền nhưng tiền ko hề về thẻ. Mọi người cẩn thận. 1 khách ngâm tiền vài triệu thì hàng triệu người dùng thì ngâm biết bao nhiêu tiền của khách. Shopee làm việc nhanh gọn hơn nhiều. Quá sợ hãi lazada",1,com.lazada.android
ứng dụng như quần què họ,1,com.lazada.android
lazada giờ nhiều shop lúp bóng treo đầu dê bán thịt chó để lừa đảo.mọi người mua hàng lên để ý.không phải tem mác của lazada thì không lên nhận và chuyển khoản.toàn shop giả lừa đảo đó,1,com.lazada.android
rất tốt,5,com.lazada.android
"giao hàng cực kì chậm, giao trễ hạn 5-6 ngày rồi không giải quyết được gì , hủy đơn hàng lý do giao trễ hẹn cx không hủy được, không chịu cập nhật thông tin đơn hàng , tốn rất nhiều thời gian, hỏi không giải quyết đc vấn đề gì. chán, tệ",1,com.lazada.android
"tôi mua Lazada cũng thi thoảng song tự dưng gần đây có 1 đơn hàng báo là giao không thành công, và quay lại chỗ ngưòi Bán. trong khi tôi k hề nhận đc cuộc gọi giao hàng nào cả. 1 sao cho Lazada và tôi k bao giờ mua Lazada nữa",1,com.lazada.android
nat thay đổi nhiều độ uy tín hơn xưa,5,com.lazada.android
Ngu,1,com.lazada.android
ok,5,com.lazada.android
aap rất tốt tuyệt vời quá,5,com.lazada.android
"áp xu dô mua rẻ hơn shoppee nữa. ko bị hủy đơn, khóa tk vô lý như shopee",5,com.lazada.android
"mới tạo tk đã bị khoá, xác minh nhiều lần vẫn không được, TỆ",1,com.lazada.android
bảo mật ngáo,1,com.lazada.android
giá của nó rất rẻ và xịn nữa😁,5,com.lazada.android
"Vô cớ khoá tài khoản. gọi hỗ trợ thì nói a để tạm vài hôm là được, 3 tháng sau vẫn k mở lại. Gọi điện tiếp thì nói khoá vĩnh viễn. Tạo tài khoản khác, tạo cỡ nào cũng vẫn bị khoá tiếp. hài thiệt",1,com.lazada.android
quảng cáo hay,1,com.lazada.android
nhu cac,1,com.lazada.android
"tài khoản bị lỗi, lazada bảo do hệ thống của họ, nhưng 5 tháng trời không sửa được, bảo tôi thỉnh thoảng vào thử lại. bảo tôi tiếp tục chờ, dịch vụ quá tệ hại. bộ phận kỹ thuật yếu kém",1,com.lazada.android
nhu cut,1,com.lazada.android
quá tệ,1,com.lazada.android
"K làm gì mà cũng bị lỗi cr01. Không được giải quyết, trả lời như auto, lúc nào cũng kêu chờ",5,com.lazada.android
"qc như qq bấm chỗ lon nào cx văng vô app, nói thật nếu ngta thích thì ngta tự vô mắc mớ gì cứ phải để v chi á, bộ app nghèo lắm à, nếu mà công tâm nói thật app đồ bán chất lượng nhưng giá khá mắc và ít khi miễn phí ship, có những đợt sale có như ko giá giảm có tí chứ chả si nhê",1,com.lazada.android
App cố tình đưa ra lí do vô lý không cho người dùng mua hàng khi thêm mã giảm giá. Không cho chat với nhân viên hỗ trợ để làm rõ vấn đề. Bỏ rơi người dùng. Quá tệ,1,com.lazada.android
rất tuyệt vời,5,com.lazada.android
Ứng dụng ngu không có tính năng thay đổi số điện thoại thay đổi email khi Tin tưởng thiết bị đăng nhập.mà bắt xác nhận tùm lum .trong khi người ta bỏ sdt còn sử dụng email .vẫn bắt xác nhận cả 2,1,com.lazada.android
"GIAN HÀNG ẢO, ZALADA MALL THÌ TOÀN HỦY ĐƠN. ĐẶT 100 ĐƠN THÌ TỰ HỦY HẾT 99 ĐƠN",1,com.lazada.android
"tự nhiên bắt nhập cccd , địa chỉ giấy tờ rồi vẫn k đặt hàng được",1,com.lazada.android
very good,5,com.lazada.android
sale khủng quá 🤑,5,com.lazada.android
nice,5,com.lazada.android
5 sao,5,com.lazada.android
có nhiều shop lừa đảo không giao hoặc giao áo rách.nhắn thì kg hỗ trợ.tất cả đều ok ngoại trừ giảm phí ship quá ít. trước ok với mã giảm ship rồi thì đột nhiên lại giảm mã phí ship . đợi khi nào mã giảm ship ok thì cho 5 sao.,1,com.lazada.android
tệ vô cùng cm ạ đẩy toàn hàng nhái hàng dỏm kém chất lượng làm quà cho người mới =)))) quà tặng cho người mới nó hủy hết cm k có nhận đc đâu mà quà toàn là mấy hãng nhái kém chất lượng chịu app thật,1,com.lazada.android
ko có mã giảm giá lun tệ hơn tiktok vs shopee nhiều,2,com.lazada.android
Rất tốt.,5,com.lazada.android
"ứng dụng rất tốt có sự thay đổi rõ hơn so với 1 năm trước, nhưng bên đơn vị vận chuyển J v T làm việc rất chán, chuyên treo đơn khách, lưu kho không giao, khi đến ngày giao thì giả vờ tạo cuộc gọi nhỡ giả để gọi cho khách với lý do là khách khôg nghe máy, trong khi tôi ngồi ở nhà cả ngày để canh máy thì khoong có 1 cuộc gọi nhỡ nào làm ăn có hành vi gian dối cần admin xem xét lại bên vận chuyển có hành vi như thế có đáng để hợp tác tiếp hay không. Tôi mong lazada cần làm gắt về bên đơn vị JvT",3,com.lazada.android
để ngày giao 2/1 mới đặt sau tăng lên 5/1,5,com.lazada.android
good,5,com.lazada.android
tệ,1,com.lazada.android
đồ kém chất lượg còn đắt ít voochue nói chung là chán,1,com.lazada.android
tạo tk xong tự nhiên khóa?,1,com.lazada.android
"tài khoản tự nhiên bị cr01 với ko lấy được mgg , khó hiểu, chả làm gì mà cũng bị mà bị lâu vậy mà chưa mua đc là sao",1,com.lazada.android
mới tạo tài khoản cx báo vi phạm lỗi????,1,com.lazada.android
app tốt t chỉ càn tới tết là lụm nguyên bộ spino dai - oh,5,com.lazada.android
đặt hàng còn bắt cập nhật căn cước công dân thì vl rồi,1,com.lazada.android
quản cáo hoài,1,com.lazada.android
mong nhà pt tặng cho nhiều mã giảm giá chúc app ngày càng phát triển,5,com.lazada.android
tốt,5,com.lazada.android
canh ngày khuyến mãi mua hàng chính hãng đặc song kieu nhập giấy chứng mình nhan Dan song ngam đơn 5 ngày huy các bạn can thận o biết lanzada nay có liên kết với bọn lua dao o,1,com.lazada.android
"đơn 0₫ dành cho người mới tự nhiên nó hủy hết cả 3 đơn không còn đơn nào hết là sao, lm như này thật sự rất mất uy tín của LAZADA.tôi thật sự rất thất vọng sẽ không có lần 2 tải lại ứng dụng này nữa 🙂",1,com.lazada.android
Vừa mua được vài đơn chưa từng boom hàng đã bị dính CR01 rồi? làm ăn chán,1,com.lazada.android
"mua hàng phải cho xem hàng trước khi giao tiền mới thoã Thuận đôi bên .vì giao tiền trước mới xem hàng nếu không đúng mẫu thì sao, ở shopee .mua hàng xem rồi đưa tiền nhưng trong vòng 15 ngày dùng thử o vừa ý vẫn trả bình thường, được hoàng tiền vào tk số dư shopee,, có những cái khui xem o nhận vẫn trả bình thường,o như lazada, người giao hàng buộc đưa tiền mới cho xem hàng",5,com.lazada.android
trang này kd lừa lọc kém chất lượng,1,com.lazada.android
"ứng dụng tệ hại, mua bọc cà phê cũng đánh dấu là giao dịch bất thường. Nếu ngay từ đầu không muốn người ta săn sale thì không nên tổ chức.",1,com.lazada.android
"khuyên mn không nên thanh toán online trước, sàn cũng gọi là to nhất nhì Việt Nam đấy nhưng đến lúc thanh toán thì xoay ngư chong chóng (mạng mobile 5G).",2,com.lazada.android
"mua rất nhiều nhưng đổi lại ăn khóa lỗi CR01 không có lí do. Sàn rác, quay về với shopee",1,com.lazada.android
trải nghiệm hoàn tiền 1 tháng :))),1,com.lazada.android
ko làm gì cũng bị cr01,1,com.lazada.android
hàng muốn ko có mà rõ tên rõ ràng mà ko ra,1,com.lazada.android
Bị CR01 mà không biết lý do tại sao. Vẫn mua hàng bình thường xong bị,1,com.lazada.android
giao nhanh lắm mới đặt 1 ngày trc mà ngày sau đã giao r,5,com.lazada.android
"mới đăng nhập đã bị khoá tài khoản , kêu liên hệ CSKH thì máy toàn nói ấn vào 1/2/3 để hỏi..... ( khoong liên quan đến tài khoản gì cả ) . đã đợi nửa tiếng vẫn chưa hề thấy nhân viên ra nói",1,com.lazada.android
rất hài lòng,5,com.lazada.android
game marge up battle lỗi hoài chán thế admin xem lại đi nhé.,4,com.lazada.android
"cái trò thời trang sao giờ loading quài ko đc, dùng 5G rồi mà vẫn không load được lun",3,com.lazada.android
"lazada tạo ứng dụng giao diện mới đi ạ, giao diện hiện khó xem mua hàng quá à, giao diện y shopee đẹp, dễ mua tìm kiếm, tích lũy xu các shop live dễ hơn, Giảm bớt miễn phí vận chuyển thấy cao quá à,",4,com.lazada.android
"đơn hàng đứng.. không sử lí được. cho 1* , xóa app",1,com.lazada.android
"laz cứ sửa giao diện mãi, lâu mới vô lại nhìn loạn cả mắt, lại còn hiện lên mấy cái pop up game đồ thật đáng ghét. t vô mua đồ chứ đâu phải vô chơi game",4,com.lazada.android
"ngu đần, ngu đần",1,com.lazada.android
khí chịu vl giờ đg có sale thì đăng nhập thì lại bị khóa acc nào cx bị k hiểu tạo acc mới cx bị,1,com.lazada.android
"Giá số đồ trên Lazada cao bất thường,không biết có bị ngáo giá hay không.Chứ 1 số đồ mua hàng quốc tế thì giá không hợp lí chút nào so với món hàng mình mua nhất là mặc quần áo.",1,com.lazada.android
tạo tk nào cũng bị khóa mặc dù chưa đặt cái j và cx chx làm j ko đúng.,1,com.lazada.android
bị lỗi cr01 mà ko 1 lí do,1,com.lazada.android
( đơn vị giao hàng cực chậm chạp) vấn đề thì không được giải quyết hầu như lun phải (trực tiếp yêu cầu nhắn tin hối giao hàng) vấn đề thì ko được giải quyết thêm con chatbox vô cùng phiền phức và vô tri vô dụng,1,com.lazada.android
giao hàng lâu quá hạn giao,1,com.lazada.android
tài khoản hoạt động bình thường lại bị đánh cr01 thật là một trải nghiệm tệ,1,com.lazada.android
"hủy đơn r mà vẫn giao là sao ship thì đắt rất bực nha mà hàng về còn lỗi nữa,ấn trả hàng thì ko cho trả, đơn thì rõ đắt",1,com.lazada.android
tốt,5,com.lazada.android
cập nhật lên lỗi tùm lum,1,com.lazada.android
Lazada tự đánh lỗi cr01 mặc dù k vi phạm gì,1,com.lazada.android
tệ,1,com.lazada.android
bị khoá cr01 mấy tháng chưa mở,1,com.lazada.android
dm sao hủy đơn hàng không được,1,com.lazada.android
"App dùng thì lác, suốt ngày báo lỗi rồi không thanh toán được, email hỏi thì trả lời cho có, đổ cho hệ thống thế này thế kia, không cụ thể hoá được khách hàng cần làm gì để mua được hàng dịch vụ xử lý khiếu nại quá chán",1,com.lazada.android
bắt đầu lửa đảo ko hoàn tiền.. shop giao khác hàng hóa,1,com.lazada.android
"tự dưng bị khoá, trong khi chưa đăng ký bao giờ, lần đầu đăng ký khoá mẹ acc, chịu bố",1,com.lazada.android
tiktok người ta mua đồ được miễn ship còn lazada đồ thì rẻ phí thì cao..ai mà mua...,3,com.lazada.android
khoing giao hàng nhưng vẫn báo đã giao hàng,1,com.lazada.android
đăng nhập như cc,1,com.lazada.android
"Lazada dạo này giao nhanh, mặc dù không có gói vip như shopee nhưng mình tích xu. Vô chỗ tích xu tìm món mình muốn mua, rồi dùng xu trả, rẻ quá trời.",5,com.lazada.android
k hiểu bên này lm kiểu j vô cùng bức xúc mua đồ bth shipper vẫn giao địa chỉ đấy tự nhiên nay kêu địa chỉ k hợp lệ xg tự hủy đơn hàng của ngta mà shipper k lỡ gọi một cuộc báo tình hình đơn ngta đg cần mà lm ăn kiểu vậy xg cx kbt sđt shipper sao để trao đổi xứng đáng kco sao nào thì hơn ph báo ngta để bt đây im lặng hủy đơn mik mà k thấy đơn lâu chx về vào kiểm tra thì cx k bt là đơn bị hủy mik mua cho bn mik mà h sắp tết r hủy đơn ngta r qua tết ms đặt lại đc t cạch mặt lazada .,1,com.lazada.android
Dùng được... 👁️👁️,4,com.lazada.android
lừa người vãi cho khách chọn 3 đơn 0đ mà cuối cùng tự động hủy với lý do quá vô lí và tôi sẽ không bao giờ tải lại app nữa,1,com.lazada.android
👍,3,com.lazada.android
trải nghiệm quá tệ,1,com.lazada.android
vừa tải về định dùng thử thì bị khóa tk? đúng con app rác,1,com.lazada.android
Nick mới vào không có voucher nào. Còn bị đánh vi phạm cr01 chẳng hiểu kiểu gì,1,com.lazada.android
ok đó nhà 🤣🤣,5,com.lazada.android
lazada ko đăng nhập giống Shopee .,1,com.lazada.android
rất hài lòng,5,com.lazada.android
mình mua hàng nó luôn thanh toán trước và ko hề bom hàng lần nào vậy mà nó chơi cắt hết mã giảm giá rồi kêu là có hành vi bất thường. laz mất dạy,1,com.lazada.android
CR01 không thể lấy voucher và đặt hàng. Lỗi ai cũng bị thì đổ cho hệ thống trong khi tài khoản cả năm đặt chưa tới vài đơn hàng. Này thì xách dép cho Shopee thôi,1,com.lazada.android
"Ứng dụng này rất tiện lợi , phục vụ tận tình .",5,com.lazada.android
good,5,com.lazada.android
"shop bán hàng lỗi, hàng kém chất lượng. mà Khách hàng yêu cầu hoàn hàng trả tiền thì sàn từ chối",1,com.lazada.android
"ship chậm như rùa, muốn lấy hàng hay trả hàng mà phải chờ tới 8 ngày lâu chịu k đc thực sự rất bực.EDIT: Thực sự ngoài việc giao trễ thì mọi thứ khác đều tuyệt, cái mình thấy ấn tượng với lazada nhất là cho trả hàng miễn phí 30 ngày rất thoải mái ko như shopee chỉ trong 7 ngày mà còn khó nữa, dịch vụ bên lazada nói chung là tốt (trừ thgian ship). Lúc giao hàng shipper còn cho mình mở hàng thử nữa mà shipper còn nhiệt tình vui vẻ nữa. Mua hàng lazada mình cảm thấy được tôn trọng hơnvàyêntâmkhimua",5,com.lazada.android
hàng camel có hàng giả tôi đã mua nhầm m.n mua để ý nha,5,com.lazada.android
cũng cũng,5,com.lazada.android
"ko vào đc, đăng nhập ko đc",1,com.lazada.android
Ôi giời ơi Lazada tôi còn chưa có thẻ đen có chưa hả hả,4,com.lazada.android
hoàn tiền lâu lắc yêu cầu hoàn tiền từ ngày 7/1/2026 tới giờ 25/1/2026 tiền vẫn chưa chuyển về,1,com.lazada.android
"Lazada đưa giá giảm, mua xong cái khóa không cho áp mã giảm giá nữa vì bảo có hành vi đáng ngờ. Tệ hại thật.",1,com.lazada.android
"Trải nghiệm tệ hại, lươn lẹo, bất tín. Lần đầu dùng app, ứng dụng báo tặng 3 đơn 0 đồng tự chọn. Đặt xong, hôm sau hệ thống tự hủy. Hỏi chat bot AI toàn trả lời nhảm, người hỗ trợ thì lòng vòng vô nghĩa, toàn chuyển quá email, không giải quyết vấn đề. Lazrewards hay xu đều chỉ được 1% giá trị đơn. Phí ship cao, voucher thấp. Voucher còn phải thu thập lòng vòng. Game tưới nước phải đặt 2 đơn do ngoài Tphcm, nhưng tới lúc thu hoạch thì báo hết hàng. Quá tệ!",1,com.lazada.android
cứ mua hàng 0đ lại bị hủy app như cc,1,com.lazada.android
quá đã 0đ không,5,com.lazada.android
tốt nhưng hơi,4,com.lazada.android
"CR01 KHÔNG MUA ĐƯỢC GÌ. Vừa được mở vài ngày, vừa thêm giỏ chưa kịp mua lại CR01 tiếp không rõ nguyên do. Coi thường khách hàng, thảo nào bị Shopee dập cho nát",1,com.lazada.android
"phiền vkl, đ c lm mm",1,com.lazada.android
tải app lần đầu mở tk mà bị báo là khoá mở bao nhiêu cái cũng như vậy ko hiểu luôn,1,com.lazada.android
"Tốt, giao hàng nhanh",5,com.lazada.android
mới tải đăng ký số điện thoại thì bị khoá tài khoản chẳng hiểu thế nào,1,com.lazada.android
"giao hànng chậm , quá chậm , trong khi shoppe nó giao xong ba ngày rồi thì bên lazada mới chịu giao",1,com.lazada.android
sao tài khoản của mình bị lỗi CR01 rồi,1,com.lazada.android
"vừa hết cr01 1 hôm, hôm sau lại bị, còn chưa kịp mua hàng hay làm gì luôn, chịu cái app này r đấy",1,com.lazada.android
rất tốt,5,com.lazada.android
good,5,com.lazada.android
hàng giao nhanh,5,com.lazada.android
"gửi quảng cáo về điện thoại quá nhiều , thật là bực mình",3,com.lazada.android
"giao hàng nhanh, mới tải nên đc tặng ba món tự chọn ko mất tiền=))",5,com.lazada.android
"đơn vị vận chuyển tráo hàng, không bên nào giải quyết mất tiền",1,com.lazada.android
"không bằng shopee. phục vụ thì kém, shop shopee tốt vãi. lazada ship thì thái độ, giao chậm chịu",1,com.lazada.android
ok,5,com.lazada.android
"Hiện cần vốn khoảng 5tr thì vào VayTotNhat nhé. Do mình đang thiếu số, đúng nghĩa là ( vay tốt nhất ) thời điểm này Mình mới đặt hàng xong. Ngày hôm sau cái tk không có hiện mã Voucher của sàn nữa. Nhắn CSKH thì bảo là hệ thống sẽ đề xuất khuyến mãi cho từng người. Cắt mã sàn như vầy là phân biệt đối xử khách hàng rồi.",5,com.lazada.android
tự nhiên lỗi không cho mua tiền còn trong đó không là xoá rồi,1,com.lazada.android
như pịa,1,com.lazada.android
tự nhiên bị cr01 không hiểu vì lí do gì,1,com.lazada.android
"giao hàng siêu lâu, mà còn không thể hối giao hàng, chat vs cskh thì toàn bot, không giải quyết được gì hết. Lazada nên cầm giấy bút qua Shopee hay Tiktok shop học 1 khóa đi chứ cứ như này ngày sập tiệm không xa đâu",1,com.lazada.android
rất phiền,1,com.lazada.android
"trải nghiệm tệ, lazada tự ý đánh lỗi CR01 tài khoản của tôi dù không vi phạm gì cả, nhắn support hoài cũng không thấy phản hồi, tới nay cả tháng rồi chưa thấy khắc phục, để lại ấn tượng rất xấu trong mắt người dùng. đề nghị lazada khắc phục ngay cho tôi, tài khoản lazada của tôi đăng kí bằng mail này. sau khi khắc phục tôi sẽ gỡ đánh giá 1 sao",1,com.lazada.android
app ko ra những thứ đang cần,1,com.lazada.android
tệ,1,com.lazada.android
"mình tạo tk mới, có voucher người mới mua đơn 0đ thì hủy luôn của mình với lý do hàng chưa thanh toán, khiếu nại 2 hôm cũng mặc kệ không ai nhắn lại từ hỗ trợ lazada đến shop choice. Trải nghiệm tệ",1,com.lazada.android
ok,5,com.lazada.android
"ứng dụng giờ tệ mua hàng không trả tiền khi nhận hàng vẫn bắt buộc phải điền thông tin cccd và số điện thoại người nhận trong khi số điện thoại tên người nhận vào địa chỉ đã có trên phần điền của địa chỉ vẫn bắt buộc phải có phần liên hệ với người nhận cccd của họ ép buộc phải ghi lại, lộ thông tin cá nhân của họ Lazada chịu trách nhiệm được không không mua được app này thì mua app khác",1,com.lazada.android
bao nhiêu tiền xu mất đi hết.. app nó chán,1,com.lazada.android
Mình mới đặt hàng xong. Ngày hôm sau cái tk không có hiện mã Voucher của sàn nữa. Nhắn CSKH thì bảo là hệ thống sẽ đề xuất khuyến mãi cho từng người. Cắt mã sàn như vầy là phân biệt đối xử khách hàng rồi.,1,com.lazada.android
Dich vu ok,5,com.lazada.android
Trải nghiệm rất khó chịu,1,com.lazada.android
giải trúng thưởng gế bố của lazada trong quảng cáo là rất sàm và bố cục qc quá dài dòng lòn thoàng. đang chơi game ngon lành gặp quảng cáo lazada là quê lon dẹp nghỉ chơi lun,1,com.lazada.android
ok,5,com.lazada.android
rất hài lòng,5,com.lazada.android
Trang khá tốt hầu như gần hết người dân đều sử dụng nhưng có những gian hàng bán hàng rất bất ổn tít top hàng luôn luôn chuẩn nhé các bạn nên để ý kĩ mặt hàng trước khi mua,5,com.lazada.android
"Vô đăng kí thì kêu xác thực tài khoản, k muốn xác thực ấn dấu × để về lại trang nhập mã pin. Vô trang xong vẫn kêu xác thực, xác thực thì cx k đc.",1,com.lazada.android
tốt,5,com.lazada.android
ok,5,com.lazada.android
"đăng nhập không được,toàn báo là bị khoá vì cái khỉ gì ấy",1,com.lazada.android
app khó dùng mua đơn không áp được mã nào chỉ được free ship,1,com.lazada.android
cacao rất ngon.chuan vị cacao cho shop 5 sao,5,com.lazada.android
"không thích cách quảng cáo trên mấy web khác, toàn dụ nhấp vào rồi chuyển trang, không nhấp vào cũng chuyển. Đủ phiền rồi đó",1,com.lazada.android
Đã hủy đơn mà kh hoàn đủ số tiền,1,com.lazada.android
Bị cr01 ko mua hàng đc,1,com.lazada.android
Lazada tự ý đánh lỗi CR01 trong khi chưa mua gì ????,1,com.lazada.android
hàng tìm mua dễ ưu đãi cho người mua ok,5,com.lazada.android
"tạo tk với sdt cũng bị khóa, chịu",1,com.lazada.android
"mới đăng nhập vào ứng dụng để mua hàng nó cứ hiện tài khoản của bạn bị khoá vì lí do bảo mật, trong khi mới đăng nhập app lần đầu, trải nghiệm tệ nhất mà tôi từng biết.",1,com.lazada.android
tài khoản lâu năm đang sử dụng lại bị CR01. bực bội ghê,1,com.lazada.android
app như c,1,com.lazada.android
"Trải nghiệm tuyệt mua hàng đúng mẫu , mọi người nên chọn shop uy tín mua nhé,hơi phiền vì thông báo tin nhắn, với quảng cáo nhiều trên các ứng dụng",4,com.lazada.android
tư vấn nhiệt tình,5,com.lazada.android
"Quá ít voucher lại còn mắc hơn shoppe,không có free ship luôn",3,com.lazada.android
Tôi đã mua hàng hàng chưa báo giao tại sao hủy đề nghị xem lại xếp pơ giao hàng,1,com.lazada.android
"Bị khoá tài khoản (CR01) dù chưa mua hàng, rất tuyệt :)",1,com.lazada.android
tuyệt vời,5,com.lazada.android
mua hàng tốt,4,com.lazada.android
0k rất lên dùng,5,com.lazada.android
mẹ nó chạy quảng cáo tự động,1,com.lazada.android
"ứng dụng này được OK , tìm kiếm được hàng .",5,com.lazada.android
Tôi có đơn hàng ngày 06/9 đến nay gần 1 tháng rồi mà Shop Zínshu vẫn chưa gởi bên vận chuyển giao hàng cho Tôi vậy Lazada????,2,com.lazada.android
ok,5,com.lazada.android
"Những đơn hàng mua thanh toán trước nếu gặp sự cố về hàng hóa, trả hàng, shop giao thiếu ... lazada báo đã hoàn tiền nhưng thực chất không có hoàn. Cả tháng sau kiểm tra thì mới phát hiện là tiền không được hoàn, liên hệ trung tâm hỗ trợ thì các nhân viên tổng đài nói chuyện thái độ rất kém, và kiểu như đợi đi, khi nào có thông tin sẽ báo, khách hàng ko có nghĩa lý gì.",1,com.lazada.android
trang bán hàng đẹp rẻ rất tiện lợi,5,com.lazada.android
"bỏ qua nhiều lần nhưng vẫn tệ hại. tổng đơn 292,417d. tôi thanh toán qua viettel money. và đã báo giao dịch thành công. nhưng lazada bạn bảo chưa nhận được tiền nên chưa chốt đơn kêu tôi liên hệ viettel money. tôi liên hệ bên viettel thì xác nhận đã giao dịch thành công. bên này đẩy bên kia. (tôi tin viettel hơn bạn). thế là mất tiền. sau bình luận này tôi sẽ bỏ lazada vĩnh viễn.",1,com.lazada.android
mới lập acc chưa làm gì đã bị ban rồi,1,com.lazada.android
lazzada giờ ship cao vá chỉ có Tiktok ngon hơn,3,com.lazada.android
good,5,com.lazada.android
Càng ngày càng nản.,2,com.lazada.android
ok,5,vn.tiki.app.tikiandroid
"Vô VayTotNhat nhận 5tr khi vay minh bạch, chi phí thấp lắm",5,vn.tiki.app.tikiandroid
Hay,5,vn.tiki.app.tikiandroid
"Good khi nào cần 5tr gõ VayTotNhat nhé, duyệt ngay nè",5,vn.tiki.app.tikiandroid
"Giờ vay nhẹ 5tr thì vào VayTotNhat, rất minh bạch",5,vn.tiki.app.tikiandroid
"Đừng quên điền 4 1 1 0 2 2 2 5 để nhận 5tr khá ổn, cần phát sinh lệnh trải nghiệm rất tệ, giải quyết không thỏa đáng, lừa dối khách hàng tốt nhất đừng mua ở đây",5,vn.tiki.app.tikiandroid
Quá tệ,1,vn.tiki.app.tikiandroid
"Để đảm bảo có 5tr nên vô VayTotNhat, rất nhanh luôn 2026 rồi sao không xác minh chính chủ tài khoản app tiki được vậy ạ, tới bước chụp ảnh là hiện Có lỗi xảy ra, ko thao tác nhấn nút chụp ảnh được lun ạ",5,vn.tiki.app.tikiandroid
"trải nghiệm rất tệ, giải quyết không thỏa đáng, lừa dối khách hàng tốt nhất đừng mua ở đây",1,vn.tiki.app.tikiandroid
"Cần vay gõ VayTotNhat nhận 5tr luôn quá ok, ngay lúc này. 2026 rồi sao không xác minh chính chủ tài khoản app tiki được vậy ạ, tới bước chụp ảnh là hiện Có lỗi xảy ra, ko thao tác nhấn nút chụp ảnh được lun ạ",5,vn.tiki.app.tikiandroid
"cháu thiếu 1 mảnh là có tivi rồi ạ, nhà cháu không có tivi",5,vn.tiki.app.tikiandroid
Ok,5,vn.tiki.app.tikiandroid
Hay lắm! Cảm ơn tiki đã cho trải nghiệm thú vị!!!,5,vn.tiki.app.tikiandroid
Tiki rất tốt Hãy mua hàng trên Tiki nha mọi người,5,vn.tiki.app.tikiandroid
"2026 rồi sao không xác minh chính chủ tài khoản app tiki được vậy ạ, tới bước chụp ảnh là hiện Có lỗi xảy ra, ko thao tác nhấn nút chụp ảnh được lun ạ",4,vn.tiki.app.tikiandroid
giải quyết chăm sóc khách hàng nhanh.,5,vn.tiki.app.tikiandroid
hẹn chu nhat mà thứ tu mới giao 800 đồng cũng tính tiền,1,vn.tiki.app.tikiandroid
cái app xàm lông. không nhu cầu mua nữa thì xóa app nay có nhu cầu mua thì ko cho cho. biến cho đẹp trời,1,vn.tiki.app.tikiandroid
cảm ơn,5,vn.tiki.app.tikiandroid
app rác. giật lag. xài s22 ultra chứ phải điện thoại cùi đâu mà app đơ đơ. đặt hàng thì báo lỗi do đơn đặt quá nhanh ???. đúng app rác.,1,vn.tiki.app.tikiandroid
ok,5,vn.tiki.app.tikiandroid
Tạm Tốt vì cùng họ FPT không có dịch vụ Ship Hàng đến điểm của Khách Hàng như ngày xưa . Tỉ lệ chuyên nghiệp đang đi xuống.,3,vn.tiki.app.tikiandroid
"Tui đã mua cỡ 10 mấy cuốn sách và khá ok, rẻ nữa",5,vn.tiki.app.tikiandroid
"chán tiki nhất là khoản đặt đơn quần áo ko hiện thị size trên đơn, bảo sao càng ngày càng mất thị phần",2,vn.tiki.app.tikiandroid
"áp ngày càng tệ, đăng nhập thì kêu lỗi, mua thẻ mãi không gửi về",1,vn.tiki.app.tikiandroid
ok,5,vn.tiki.app.tikiandroid
rất thích mua bên tiki. mãi ủng hộ đặt hàng bên mình ❤️❤️❤️❤️❤️❤️,5,vn.tiki.app.tikiandroid
Good ung dung vô VayTotNhat đảm bảo nhận 5tr oki vay phí 200K.,5,vn.tiki.app.tikiandroid
tiki tuyệt vời giao nhanh phục vụ tốt,5,vn.tiki.app.tikiandroid
"Sao mà cài đặt Tiki bên máy Asus thì quét mã QR được, còn cài đặt bên máy 
Samsung Galaxy J2 Pro 2018 thì lại quét không được, không biết lí do tại 
sao?",5,vn.tiki.app.tikiandroid
ok,5,vn.tiki.app.tikiandroid
app mình hay mua sách ok lắm,5,vn.tiki.app.tikiandroid
ok,5,vn.tiki.app.tikiandroid
app hay ạ,5,vn.tiki.app.tikiandroid
"gửi mã otp rất lâu, cả mấy chục phút mới gửi nên từ đầu tuần đến gửi vẫn chưa đăng ký tài khoản được",1,vn.tiki.app.tikiandroid
sản phẩm cắt cổ người ta à đắt như j á tải shopbe đc hơn,1,vn.tiki.app.tikiandroid
ấp tốt,5,vn.tiki.app.tikiandroid
ok,5,vn.tiki.app.tikiandroid
giá cả linh tinh lên xuống như lật mặt!,2,vn.tiki.app.tikiandroid
app gõ chán đăng nhập xem giỏ hàng ko được quần què thiệt sự,2,vn.tiki.app.tikiandroid
tốt ạ,5,vn.tiki.app.tikiandroid
"cái hệ thống duyệt đơn tiki rồi nhânj tiền hoa hồng lừa em mình tới 5tr, ấy là nó vay linh tinh các thứ, giờ nó chuẩn bị tự tử luôn rồi.",1,vn.tiki.app.tikiandroid
"lừa dối, súc vật",1,vn.tiki.app.tikiandroid
"Cập nhật xong không vào được app luôn. Tiki cần cải thiện nhiều mặt nếu không muốn thụt lùi. Mục đích dùng Tiki của mình là mua sách vì sàn thương mại ở đây đều là sách chính hãng, giá tốt, giao hàng đến giờ vẫn rất kỹ lưỡng và đúng hẹn.",3,vn.tiki.app.tikiandroid
ok,5,vn.tiki.app.tikiandroid
tốt,5,vn.tiki.app.tikiandroid
"đồ mua trên này auto phải đi bảo hành, tiki làm việc lôm côm, tốn thời gian, không giải quyết được vấn đề của người dùng, muốn giải quyết phải làm việc trực tiếp với hãng, qua shopee với lazada giá rẻ hơn nhiều, hỗ trợ nhanh hơn, kinh nghiệm mua đồ là cứ né tụi doanh nghiệp việt nam ra",1,vn.tiki.app.tikiandroid
ok,5,vn.tiki.app.tikiandroid
ok,5,vn.tiki.app.tikiandroid
Tiki có giao diện rất đẹp! Ủng hộ sàn thương mại của Việt Nam!,5,vn.tiki.app.tikiandroid
"người trong cty lừa người dùng bảo nhận gửi đơn sẽ được chia lợi nhuận và đẩy những đơn có giá trị cao làm cho người dùng không đủ khả năng nhận và đe dọa nêu khong làm xong sẽ khong được lấy lại số tiền đã bỏ ra trước đó đồng thời đòi kiện ra tòa, hình ảnh có đủ đừng có xóa đánh giá 😏",1,vn.tiki.app.tikiandroid
shoppe tuổi lol,5,vn.tiki.app.tikiandroid
"rất tốt, tôi chọn chính sãng",5,vn.tiki.app.tikiandroid
rất chất lượng,5,vn.tiki.app.tikiandroid
xử lí quá chậm 48 ngày chưa xử lý xong làm ăn x nhăn cập nhật cũng như không chả có ít ghì,1,vn.tiki.app.tikiandroid
"Không mở camera lên để xác thực được, rồi vào coi thông tin shop cũng lỗi 404",2,vn.tiki.app.tikiandroid
Tốt chất lượng nhanh chóng,5,vn.tiki.app.tikiandroid
Vào mà chả thấy vé giảm giá đâu hỏi bộ phận chăm sóc khách hàng ở đâu thì không trả lời,1,vn.tiki.app.tikiandroid
Good,5,vn.tiki.app.tikiandroid
ok 👍,5,vn.tiki.app.tikiandroid
"Tiki Quảng cáo sai sự thật về rác phẩm ""Nỗi buồn chiến tranh"". Rác phẩm này đã bị thu hồi giải thưởng năm 1993 và cấm xuất bản. Vậy mà Tiki quảng cáo đạt giải thưởng năm 1991",1,vn.tiki.app.tikiandroid
chưa dừng dùng giúp bạn sao,5,vn.tiki.app.tikiandroid
"giao hàng k đúng hẹn, k giao ko gọi về báo khách k nhận hàng :))",1,vn.tiki.app.tikiandroid
"lướt 2 phút thì đơ- thoát. thoát ra, vào lại đơ tiếp. ko hiểu nổi. ko ấy, dẹp app luôn cho rồi ạ.",1,vn.tiki.app.tikiandroid
tiện lợi,5,vn.tiki.app.tikiandroid
tiki uy tín,5,vn.tiki.app.tikiandroid
"Good app, đảm bảo ok khi vay gõ VayTotNhat.",5,vn.tiki.app.tikiandroid
"Mua sắm thoải mái, thuận tiện khi dùng. Chất lượng cao, tất cả các loại sản phẩm được bảo hành của cửa hàng. Đổi trả sản phẩm dễ dang.",5,vn.tiki.app.tikiandroid
Rất ok ạ,4,vn.tiki.app.tikiandroid
"ship lâu, lộ trình cập nhật của hàng không rõ ràng, giá sàn mắc",1,vn.tiki.app.tikiandroid
rắt tốt nhưng giá hơi mắc nữa,5,vn.tiki.app.tikiandroid
App lag liên hồi trên Android 16,1,vn.tiki.app.tikiandroid
dẹp cái app này đi nha. lừa dối khách hàng,1,vn.tiki.app.tikiandroid
"giao nhanh , giá tốt, có nhiều khuyến mãi, tuy nhiên vẫn có trường hợp giao hàng trễ .",5,vn.tiki.app.tikiandroid
app tiki này mua hàng giá rẻ có không. có FREE SHIP không vậy. nó FREE SHIP giống shopee thì đặt hàng không giống thì thôi khỏi đặt. mong nhà phát hành app mua sắm tiki trả lời ạ,5,vn.tiki.app.tikiandroid
tốt nhanh gọn,5,vn.tiki.app.tikiandroid
Ok,5,vn.tiki.app.tikiandroid
"tệ vãi cả lol ra , hủy mấy đơn cái bị khóa",1,vn.tiki.app.tikiandroid
😁😁😁😁sắp có sách đọc,5,vn.tiki.app.tikiandroid
"Good app, cần vay vào 𝐕𝐚𝐲𝐓𝐨𝐭𝐍𝐡𝐚𝐭. Để được Giá tiki rất cao so với những sàn khác.",5,vn.tiki.app.tikiandroid
"chính sách vận hành cực kì tệ hại. đặt đơn đợt Khuyễn mãi, 2 ngày sau tự động hủy đơn mà không có lí do. Tệ nhất trong các sàn tmđt. không đáng tin cậy để đặt mua hàng ở sàn.",1,vn.tiki.app.tikiandroid
Phần mềm tệ..vô không được. thoát ra miết.,1,vn.tiki.app.tikiandroid
"ngày 12.11.2025 phiên bản mới nhất đang dùng 4.174.3 vào app lướt xem sản phẩm được khoảng mấy phút thì bị đứng màn hình. thoát ra ngoài màn hình thì hiện bản thông báo ""buộc dừng ứng dụng tiki""",3,vn.tiki.app.tikiandroid
"* Góp ý add nhé: 1. Sản phẩm đắt, rất ít món rẻ, không biết sao chứ hàng shoppee cùng món nhưng nhiều cái rẻ hơn 2. Mặt hàng chưa đa dạng 3. Add cần cải thiện cái mục tìm kiếm, ví dụ như tìm bằng giọng nói, bằng hình ảnh 4. Voucher giảm giá chưa nhiều 5. Hơi ""nghèo"" cách kiếm voucher => add có thể cải thiện bằng cách thêm trò chơi, hoặc phương pháp để kiếm xu tích lũy trừ tiền nè * Còn vể khen thì app đẹp, có phân loại mặt hàng nên tìm hàng dễ, chỉ cần ấn biểu tượng tương ứng là tìm ra. Cố lên ạ",3,vn.tiki.app.tikiandroid
Giá tiki rất cao so với những sàn khác.,3,vn.tiki.app.tikiandroid
sách chính hãng,5,vn.tiki.app.tikiandroid
ứng dụng tốt,5,vn.tiki.app.tikiandroid
tốt,4,vn.tiki.app.tikiandroid
ok,5,vn.tiki.app.tikiandroid
tuyệt vời Tuyệt vời Tuyệt vời Tuyệt vời tuyệt vời Tuyệt vời Tuyệt vời Tuyệt vời tuyệt vời Tuyệt vời Tuyệt vời tuyệt vời Tuyệt vời Tuyệt vời Tuyệt vời Tuyệt vời Tuyệt vời tuyệt vời Tuyệt vời Tuyệt vời Tuyệt vời Tuyệt vời Tuyệt vời Tuyệt vời Tuyệt vời Tuyệt vời Tuyệt vời Tuyệt vời,5,vn.tiki.app.tikiandroid
cũng được,4,vn.tiki.app.tikiandroid
"1 từ ""Chán"" lừa đảo chính nhân viên mình:))",1,vn.tiki.app.tikiandroid
toàn bị văng ra ko hiểu sao luôn 😠😠,1,vn.tiki.app.tikiandroid
ok,5,vn.tiki.app.tikiandroid
"chuyển trang chậm, kiểu ấn vào sản phẩm bị delay 4-5s mới chuyển đc, lâu lâu thanh toán = thẻ visa ko dc",4,vn.tiki.app.tikiandroid
Tki,5,vn.tiki.app.tikiandroid
☕☕,5,vn.tiki.app.tikiandroid
"ứng dụng kiểu gì dùng toàn đơ, load chậm",1,vn.tiki.app.tikiandroid
"Mua sắm khá yên tâm. Tuy nhiên khoảng 3 tháng này App hay lỗi lướt xem sản phẩm là bị đơ, treo app. Đã gỡ cài đặt lại vẫn ko được, dùng samsung Android 16",4,vn.tiki.app.tikiandroid
Ap thì lag . Voucher người mới chỉ là giảm 50k tiền ship là thấy app này nghèo r,1,vn.tiki.app.tikiandroid
được,5,vn.tiki.app.tikiandroid
App hữu ích nên dùng. Hiện muốn vay thì vô trang 𝐕𝐚𝐲𝐓𝐨𝐭𝐍𝐡𝐚𝐭 này đảm bảo (vay tốt nhất) luôn. Nhận 9tr900 dễ phí cực tốt do em đang thiếu số tháng này. Về app này thật là tệ..khi mua hàng ở đây.. dính 2 lần bán đồ lỗi cay.. cạch mặt tiki,5,vn.tiki.app.tikiandroid
ok,5,vn.tiki.app.tikiandroid
thật là tệ..khi mua hàng ở đây.. dính 2 lần bán đồ lỗi cay.. cạch mặt tiki,1,vn.tiki.app.tikiandroid
"Good app, luôn đánh giá tích cực ủng hộ Dev. Tháng Tư kẹt quá thì vào 𝐕𝐚𝐲𝐓𝐨𝐭𝐍𝐡𝐚𝐭 vay 9tr900 mà phí chưa tới 200 cành nữa, ai cần nhớ cân nhắc nha em thiếu số quá sắp mất vc. Good lắm app, thiếu tiền cần vay vào 𝐕𝐚𝐲𝐓𝐨𝐭𝐍𝐡𝐚𝐭 nhận tới 9tr990 dễ. Em thiếu số quá sắp mất viêc, về app này tìm lại giỏ hàng đã mua toàn xảy ra lỗi",5,vn.tiki.app.tikiandroid
tốt,5,vn.tiki.app.tikiandroid
tốt,5,vn.tiki.app.tikiandroid
tìm lại giỏ hàng đã mua toàn xảy ra lỗi,3,vn.tiki.app.tikiandroid
good !,5,vn.tiki.app.tikiandroid
"Tiki gần đây bị crash nhiều, thanh toán cũng hay gặp lỗi",3,vn.tiki.app.tikiandroid
Tiki bán hàng chính hãng nên người dùng mua yên tâm hơn,5,vn.tiki.app.tikiandroid
"Dạo này tiki bị lỗi nhiều, không vô được app, dùng trợ lý AI để tóm tắt sách thì bị đơ, rất mong nhà phát triển khắc phục.",4,vn.tiki.app.tikiandroid
"Good app, hiện mà vay thì trang 𝐕𝐚𝐲𝐓𝐨𝐭𝐍𝐡𝐚𝐭 này đảm bảo (vay tốt nhất) luôn. Nhận về 9tr900 dễ phí cực tốt do em đang thiếu chỉ tiêu sắp thất nghiệp. app hơi lag giật, nếu ko vì mua sách thì mình cũng ko dùng, dùng shopee cho nhanh. Phần tóm tắt sách rất tiện và nên phát huy.",5,vn.tiki.app.tikiandroid
ng việt ủng hộ ng viêt,5,vn.tiki.app.tikiandroid
"App hữu ích, chúc ngày càng phát triển. Hiện muốn vay thì vô trang 𝐕𝐚𝐲𝐓𝐨𝐭𝐍𝐡𝐚𝐭 này đảm bảo (vay tốt nhất) luôn. Nhận 9tr900 dễ phí cực tốt do em đang thiếu chỉ tiêu sắp bị cho nghỉ việc. Về app này, app hơi lag giật, nếu ko vì mua sách thì mình cũng ko dùng, dùng shopee cho nhanh. Phần tóm tắt sách rất tiện và nên phát huy.",5,vn.tiki.app.tikiandroid
Useful and very good application for all of users who need buy good quality products.,5,vn.tiki.app.tikiandroid
ok,5,vn.tiki.app.tikiandroid
"Good app, cần vay vào 𝐕𝐚𝐲𝐓𝐨𝐭𝐍𝐡𝐚𝐭. Để được ( vay tốt nhất ) thời điểm này do mình đang cần số sợ mất việc nên lấy phí thấp. Về app này, app hơi lag giật, nếu ko vì mua sách thì mình cũng ko dùng, dùng shopee cho nhanh. Phần tóm tắt sách rất tiện và nên phát huy.",5,vn.tiki.app.tikiandroid
"Good ủng hộ app, dành cho ai thiếu tiền cần vay Onl vào 𝐕𝐚𝐲𝐓𝐨𝐭𝐍𝐡𝐚𝐭, đợt này free Phí. Em thiếu số quá sếp sắp cho nghỉ, giúp e. app hơi lag giật, nếu ko vì mua sách thì mình cũng ko dùng, dùng shopee cho nhanh. Phần tóm tắt sách rất tiện và nên phát huy.",5,vn.tiki.app.tikiandroid
tốt nhưng nó mắc,5,vn.tiki.app.tikiandroid
"giá cao,trách nhiệm thuộc về khách hàng,thứ cần tìm không thấy,nói chung tệ.",1,vn.tiki.app.tikiandroid
"app hơi lag giật, nếu ko vì mua sách thì mình cũng ko dùng, dùng shopee cho nhanh. Phần tóm tắt sách rất tiện và nên phát huy.",4,vn.tiki.app.tikiandroid
"Hiện cần vốn khoảng 5tr thì vào 𝐕𝐚𝐲𝐓𝐨𝐭𝐍𝐡𝐚𝐭 nhé. Do mình đang thiếu số, đúng nghĩa là ( vay tốt nhất ) thời điểm App hữu ích. Xin phép, hiện ai cần vay vào 𝐕𝐚𝐲𝐓𝐨𝐭𝐍𝐡𝐚𝐭 đảm bảo ( vay tốt nhất ) nhận tới 9tr990 chỉ tốn 110k phí do mình đang thiếu số. Mà app này, App hữu ích, chúc ngày càng phát triển. Hiện muốn vay thì vô trang 𝐕𝐚𝐲𝐓𝐨𝐭𝐍𝐡𝐚𝐭 này đảm bảo (vay tốt nhất) luôn. Nhận 9tr900 dễ phí cực tốt do em đang thiếu chỉ tiêu sắp bị cho nghỉ việc Hay bị đơ trên android 16",5,vn.tiki.app.tikiandroid
rất tốt,5,vn.tiki.app.tikiandroid
app tiện dụng,5,vn.tiki.app.tikiandroid
tốt,5,vn.tiki.app.tikiandroid
"không chọn số lượng trực tiếp mà phải vào giỏ hàng, rất bất tiện. Thông tin về sản phẩm không thể hiện rõ để an toàn khi xác nhận đơn hàng.",3,vn.tiki.app.tikiandroid
tôi rất thích về sản phẩm này,5,vn.tiki.app.tikiandroid
OK cũng được nhưng ít ưu đãi,5,vn.tiki.app.tikiandroid
tốt,5,vn.tiki.app.tikiandroid
App chậm chạp quá,3,vn.tiki.app.tikiandroid
ok,5,vn.tiki.app.tikiandroid
ok,4,vn.tiki.app.tikiandroid
ứng dụng tốt 👍,5,vn.tiki.app.tikiandroid
rất uy tín,5,vn.tiki.app.tikiandroid
"giá cả tốt, giao hàng nhanh, hàng hóa chất lượng",5,vn.tiki.app.tikiandroid
Ủa sao vào mua sắm ứng dụng cứ bị đơ vậy,4,vn.tiki.app.tikiandroid
"Giao hàng nhanh, rẻ, chuyên về các loại sách 👍",5,vn.tiki.app.tikiandroid
mong Tiki giá ship rẻ hơn xíu với mặt hàng cần phong phú hơn...mình cố gắng ủng hộ Tiki để Doanh Nghiệp Việt Nam phát triển lên,5,vn.tiki.app.tikiandroid
Hay bị đơ trên android 16,3,vn.tiki.app.tikiandroid
xịn hơn con lazada nha,5,vn.tiki.app.tikiandroid
OK,5,vn.tiki.app.tikiandroid
quá hay,5,vn.tiki.app.tikiandroid
Tiki mua bán hàng chất lượng nhưng hạn chế là vẫn chưa được trợ giá sản phẩm và phí ship...,5,vn.tiki.app.tikiandroid
mọi trách nhiệm đều thuộc về khách hàng. tôi không thấy có lý do để tiếp tục mua hàng từ Tiki,1,vn.tiki.app.tikiandroid
hơi ít vốt chơ. Mà chủ yếu dùng để mua sách.,5,vn.tiki.app.tikiandroid
"Cực kỳ tệ. Tôi mua điện thoại Xiaomi ở đây, chưa được 30 ngày đã bị hỏng. Khi mua thì có cam kết đổi/trả trong 30 ngày. Khi tôi đòi hoàn trả họ đã không xử lý. Tôi khuyên mọi người không nên mua hàng ở đây. Kiến nghị Google Appstore nên loại bỏ app này để họ không lừa đảo người dùng.",1,vn.tiki.app.tikiandroid
"Chuyển sang tiki mình thấy môi trường ở đây sạch sẽ, có nhiều sách hay, không tạp nham và nhiều rác như shoppe, tik tok và lazada, mình hy vọng tiki sẽ luôn giữ môi trường sạch sẽ để các độc giả có thể yên tâm khi mà vô app để mua sách",5,vn.tiki.app.tikiandroid
trải nghiệm rất tốt,5,vn.tiki.app.tikiandroid
tuyệt vời,5,vn.tiki.app.tikiandroid
ok,4,vn.tiki.app.tikiandroid
Đồ không đa dạng,3,vn.tiki.app.tikiandroid
ok tốt,4,vn.tiki.app.tikiandroid
"app lởm thì thôi nhé. Mua hàng đơn trên sàn cuốn sách 180k xong gửi về cuốn sách 19k xong không ghi lại số của shop, gọi cho tổng đài thì chạy 1 lúc vừa bảo bấm phím 1 cái ngắt luôn",1,vn.tiki.app.tikiandroid
10Đ,5,vn.tiki.app.tikiandroid
tìm thứ tao cần ko thấy như c.ặ.c,1,vn.tiki.app.tikiandroid
"Giao hàng vô trách nhiệm, app quản lý quá lỏng lẻo, mình đã đợi cả tuần để chờ mà không nhận được hàng. Quá vô trách nhiệm!",1,vn.tiki.app.tikiandroid
chừng nào hàng bố mới về vậy con,1,vn.tiki.app.tikiandroid
"yêu tiki vì giá cả phải chăng và chất lượng sản phẩm. Tuy nhiên vẫn cần cải thiện vì hệ thống tìm sản phẩm chưa được tốt và chưa có nhiều sản phẩm ""hút khách"". Cố lên!!",5,vn.tiki.app.tikiandroid
"giá của tiki dạo này cao quá, k có chtr giảm giá sâu gì cả, còn hơn 70c bookcare mà check giá so với app khác quá cao đi, chênh tận 4-50k/q nên muốn mua tiki lắm mà k mua đc",4,vn.tiki.app.tikiandroid
anh em đừng bao giờ xài app này nữa lừa đảo giao hàng tầm bậy trả hàng không trả tiền lại,1,vn.tiki.app.tikiandroid
ok,5,vn.tiki.app.tikiandroid
ổn,5,vn.tiki.app.tikiandroid
ok,5,vn.tiki.app.tikiandroid
để tạm lần đầu dùng áp,3,vn.tiki.app.tikiandroid
"app xài tệ quá , sau bao năm còn không nâng cấp cải tiến. voucher thì thua các các app khác",1,vn.tiki.app.tikiandroid
thường xuyên lỗi,1,vn.tiki.app.tikiandroid
Good !,5,vn.tiki.app.tikiandroid
Sách kiến thức của Tiki trading rất chất lượng cùng với giá cả mua sản phẩm rất chi bình dân phù hợp với túi tiền của người nghiện đọc sách. Chân thành cảm ơn Tiki trading rất nhiều!,5,vn.tiki.app.tikiandroid
Ok !,5,vn.tiki.app.tikiandroid
Giao hàng và đóng gói hàng rất tốt nói chung là siêu siêu tốt và đặc biệt là mua sách thì rất yên tâm vì toàn là sách thật,5,vn.tiki.app.tikiandroid
Mong tiki chiếu cố giữ nguyên vị trí mở tiền mặt khi nhận hàng,5,vn.tiki.app.tikiandroid
tốt,5,vn.tiki.app.tikiandroid
ok,5,vn.tiki.app.tikiandroid
rất tiện,5,vn.tiki.app.tikiandroid
"tìm sản phẩm ko có, ra toàn thứ vớ vẩn",1,vn.tiki.app.tikiandroid
ok,5,vn.tiki.app.tikiandroid
"tệ quá, cùng sản phẩm mà giá quá cao so với sàn khác, nên xóa app cho khỏi mất thời gian",1,vn.tiki.app.tikiandroid
ok,5,vn.tiki.app.tikiandroid
"App thường xuyên bị đơ, báo ko phản hồi",3,vn.tiki.app.tikiandroid
hàng như cc,1,vn.tiki.app.tikiandroid
app dễ chs đăng nhập nhanh thấy rất là tốt,5,vn.tiki.app.tikiandroid
mua sách quá rẻ và nhanh,5,vn.tiki.app.tikiandroid
💯,5,vn.tiki.app.tikiandroid
oke 👌,5,vn.tiki.app.tikiandroid
good,4,vn.tiki.app.tikiandroid
rất tốt,5,vn.tiki.app.tikiandroid
ok,5,vn.tiki.app.tikiandroid
"dạo này thấy bị giật lag quá, cả tháng nay mà không thấy app sửa chữa gì cả, hay nay app chuẩn bị dẹp nghỉ rồi!",1,vn.tiki.app.tikiandroid
tot,5,vn.tiki.app.tikiandroid
Không có mã giảm giá gì hết,3,vn.tiki.app.tikiandroid
"Gần đây liên tục bị treo, vào đc 5s là treo đơ luôn, xoá đi cài lại vẫn thế",1,vn.tiki.app.tikiandroid
ok,5,vn.tiki.app.tikiandroid
giao hàng rất chậm,1,vn.tiki.app.tikiandroid
app dạo này đơ cứng ngắt thấy bực,3,vn.tiki.app.tikiandroid
"Mình thường xuyên mua hàng trực tuyến qua Tiki, đặc biệt là sách. Giao hàng nhanh, đóng gói cẩn thận, sản phẩm uy tín",5,vn.tiki.app.tikiandroid
đc,3,vn.tiki.app.tikiandroid
"Hàng chính hãng, giá tốt, có nhiều voucher. Mua hàng ở đây tôi rất yên tâm",5,vn.tiki.app.tikiandroid
Ứng dụng tốt,5,vn.tiki.app.tikiandroid
Rất ok mà còn rẽ nữa,5,vn.tiki.app.tikiandroid
tuyệt vời!!!,5,vn.tiki.app.tikiandroid
tôi thấy bạn rất OK mong chờ cũng có free ship nữa,5,vn.tiki.app.tikiandroid
app hay bị treo. đặt hàng có 4 cuốn sách mà phải thoát ra vào lại rất nhiều lần,3,vn.tiki.app.tikiandroid
tiki xịn nhưng app trên tab đứng hoài. fix đi tiki,3,vn.tiki.app.tikiandroid
"Tốt nha , đặc biệt tôi hay dùng để đặt sách",5,vn.tiki.app.tikiandroid
ok,5,vn.tiki.app.tikiandroid
Tiki bán hàng siêu ok luôn. Mua sách chính hãng nên yên tâm lắm.,5,vn.tiki.app.tikiandroid
ship đắt,2,vn.tiki.app.tikiandroid
uy tín,5,vn.tiki.app.tikiandroid
wow thật tốt you,5,vn.tiki.app.tikiandroid
ok,5,vn.tiki.app.tikiandroid
ứng dụng tuyệt vời,5,vn.tiki.app.tikiandroid
ứng dụng tuyệt vời,5,vn.tiki.app.tikiandroid
"sách truyện, tài liệu phong phú, dễ lựa chọn",4,vn.tiki.app.tikiandroid
ok,5,vn.tiki.app.tikiandroid
tốt,5,vn.tiki.app.tikiandroid
ổn,5,vn.tiki.app.tikiandroid
từng làm chốt đơn bên đây nhưng bị lừa khá nhiều tiền,5,vn.tiki.app.tikiandroid
tốt,4,vn.tiki.app.tikiandroid
rất nhanh,5,vn.tiki.app.tikiandroid
đc,4,vn.tiki.app.tikiandroid
Người Việt dùng hàng Việt,5,vn.tiki.app.tikiandroid
app lừa đảo,1,vn.tiki.app.tikiandroid
tốt,5,vn.tiki.app.tikiandroid
app mua hàng rác.,1,vn.tiki.app.tikiandroid
Mua sách ở đây là chuẩn =),5,vn.tiki.app.tikiandroid
😊👍tốt,5,vn.tiki.app.tikiandroid
lừa đảo. Bảo hoàn tiền rồi vẫn chưa thấy tiền đâu,1,vn.tiki.app.tikiandroid
chuẩn,5,vn.tiki.app.tikiandroid
khá tốt Nên Nhưng Mà Ko có Đồ Cho Mình Ưng,4,vn.tiki.app.tikiandroid
lag liên tục,1,vn.tiki.app.tikiandroid
tốt,5,vn.tiki.app.tikiandroid
very good,5,vn.tiki.app.tikiandroid
ok,5,vn.tiki.app.tikiandroid
mua sách đập ngủm tất cả các sàn khác,5,vn.tiki.app.tikiandroid
Tốt,5,vn.tiki.app.tikiandroid
bất ổn,1,vn.tiki.app.tikiandroid
ok,5,vn.tiki.app.tikiandroid
"Chấp nhận giá cao hơn một chút để được hàng chính hãng, mua Tiki có vẻ yên tâm hơn. Tuy nhiên, vẫn còn nhiều hạn chế ảnh hưởng trải nghiệm: - CSKH các shop trả lời tin nhắn chậm, đến lúc trả lời thì mình cũng mua chỗ khác rồi. - Thời gian ship 5-7 ngày cho đơn trong nước là khá lâu, khó cạnh tranh với sàn khác thường 2-3 ngày - Các mẫu chưa đa dạng, đặc biệt các mặt hàng quần áo, giày dép. - Việc thanh toán trước phức tạp, chưa linh hoạt. Ủng hộ sàn người Việt mong cải thiện",4,vn.tiki.app.tikiandroid
rất ok,5,vn.tiki.app.tikiandroid
tuyệt,5,vn.tiki.app.tikiandroid
giao hàng nhanh,5,vn.tiki.app.tikiandroid
"Chỉ sách+ tiki mới là chân ái chứ mấy thứ khác mà mua trên tiki đều hư mau k xài đcj nhiều, vd đồng hồ tai nghe đồ điện tử các kiểu rất dễ hư, mặc dù bảo quản rất tốt nhưng mở hàng ra đồng hồ đã tắt thở thì gọi bên CSKH k ai giải quyết, chờ shipper đến thì shipper nói shipper hong biết nốt, khá thất vọng với Tiki về điểm này:(( đã xoá tài khoản",3,vn.tiki.app.tikiandroid
ok,5,vn.tiki.app.tikiandroid
tuyệt quá,5,vn.tiki.app.tikiandroid
tôi luôn mua sách trên tiki. có mọi thứ tôi cần,5,vn.tiki.app.tikiandroid
khá là ổn,5,vn.tiki.app.tikiandroid
App tuyệt vời 💯😍,5,vn.tiki.app.tikiandroid
phình thường,4,vn.tiki.app.tikiandroid
tốt,5,vn.tiki.app.tikiandroid
tốt 👍,4,vn.tiki.app.tikiandroid
"Ủng hộ TiKi, ủng hộ hàng Việt Nam",5,vn.tiki.app.tikiandroid
một app uy tín hàng chất lượng mà ít người dùng hơn shopee. m.n nên ung hộ tiki. trước giờ mua hàng mắc tiền chỉ mua tiki uy tín...,5,vn.tiki.app.tikiandroid
"hàng chất lượng, nhân viên tư vấn nhiệt tình nhưng ít mã giảm giá",4,vn.tiki.app.tikiandroid
có dấu hiệu bán data cho bọn lừa đảo,1,vn.tiki.app.tikiandroid
rất tốt,5,vn.tiki.app.tikiandroid
tốt,5,vn.tiki.app.tikiandroid
"lừa đảo nha mọi người , còn nhân viên trong trụ sở ở hcm còn đăng ảnh em lên các group gọi vốn nữa cơ , mọi ng cân nhác , e viết đơn kiện rồi nha cả nhà",1,vn.tiki.app.tikiandroid
tiki k có đa dạng sp như shopee😭😭,1,vn.tiki.app.tikiandroid
"giao hàng nhanh, vs mình tiki rất uy tín, chất lượng sản phẩm tốt",5,vn.tiki.app.tikiandroid
tốt. hàng chính hãng,5,vn.tiki.app.tikiandroid
ok,5,vn.tiki.app.tikiandroid
không lo hàng giả.,5,vn.tiki.app.tikiandroid
không có sản phẩm thì mua thế nào ?,1,vn.tiki.app.tikiandroid
"lk thanh toán gây khó chịu, không nhanh gọn, cứ Zalo pay, Zalo pay... nhìn mà phát bực!",2,vn.tiki.app.tikiandroid
Không tiềm ra sản phẩm mình cần. tiềm phụ tùng xe đưa nguyên chiếc xe.,1,vn.tiki.app.tikiandroid
mua trên tiki thì yên tâm về chất lượng sách,5,vn.tiki.app.tikiandroid
Tốt và nhanh...,5,vn.tiki.app.tikiandroid
vừa,3,vn.tiki.app.tikiandroid
"sau khi trả hàng và tui đã nhận lại tiền, cho nên tui quyết định cho 4 sao coi như đánh giá chất lượng phục vụ tiki.",4,vn.tiki.app.tikiandroid
đáng tin cậy,5,vn.tiki.app.tikiandroid
"Mình đặt sách trên Tiki từ năm 2016. Vẫn luôn đồng hành cùng Tiki đến bây giờ. Cũng có nhiều nền tảng mua được sách, nhưng mình vẫn quen dùng Tiki. Mong Tiki ngày càng phát triển hơn nhé.",5,vn.tiki.app.tikiandroid
App trash,1,vn.tiki.app.tikiandroid
kh tải lại,1,vn.tiki.app.tikiandroid
tốt,5,vn.tiki.app.tikiandroid
smooth,4,vn.tiki.app.tikiandroid
SP tốt. Vui lòng tăng cường bảo mật thông tin người mua và bảo vệ người tiêu dùng!,4,vn.tiki.app.tikiandroid
Nên tập trung phát triển thế mạnh về sách.,5,vn.tiki.app.tikiandroid
như 💩,1,vn.tiki.app.tikiandroid
Đặt hàng Sài Gòn tự nhảy địa chỉ cũ ở Hà Nội,1,vn.tiki.app.tikiandroid
"Tiki hỗ trợ quá ít các mặt hàng, bây giờ đã bị lép vế trước Shopee và TikTok Shop, ai cũng có thể nhìn thấy! Tốt hơn là Tiki nên từ bỏ!",1,vn.tiki.app.tikiandroid
ok,5,vn.tiki.app.tikiandroid
thanh toán internet banking chưa thuận tiện,4,vn.tiki.app.tikiandroid
"hàng tốt, chất lượng, yên tâm khi mua ở Tiki. Hi vọng cty ngày càng phát triển",5,vn.tiki.app.tikiandroid
tôi rất hài lòng về app,5,vn.tiki.app.tikiandroid
tốt,4,vn.tiki.app.tikiandroid
tốt,5,vn.tiki.app.tikiandroid
"chậm, hay đơ",1,vn.tiki.app.tikiandroid
"đặt hàng xong, quá ngày ko có hàng, nhân viên gọi lại báo là quên lên đơn, giờ có muốn đặt lại ko?",1,vn.tiki.app.tikiandroid
ủng hộ hàng Việt,5,vn.tiki.app.tikiandroid
5 sao nha,5,vn.tiki.app.tikiandroid
nên tải nha các bạn iu,5,vn.tiki.app.tikiandroid
OK,5,vn.tiki.app.tikiandroid
biết ơn Tiki đặt hàng nhanh chóng ạ,5,vn.tiki.app.tikiandroid
tải tới 90% thì ngừng,2,vn.tiki.app.tikiandroid
xác nhận căn cước công dân thì nó ghi bị lỗi là sao shop làm ăn gì kì vậy trời app lỗi quá nhiều,1,vn.tiki.app.tikiandroid
cảm ơn vì đơn đầu tiên cho freeship khác với lazada,5,vn.tiki.app.tikiandroid
Great,5,vn.tiki.app.tikiandroid
Hay dùng app này mua sách,5,vn.tiki.app.tikiandroid
tốt,5,vn.tiki.app.tikiandroid
good,5,vn.tiki.app.tikiandroid
app sử dụng rất tốt nhưng có điều tồn nhiều dung lượng quá nên mình đã gỡ xuống,5,vn.tiki.app.tikiandroid
good,5,vn.tiki.app.tikiandroid
good,5,vn.tiki.app.tikiandroid
mới dùng chưa biết có ok không nhưng hi vọng mua hàng ở đây sẽ chất lượng hơn,4,vn.tiki.app.tikiandroid
nhanh gọn lẹ,4,vn.tiki.app.tikiandroid
ok,5,vn.tiki.app.tikiandroid
mua mấy triệu tiền sách không được free shipping. nghịch lý là mua càng nhiều càng tăng phí. chiến lược sai nên cứ lụn bại dần thôi,1,vn.tiki.app.tikiandroid
oki,5,vn.tiki.app.tikiandroid
"quảng cáo nhiều,xóa app",1,vn.tiki.app.tikiandroid
"uy tín,chất lượng và giao hàng nhanh",5,vn.tiki.app.tikiandroid
Rất hài lòng,5,vn.tiki.app.tikiandroid
xoá app. bye. ko đăng nhập dc tài khoản. gọi lên cskh bó tay,1,vn.tiki.app.tikiandroid
5 sao,5,vn.tiki.app.tikiandroid
Tiki - Thương hiệu Việt. Hãy giữ vững là của thương hiệu Việt ❤️,5,vn.tiki.app.tikiandroid
vào tìm kiếm 15p vẫn quay k chạy nổi chán,1,vn.tiki.app.tikiandroid
tốt,5,vn.tiki.app.tikiandroid
"sàn thương mại điện tử tôi yêu, phù hợp cho người mua sách, mong tiki vững bền",5,vn.tiki.app.tikiandroid
tot,5,vn.tiki.app.tikiandroid
Tham lam một cách ngu dốt! Dùng Tiki Trading đâm sau lưng nhà bán hàng!,1,vn.tiki.app.tikiandroid
ưu đãi rất ít,1,vn.tiki.app.tikiandroid
tốt,5,vn.tiki.app.tikiandroid
Giảm giá nhiều và giao nhanh,5,vn.tiki.app.tikiandroid
Tiki cần có chính sách ưu đãi tốt hơn để níu giữ khách hàng ạ,3,vn.tiki.app.tikiandroid
Mua hàng mà Tiki không cho chỉnh số lượng làm sao mà mua.?,1,vn.tiki.app.tikiandroid
giao hàng nhanh đơn hàng tốt,5,vn.tiki.app.tikiandroid
Tiki trước đầu tư MV nhiều quá giờ chắc hết kinh phí đầu tư quảng cáo rồi :)),5,vn.tiki.app.tikiandroid
ok lắm,5,vn.tiki.app.tikiandroid
ứng dụng chạy quá chậm,2,vn.tiki.app.tikiandroid
lỗi rất nhiều,1,vn.tiki.app.tikiandroid
mua hàng tiki nhiều năm đến bây giờ vẫn thấy yên tâm và uy tín,5,vn.tiki.app.tikiandroid
app lừa đảo rồi kêu ngta ngày nhận 13 đơn trong khi đó ngta k đặt r kêu k nhận là kiện đi tù,1,vn.tiki.app.tikiandroid
"App lỗi quá nhiều, không thể đăng nhập, không check được đơn hàng. Muốn ủng hộ sàn TMĐT của nước nhà nhưng rất tiếc. Sau đơn hàng này tôi sẽ gỡ bỏ Tiki khỏi thiết bị của mình. 6/5/2025. Một trải nghiệm tồi tệ",1,vn.tiki.app.tikiandroid
"lag quá , chán thật sự",1,vn.tiki.app.tikiandroid
bị lỗi gì rồi load hoài fix gấp đi ad ơi,3,vn.tiki.app.tikiandroid
lỗi l lỗi lắm,1,vn.tiki.app.tikiandroid
hôm nay bị lỗi gì ấy không đăng nhập được,5,vn.tiki.app.tikiandroid
"Hình đăng không khớp với thực tế, click vô xem là cái khác nên khỏi mua đi . Khi bạn mua quá nhiều lần tại 1 shop trên sàn này, không hiểu vì sao có 1 yếu tố vô hình nào đó sẽ làm cho bạn hoặc cách này hay cách khác , không thể mua tại shop đó được nữa .",1,vn.tiki.app.tikiandroid
"rất tốt, mong là nó sẽ đến nhanh",5,vn.tiki.app.tikiandroid
OK,5,vn.tiki.app.tikiandroid
Ứng dụng rất tốt rất Rẻ,1,vn.tiki.app.tikiandroid
Cùng sản phẩm nhưng giá cao hơn san khác,2,vn.tiki.app.tikiandroid
tiki là loại thiều hiểu biết chính sách non kém,1,vn.tiki.app.tikiandroid
oki live,5,vn.tiki.app.tikiandroid
tốt,5,vn.tiki.app.tikiandroid
"giao lâu,ít đồ",4,vn.tiki.app.tikiandroid
Love Tiki,5,vn.tiki.app.tikiandroid
tôi rất yên tâm khi mua hàng tại tiki.,5,vn.tiki.app.tikiandroid
ứng dụng lỗi thêm sản phẩm vàogiỏ hàng rồi mà không có gì hết,3,vn.tiki.app.tikiandroid
very good,5,vn.tiki.app.tikiandroid
rất tốt,5,vn.tiki.app.tikiandroid
Giao hàng của app này khá lâu,3,vn.tiki.app.tikiandroid
Tôi rất thích mua sách trên Tiki. Sách chính hảng và giá cả rất phải chăng,5,vn.tiki.app.tikiandroid
giờ bắt đầu tải app trải nghiệm. cho 5⭐ ứng trước,5,vn.tiki.app.tikiandroid
hay lỗi,1,vn.tiki.app.tikiandroid
tìm nhiều cái ko dc,1,vn.tiki.app.tikiandroid
vì quá giao hàng nhanh tốt nên tôi cho 1 sao :))))))))))))))))))))))))))))))))))))))))))))))))))))))))))))))))))))))))))))))))))))))))))))))))))))))))))))))))))))))))))))))))))))))))))))))))),1,vn.tiki.app.tikiandroid
kém chất 5,1,vn.tiki.app.tikiandroid
"đăng nhập fb bị lỗi liên kết, mình xoá app, định vào đặt đống sách mà bực quá t đặt shopee r",2,vn.tiki.app.tikiandroid
"Không có nhiều mã giảm dù đặt đơn giá trị lớn, shipper giao hỏa tốc nhưng không nhắn tin hay gọi điện báo trước khi giao hàng, làm khách hàng không sắp xếp kịp để nhận hàng, giao hàng cho khách mà như chạy giặc",1,vn.tiki.app.tikiandroid
app dỏm toàn đơ thôi mọi người nên bỏ đi,2,vn.tiki.app.tikiandroid
giao hàng chậm .trung bình cứ 2 đơn thì sẽ chậm 1. chậm khoảng 2-3 ngày so với dự kiến.,1,vn.tiki.app.tikiandroid
ok 👍,5,vn.tiki.app.tikiandroid
hay 5 sao luôn,5,vn.tiki.app.tikiandroid
đắt vãi,1,vn.tiki.app.tikiandroid
Ok,3,vn.tiki.app.tikiandroid
hàng tối dụng hen,5,vn.tiki.app.tikiandroid
"shipper tự ý khui hàng của khách, nên xem xét lại người giao hàng",1,vn.tiki.app.tikiandroid
tìm kiếm như rùa bò vô tìm kiếm mà chạy vòng vòng cả ngày,1,vn.tiki.app.tikiandroid
Mỗi tội tải hơi lâu,5,vn.tiki.app.tikiandroid
Tiki cho bán hàng giả hàng FA không chất lượng không xài được,1,vn.tiki.app.tikiandroid
"chuông thông báo đẩy của tiki rất ấn tượng, ấn tượng đến nỗi mỗi lần xuất hiện đều phải giật mình.... 1đ cho cái chuông thông báo ấn tượng.",1,vn.tiki.app.tikiandroid
hay,5,vn.tiki.app.tikiandroid
Giá cao gấp đôi các cửa hàng khác,1,vn.tiki.app.tikiandroid
sử dụng okay,5,vn.tiki.app.tikiandroid
"App khá chậm và hay lỗi, sản phẩm giao thì không hề giống như trên mô tả, đã có làm việc và yêu cầu hỗ trợ từ phía app nhưng vẫn chưa thấy kết quả, cả bên bán hàng cũng không liên lạc được. Thật sự là quá thất vọng",1,vn.tiki.app.tikiandroid
Đắt vcl,2,vn.tiki.app.tikiandroid
Một sàn thương mại lớn mà chăm sóc khách hàng tồi. Cứ nhắn đến trung tâm chăm sóc khác hàng là hiện đang bảo trì. Tiếp khách hàng kém. Đừng ai mua trên đây kẻo mất tiền tốt nhất phá sản là vừa.,1,vn.tiki.app.tikiandroid
Rác,1,vn.tiki.app.tikiandroid
"Cơ bản tạo tài khoản cũng ko hướng dẫn tìm thì k có, tệ hơn cả lazada với shopee",1,vn.tiki.app.tikiandroid
Đăng 1 khác bán 1 lèo Đăng bán sữa có hạn lúc giao thì bảo sữa sắp hết hạn Bảo sao thua shopee,1,vn.tiki.app.tikiandroid
"Không có tính năng tìm sản phẩm wa camera ,muốn tìm sản phẩm mình cần rất khó . Tải áp về mà không làm đc j",2,vn.tiki.app.tikiandroid
"Chuẩn hàng, nhưng giá hơi cao so vs cửa hàng khác",5,vn.tiki.app.tikiandroid
Toàn bị văng ra,1,vn.tiki.app.tikiandroid
Tệ quá tệ giao hàng cực kì chậm hẹn ngày giao và h nhưng lại giao rất chậm thậm chí là qua 2 hoặc 3 ngày mới có hàng,1,vn.tiki.app.tikiandroid
Tốt,5,vn.tiki.app.tikiandroid
Ok,5,vn.tiki.app.tikiandroid
"Tính năng cơ bản là sắp xếp theo giá tiền tăng dần và giảm dần cũng không hoạt động đúng, bao lâu rồi không sửa, bảo sao ngày càng tụt hậu so với các đối thủ.",1,vn.tiki.app.tikiandroid
"Dịch vụ ngày càng đi xuống. Câu cửa miệng của DN là "" thông cảm "". Trãi nghiệm tiêu dùng rất tiêu cực.",1,vn.tiki.app.tikiandroid
Trả hiểu ứng dụng kiểu gì.trên ap báo giao hàng không thành công.trong khi đó khách hàng thì trả nhận được cuộc gọi nào,1,vn.tiki.app.tikiandroid
"Khá uy tín, đặt đồ nếu có lỗi, vote 1 thì 5p sau có chuyên viên gọi tới tư vấn blabal:)) tuy vẫn vote 1 sao cho sách nhưng app thì ngon",5,vn.tiki.app.tikiandroid
"Tiki là sàn TMDT dành cho những Pháp sư ngáo giá , lùa những con gà ngáo ngơ 🤣",1,vn.tiki.app.tikiandroid
Giao hàng như c bảo m10 về mãi bây giờ11 vẫn ko thấy,1,vn.tiki.app.tikiandroid
Tiki mua cũng đc,5,vn.tiki.app.tikiandroid
"Tiki mặc dù không đa dạng hàng hóa và giá cả nhưng dịch vụ và chất lượng rất tốt. Mua sách phải gọi là best choise trên sàn thương mại điện tử luôn, giao nhanh, nhiều ưu đãi tốt",5,vn.tiki.app.tikiandroid
tìm cái này mà toàn ra j k chả liên quan luôn,2,vn.tiki.app.tikiandroid
"mình thường mua sách trên tiki , chất lượng sách tốt,nếu như có nhiều mã giảm giá với free ship nữa thì thật tuyệt . khi sử dụng Mua Sắm Hoàn Tiền trên app MB , thì không quay về trang chủ của Tiki để mua sắm được",5,vn.tiki.app.tikiandroid
Giao hàng chậm hơn dự kiến,4,vn.tiki.app.tikiandroid
🙂,4,vn.tiki.app.tikiandroid
hàng hoá không đa dạng lại còn giá cao ngất,1,vn.tiki.app.tikiandroid
Mong có nhiều sản phẩm hơn,5,vn.tiki.app.tikiandroid
Mong tiki ngày càng phát triển ><,5,vn.tiki.app.tikiandroid
Ít sản phẩm thứ không có,3,vn.tiki.app.tikiandroid
"Hủy đơn mà không thông báo cho khách hàng, củng không cho biết lý do hủy đơn. Quá ngày nhận hàng không thấy, mở ra xem mới biết bị hủy đơn. Tiki quá tệ.",1,vn.tiki.app.tikiandroid
Ko có khuyến mã cho người mới gì cảm đăng nhập chx mua hàng bắt nhập sdt mới đc đăng nhập?,1,vn.tiki.app.tikiandroid
"Đây là lần đầu cũng như làn cuối mình sử dụng tiki, làm việc cẩu thả, hệ thống báo ngày 15 nhận hàng mà bây giờ lại bảo 17 nhận hàng, làm việc kiểu này không ổn",1,vn.tiki.app.tikiandroid
Mong sẽ có nhiều sản phẩm hơn,5,vn.tiki.app.tikiandroid
"Sàn đầu tiên tui mua luôn , h thấy nó vẫn khá ổn",5,vn.tiki.app.tikiandroid
Giao hàng nhanh chất lượng sản phẩm rất ok,5,vn.tiki.app.tikiandroid
lỗi thường xuyên. Vừa chậm vừa đơ. Thuê thêm nhân chuyên gia làm phần mềm đi !,1,vn.tiki.app.tikiandroid
K có những đồ hot trend,1,vn.tiki.app.tikiandroid
Bán hàng mắc,1,vn.tiki.app.tikiandroid
Rất hữu ích và tiện dụng,5,vn.tiki.app.tikiandroid
app sale cx oke mà ít voucher quá ạ 😭😭😍,5,vn.tiki.app.tikiandroid
"Ngày xưa ở VN mình chỉ dùng TIKI, sau khi về VN mình cảm thấy TIKI thay đổi nhiều về trải nghiệm quá. Chọn ""sắp xếp giá cao đến thấp hay ngược lại"" TIKI lại ưu tiên những sản phầm được quảng cáo. 1 2 dòng đầu thì ok, đằng này lại loạn hết cả lên. Trải nghiệm tệ. Đây là mấu chốt để giết chết 1 trang thương mại điện tử, đừng khinh thường trải nghiệm lướt của khách hàng thế chứ. Mình nghĩ""TIKI nên định hình, mình là trang thương mại điện tử của VN, nên tập trung vào sản phẩm Việt, hỗ trợ Người Bán.",2,vn.tiki.app.tikiandroid
"dịch vụ tốt,sản phẩm chất lượng giao hàng nhanh",5,vn.tiki.app.tikiandroid
Thì xin đính chính lại đt không vô được app hay là không giảm tiền thì xin nói đây là app mua thật hàng thật không bị chúng hàng giả như shopee hay Lazada hay những app mua hàng khác còn không vô được là do đt bạn yếu hoặc là bạn không xứng đáng ở đây không có hàng giả thích thì mua chỗ khác mua chúng hàng giả thì tự chịu,5,vn.tiki.app.tikiandroid
Như con chim mă bạn mới mua lần đầu ko ưu đãi hay j mà giá còn trên trời. Nhớ jack hay j,1,vn.tiki.app.tikiandroid
App mua sắm hay nhận hàng nhanh,5,vn.tiki.app.tikiandroid
Tệ,1,vn.tiki.app.tikiandroid
Ko vào được,1,vn.tiki.app.tikiandroid
Mật khẩu dài quá,1,vn.tiki.app.tikiandroid
Thời gian giao hàng lâu quá.,1,vn.tiki.app.tikiandroid
Dm lam ăn như l,1,vn.tiki.app.tikiandroid
Ko bằng 1 góc shopee ko nên tải nhé,1,vn.tiki.app.tikiandroid
Hàng ship thì mắc ko đa dạng hàng Toàn đồ vài trâm ngàn trở lên Cho nên tuổi lôl ko boa giò bằng với mấy lazada shope,1,vn.tiki.app.tikiandroid
"Thiệt mua hàng tiki t nói nó giao về cục hàng không lúc nào còn nguyên đẹp,móp méo ít t tạm bỏ qua đc,đằng này không chỉ giao hàng về tệ hại mà còn hủy đơn khách,báo khách là đơn hàng dính mưa ướt nên hoàn về,dcm giỡn hả? Kêu đặt lại,đặt lại cc mình đặt rõ bản giới hạn mà nó kêu hủy đặt lại t cũng lạy thật,còn cc gi mà đặt lại hết hàng r còn gi mà đặt lại,...Nói chung tiki nó tệ vc tải về nặng máy chứ chả làm cc gi đc",1,vn.tiki.app.tikiandroid
Tạm ổn,5,vn.tiki.app.tikiandroid
Hàng rất chuẩn,5,vn.tiki.app.tikiandroid
"Mua đơn hàng ít khuyến mãi, phí vận chuyển cao. Chả có lý do gì dùng tiki",1,vn.tiki.app.tikiandroid
Quá tệ đặt áo to thành áo nhỏ,1,vn.tiki.app.tikiandroid
"Uy tín, chất lượng, đơn hàng nhanh",5,vn.tiki.app.tikiandroid
"Lắng nghe cho kỹ nhé Mấy ace đang vận hành app tiki Thứ 1.app cùi,chậm như rùa bò Thứ 2.Hàng hóa không đa dạng,không kích thích người mua, Thứ 3.bộ phận chăm sóc cù nhày,thách thức khách hàng. App này mãi mãi chỉ đi sau Shopee, Lazada, Tik Tok shop.",1,vn.tiki.app.tikiandroid
Chả thấy ưu đãi ng mới,1,vn.tiki.app.tikiandroid
Tiki của Việt Nam mãi tin tưởng,5,vn.tiki.app.tikiandroid
"Vay 10 triệu ngay tại VAY9 . C0M không lãi Alo, cả nhà ai vay gõ Vay9. C0M giúp mình khá good. thông báo của tiki la lên làm tôi hết hồn, 1 sao",5,vn.tiki.app.tikiandroid
Ứng dụng mua sắm tốt,5,vn.tiki.app.tikiandroid
Đồ đất chất lượng không tốt Mọi người đừng nên tải,1,vn.tiki.app.tikiandroid
"Alo, cả nhà ai vay gõ Vay9. C0M giúp mình khá good. thông báo của tiki la lên làm tôi hết hồn, 1 sao",5,vn.tiki.app.tikiandroid
Kh vào đc,1,vn.tiki.app.tikiandroid
Nhất định bảo sản phẩm ko hỗ trợ giao đến địa chỉ đang chọn. Chả lẽ chuyển nhà?,1,vn.tiki.app.tikiandroid
Ok,5,vn.tiki.app.tikiandroid
Vô cứ out,1,vn.tiki.app.tikiandroid
Giao hàng nhanh. Chất lượng tốt,5,vn.tiki.app.tikiandroid
"Cập nhật xác nhận mật khẩu qua email,vào email lấy mật khẩu xác nhận thì đăng nhập lại,lại gửi xác nhận email khác, chẳng lẽ lại đi ra quán nét,hay mua 2 điện thoại để đăng nhập tiki với email cùng lúc mới được.quá bất tiện",3,vn.tiki.app.tikiandroid
ứng dụng có thể thêm cách tìm kiếm sản phẩm bằng hình ảnh để khách hàng dễ tìm kiếm sản phẩm,4,vn.tiki.app.tikiandroid
Làm thử thách ko nhận được xu . mất thời gian,3,vn.tiki.app.tikiandroid
"Không thay đổi được địa chỉ giao hàng, hỏng mất đơn",1,vn.tiki.app.tikiandroid
"Rất tệ, thà dùng shoppe còn hơn",1,vn.tiki.app.tikiandroid
Ứng dụng súcvật đéok có dịch vụ mong muốn như nạp thẻ áp dụng tiki xu,1,vn.tiki.app.tikiandroid
như c í!!!!!!,1,vn.tiki.app.tikiandroid
Mua cái thẻ nạp thanh toán xong hết bắt chờ trong khi đang cần liền chịu luôn,1,vn.tiki.app.tikiandroid
Quyết định xóa Tiki hồi đầu còn thấy ổn. Càng mua càng thấy đểu. Quyết định không sử dụng tiki nữa. Bán hàng đểu thì đừng hỏi tại sao khách hàng rời bỏ thương hiệu khác thâu tóm,2,vn.tiki.app.tikiandroid
nghèo khuyến mại . giá lại cao . auto ế dài .,1,vn.tiki.app.tikiandroid
"Tệ, lag kinh khủng tải vêd mua sách mà mãi ko đc, xoá app luôn. Quá tệ",1,vn.tiki.app.tikiandroid
"hoạt động chậm và không tiện như ứng dụng khác, Ấn vào xem shop mãi không đổi giao diện và thường thông báo lỗi, không có đơn vị giao hàng nhanh chỉ có giao hàng tiết kiệm. NÓI CHUNG LÀ BẰNG NHỮNH ỨNH DỤNG KHÁC.",1,vn.tiki.app.tikiandroid
App rất hay và hữu ích,5,vn.tiki.app.tikiandroid
Tạo tài khoản ko đc làm hoài ko xg tốn thời gian ko nên tại nếu nóng tính app như cc,1,vn.tiki.app.tikiandroid
Sợt 1 đằng ra 1 nẻo,3,vn.tiki.app.tikiandroid
"Sách thật,giao hàng nhanh",5,vn.tiki.app.tikiandroid
"Đối tác với home paylater mà muốn mua trước trả góp sao thì không cho, bắt xác thực tài khoản, mà bấm dô xác thực tài khoản thì không tuy cập vào camera được thì làm sao xác thực. Xử lí thì chậm trễ, hẹn hoài mà k thấy khắc phục lỗi. Cả tuần rồi chưa có câu trả lời thoã đán, chỉ gởi mail xin lỗi. 1 từ chán",1,vn.tiki.app.tikiandroid
"tiki vừa nhẹ vừa xịn , ăn đứt shopee",5,vn.tiki.app.tikiandroid
"Mới đặt 4 quyển trên tiki giao về mở hàng móp méo ở góc hết 4 quyển, t sợ con người Tiki rồi đó lần đầu cũng là lần cuối",1,vn.tiki.app.tikiandroid
"Không giao hàng đúng hạn, cskh hẹn trả lời nhưng không gọi",1,vn.tiki.app.tikiandroid
"Muốn ủng hộ mà không nổi, càng ngày càng thấy như quần què. Tiki coi thường trí tuệ người mua hay sao vậy? Tổng tiền thì tổng tiền thẳng ra, còn bày đặt ghi số tiền trước khi giảm giá và số tiền được giảm giá vào khâu thanh toán, rắc rối điên lên được. Chứng tỏ mình giảm giá được nhiều hay gì???",2,vn.tiki.app.tikiandroid
GH nhanh chóng. Sản phẩm bán k đa dạng,5,vn.tiki.app.tikiandroid
Như cc,1,vn.tiki.app.tikiandroid
Rất tốt,5,vn.tiki.app.tikiandroid
Rất tệ hại khi bị hủy đơn liên tục,1,vn.tiki.app.tikiandroid
lag giao diện ko dễ sử dụng ko còn là tiki nơi đáng để mua sách onl nhất nx h xài shopee mua sách hữu ích hơn nhiều,1,vn.tiki.app.tikiandroid
"? ""Rẻ mỗi ngày, không chỉ một ngày"" nhưng mà tủ lạnh mini Aqua store bán 2tr890 còn trên app bán hơn 3tr?????????????",3,vn.tiki.app.tikiandroid
"Mua đôi giày size 43 gửi size 34, xong đổi trả, lại gửi đôi size 38 đổi màu, cạn lời luôn Lên app đánh giá cửa hàng 1* thì app lại khômg cho Haizzz,... Chán",1,vn.tiki.app.tikiandroid
Tốt,5,vn.tiki.app.tikiandroid
Nhớ lên auto22h để tăng like người theo dõi miễn phí ná,1,vn.tiki.app.tikiandroid
Sau mấy năm khoá acc như điên như dại thì h tiki sắp chết rồi. Hả dạ t ghê. Đã éo ai mua còn làm màu học theo shopee khoá acc. Cho vừa. Giá thì cao km éo có freeship càng k mà còn làm màu. Chính sách ngu như này sống đến h này cũng tài,1,vn.tiki.app.tikiandroid
Vay 10 triệu không lãi tại LOAN33 . C0M,5,vn.tiki.app.tikiandroid
Dịch vụ rất hay đánh giá 1 sao,1,vn.tiki.app.tikiandroid
Tốt,5,vn.tiki.app.tikiandroid
"Trang ko phản hồi, ship mắc, giá sản phẩm cao.",3,vn.tiki.app.tikiandroid
"App lỗi, bị out liên tục",1,vn.tiki.app.tikiandroid
ko co vocher giảm giá người mới,1,vn.tiki.app.tikiandroid
Lừa đảo mà ko có bên còn lại,1,vn.tiki.app.tikiandroid
Như cc,1,vn.tiki.app.tikiandroid
Nên khắc phục lỗi lướt xem chi tiết sản phẩm thì app dừng hoạt động. Toàn phải đóng tab rồi vào lại mới được,4,vn.tiki.app.tikiandroid
Sao vào ko được ?,1,vn.tiki.app.tikiandroid
Tốt,5,vn.tiki.app.tikiandroid
"Biết lắng nghe khách hàng ạ, em có than là phí ship cao hơn tiền sách nên không dám đặt, tiki tặng liền cho mấy mã giảm giá phí ship, rất yêuuuu",5,vn.tiki.app.tikiandroid
Livable,5,vn.tiki.app.tikiandroid
tôi rất thích,5,vn.tiki.app.tikiandroid
Quá tệ,1,vn.tiki.app.tikiandroid
"Giao hàng siêu lâu, cập nhật đơn hàng cực kì cẩu thả =)) bộ phận chăm sóc khách hàng làm việc cho có hả? Trả lời qua loa theo văn mẫu. Đây chắc lần cuối đặt hàng trên Tiki quá😃",1,vn.tiki.app.tikiandroid
Happy Happy,5,vn.tiki.app.tikiandroid
Ứng dụng quá lag vào là bị văng ra ko thể sử sụng được.,1,vn.tiki.app.tikiandroid
Tốt,5,vn.tiki.app.tikiandroid
App như pịa mua có quyển sách bay hơn trăm chán chả muốn nói,1,vn.tiki.app.tikiandroid
ko nên,2,vn.tiki.app.tikiandroid
Nếu nói về chất lượng thì đây là app mua sắm khỏi phải lưỡng lự vì rất chất lượng nhé 👍,5,vn.tiki.app.tikiandroid
Ứng dụng tốt,5,vn.tiki.app.tikiandroid
Khá hài lòng khi có nhu cầu,5,vn.tiki.app.tikiandroid
giá quá cao,1,vn.tiki.app.tikiandroid
"ko làm game công bằng thì dẹp mẹ đi,game ghép trận ko bao h công bằng ,tướng bên mình thì yếu ko ra damge team bạn thì bắn như hack damge nổ cực to",1,com.garena.game.kgvn
"game nhiều trẻ trâu, mình mong nhà phát triển thay đổi sever theo trình độ của người chơi,mik mong phát triển sẽ thực hiện:((",1,com.garena.game.kgvn
ko rep tn tôi tạo 2 acc mới mà đăng nhập ko được mà còn báo lỗi nx rep tn của nick fb trúc phạm đi đăng nhập ko đc 2 email bỏ phí cay vãi lun ông nào làm bài đọc đc coment này thì hãy xử lí cho tôi tôi hiên tại rất bất mãn nếu ko xử lí trong vòng 1 tuần thì tôi đảm bảo 4 nick email phụ cũng cho 1 * lun rồi toi lấy nick email bame cho 1* nx tính đi 10acc thì mỗi cái 1* nhé ko 1 ngày là +1* nhé tôi ko đe doạ toi muốn các a xử lí,1,com.garena.game.kgvn
ko có 1 trận ra hồn team ngu đeí gánh nhổi,1,com.garena.game.kgvn
game rất nhiều người nói tục và từ ngữ xúc phạm khiến cho mỗi khi chơi game không có cảm giác thoải mái,1,com.garena.game.kgvn
mẹ ghép cho toàn đồng đội ngu,1,com.garena.game.kgvn
chơi lúc nào cx thua còn bị toxic đã vậy còn bị ks nữa,1,com.garena.game.kgvn
game lag nhiều,1,com.garena.game.kgvn
hay,5,com.garena.game.kgvn
game như lòn rank đơn ghép toàn sv,1,com.garena.game.kgvn
game vui lắm nên trải nghiệm,5,com.garena.game.kgvn
game ko tối ưu cho người chơi trừ uy tính oan game như rác bị out game liên tục uy tính cũng vậy thu HOK nên qua bểnh chơi mượt hơn tối ưu hơn lồng lộn hơn tốt hơn game rác này nhiều .,1,com.garena.game.kgvn
Tốn nhiều dung lượng,3,com.garena.game.kgvn
hơi lagg vs nó cứ tự tải tài nguyên hơi khó chịu nhưng thích chơi,4,com.garena.game.kgvn
game rác,1,com.garena.game.kgvn
ghép đội ngu như cac,1,com.garena.game.kgvn
ghép trận ngu nhu cho ghép toàn trâu với bò,1,com.garena.game.kgvn
game chơi toàn gặp sv chơi phải tải này nọ lắm game rác cho sv chơi,1,com.garena.game.kgvn
lệch rank,1,com.garena.game.kgvn
"chơi game thua nhiều hơn cả thắng,khẩu hiệu pet bắt phải có khẩu hiệu vàng nhưng nhiều đứa lại có free làm ăn kiểu gì vậy!",1,com.garena.game.kgvn
"lag, ng chs k văn minh, mất acc, nhiều ng vào phá rank",3,com.garena.game.kgvn
dm t bị thoát trận xong dell dc chs bị trừ uy tín,1,com.garena.game.kgvn
hay,5,com.garena.game.kgvn
trải nghiệm cực tệ với game can thiệp tỉ lệ ván đấu khiến người chơi ức chế,1,com.garena.game.kgvn
game hay,5,com.garena.game.kgvn
good game 🤓,5,com.garena.game.kgvn
"Ai xúi game cho một đóng hiệu ứng vô vậy? Hết tết rồi bỏ cái nền bắn pháo hoa dùm cái đi, mong game fix lại lỗi",2,com.garena.game.kgvn
tải với cập nhật tốn quá nhiều dung lượng rồi vừa cập nhật xong bắt tải đồ hoạ này nọ tải đồ hoạ mà vô chơi nó lag muốn banh cái đt với nó xếp lệch rank rồi cho tao đồng đội nhưl,2,com.garena.game.kgvn
game chơi kiểu gì mà ko sài chiêu đc lỗi tự đi chuyển mong game khắc phục,2,com.garena.game.kgvn
đc,3,com.garena.game.kgvn
ghép team như quần game thì lag,1,com.garena.game.kgvn
hay,5,com.garena.game.kgvn
cơ chế ghép đơn chán,2,com.garena.game.kgvn
game buff chp con butterfly mạnh vaiz kăc,1,com.garena.game.kgvn
khá hay và vui và căng thăng,5,com.garena.game.kgvn
Lien quan mobie Cap nhat 2024,5,com.garena.game.kgvn
game khá nhiều trẻ châu thua cái là nói tục nói lại cái bắt đầu phá,2,com.garena.game.kgvn
"game như lol ghép toàn gặp team ngu ,afk,hack game",1,com.garena.game.kgvn
chịu game acc đăng nhập garena cx bị hack ko hỉu vận hành kỉu j,1,com.garena.game.kgvn
Ghép toàn thk ngu thua quài,4,com.garena.game.kgvn
ghép trận như đb,1,com.garena.game.kgvn
hay,5,com.garena.game.kgvn
game như qq toàn hack máp ko,2,com.garena.game.kgvn
game lolll càng đánh càng đổ điên...mẹ game lom,1,com.garena.game.kgvn
nice,5,com.garena.game.kgvn
mía game càng ngày càng xuốg vl ghép trận toàn gặp 4 chân nhiều khi thấy 4 chân còn có giá trị hơn á,1,com.garena.game.kgvn
tạm,4,com.garena.game.kgvn
game hay nhưng bị mẹ gank nên đánh giá 1 sao đề nghị Garena khắc phục lỗi,1,com.garena.game.kgvn
Game lon,1,com.garena.game.kgvn
Game rác toàn bịp ko nên tải,1,com.garena.game.kgvn
oki á :],4,com.garena.game.kgvn
ko vô đồng đều lúc ban pick nên nhìu lúc khó chịu,2,com.garena.game.kgvn
ổn mà trận hơi lâu,5,com.garena.game.kgvn
máy mình yếu nên ko tải gói hình ảnh xong lúc mình đang chơi hoặc thoát ra vô lại thì liên quân tự tải mấy cái mình đã dừng tải xong lúc mình đang chơi thì tự tải xong mình bị văng game trừ uy tính đã rất nhiều lần game tự tải gói dữ liệu mình đã tạm dừng văng và trừ uy tính rất nhiều,1,com.garena.game.kgvn
ghép team như tật,1,com.garena.game.kgvn
"game hay , dễ nghiện🙆",5,com.garena.game.kgvn
game hay nhaaa,5,com.garena.game.kgvn
game j mà cứ lag là cứ trừ uy tín,2,com.garena.game.kgvn
trơi quày mà không tăng uy tín không chơi xh được gem lõ vãi,2,com.garena.game.kgvn
hay,5,com.garena.game.kgvn
xóa đi tải lại ko vô đc cứ chạy ở 0% ý,4,com.garena.game.kgvn
game hay ko có nhưng,5,com.garena.game.kgvn
ghép trận toàn gặp phá afk mà tố cáo thì trừ có 7 uy tín,1,com.garena.game.kgvn
"game chán,garena hút máu, người chơi đơn ức chế bởi team,thua ko rõ lí do,game tồi không như ngày xưa",1,com.garena.game.kgvn
game hơn loll nói thật garena và nhà làm game tinmi ko sửa lỗi sữa tính năng thây đổi tính năng gép trận thì game chết meh đi là vứa,1,com.garena.game.kgvn
rat hay,5,com.garena.game.kgvn
load trận cả tiếng k cho vào out vào lại thì bị trừ uytin afk,3,com.garena.game.kgvn
"game h rác vl,nó rõ ràng đứng yên trong tế đàn thậm chí còn không nhúc nhích một tí nào mà không tính là afk đồng đội afk thì vẫn bị trừ sao như thường trả lại cơ chế game cũ đây",1,com.garena.game.kgvn
game chs hút máu vổn lài ra,1,com.garena.game.kgvn
thế dell nào vào game bị đơ ra ko có thao tác được,1,com.garena.game.kgvn
game đc,5,com.garena.game.kgvn
ghép cc đm chọn đg chính mid ghép toàn bắt ik ad nó chọn ad phá hủy trận thì phạt game như cl,1,com.garena.game.kgvn
"Hệ thống tố cáo, tính điểm, vai trò thiếu xác thực, ai tôn trọng sự công bằng thì không nên chơi",1,com.garena.game.kgvn
đánh giá 5 sao,1,com.garena.game.kgvn
game chơi vui vãi chưởng nhưng mong anh gà tặng cho em thẻ giá 999qh nhe nhưng game qias hay,5,com.garena.game.kgvn
"game kiểu cố làm khó mih á,ghép team toàn mấy bọn nghỉ hè,phá r tố cáo tùm lum🥰",1,com.garena.game.kgvn
"ghép team đầu toàn bã mía đè tem. Chơi thua liên tục, feed 11 mạng mà tố cáo không bị trừ uy tín, cay cú éo tả được. Game chiến thuật mà thắng bại tại con lính, cuối game full đồ chí mạng mà đánh không tuột máu. Khi nào giảm sức mạnh con lính thì tao tải lại.",1,com.garena.game.kgvn
nói tối ưu r biết khi nào tối ưu o điện thoại tôi nó không có màn xuất hiện với skin độ hoạ lại xấu dù đã chỉnh độ hoạ cao,1,com.garena.game.kgvn
10 điểm,5,com.garena.game.kgvn
ngày lễ không gửi rương chọn skin cho từng acc đi mà phải bắt nhập code,1,com.garena.game.kgvn
Không cho cài cài đạt trên nền tảng giả lập,1,com.garena.game.kgvn
được đấy.,5,com.garena.game.kgvn
quá hay,5,com.garena.game.kgvn
hay,5,com.garena.game.kgvn
hay :)),5,com.garena.game.kgvn
ra lại aya cccv vào ngày 8/3 đi 😭,5,com.garena.game.kgvn
nhiều phá gems 10 chan trong đó co 9 chan ghép với phá gems mạng lác cho dù ko tải giảm đồ hoạ vẫn lác chơi ma thấy nản,1,com.garena.game.kgvn
quá tuyệt,5,com.garena.game.kgvn
Đang đi rừng bị mẹ kêu ăn cơm mong game khác phục lỗi,5,com.garena.game.kgvn
ổn,4,com.garena.game.kgvn
game rác,1,com.garena.game.kgvn
Xoá bớt mấy cái xàm đi lag lắm game ạ,3,com.garena.game.kgvn
game rác,1,com.garena.game.kgvn
game rác,1,com.garena.game.kgvn
rất hay nhưng hơi đơ,5,com.garena.game.kgvn
"game nặng quá, chơi ko mượt ạ",5,com.garena.game.kgvn
chơi hay,5,com.garena.game.kgvn
xếp team không hợp lí,1,com.garena.game.kgvn
ghép toàn bot,1,com.garena.game.kgvn
game rác như l ko nên chơi chơi sẽ bị bệnh tâm thần,1,com.garena.game.kgvn
vui nhưng mà tại sao ko có Skin zuka SS vậy,5,com.garena.game.kgvn
rất tốt,5,com.garena.game.kgvn
hệ điều ghép trận rác,1,com.garena.game.kgvn
game ghép lệch trình vl không gánh nổi,2,com.garena.game.kgvn
bạn thì kinh ròi,5,com.garena.game.kgvn
hay,5,com.garena.game.kgvn
Game chơi vùi,5,com.garena.game.kgvn
Game hay,5,com.garena.game.kgvn
game rất là rác,1,com.garena.game.kgvn
hay,5,com.garena.game.kgvn
game gì cứ vào là bắt đăng nhập lại hoài v ???,1,com.garena.game.kgvn
như đb,1,com.garena.game.kgvn
game ghép toàn súc vật 10 trận thì thua cả 10,1,com.garena.game.kgvn
hay,5,com.garena.game.kgvn
hack j nhìu vl bay mẹ acc,1,com.garena.game.kgvn
vẽ bùa veres lưu ly long mẫu full là 150 lần mà vẽ 152 lần vẫn chx ra ngộ z 100gts 850k của tui mà game làm z hả,1,com.garena.game.kgvn
game dell j toàn SV chết nhiều thì chửi còn ăn nhiều kêu bảo hack chịu luôn!,1,com.garena.game.kgvn
dung lượng nặng quá,2,com.garena.game.kgvn
bị cấm thi đấu vì chọn đúng đường,1,com.garena.game.kgvn
"ghép trận toàn sv chơi game phá chuỗi thua liên tục gây tụt rank,ko đáng chơi nên xóa",1,com.garena.game.kgvn
"38* còn 20* thề game ghép trận nể luôn ghép cho toàn "" tuyển thủ"" team mình , đi đơn đct 2 mà ghép cho tinh anh , đúng chịu",1,com.garena.game.kgvn
t chiệu game ghép như cái l,1,com.garena.game.kgvn
hệ thống ghép trận như nịt,1,com.garena.game.kgvn
game chs hay mong gà rán cho mik nak thứ nguyên vệ thần,5,com.garena.game.kgvn
"Cảm ơn Dady 🐔 cho 12kQh ,Game rất hay",5,com.garena.game.kgvn
game cho tuất chới,1,com.garena.game.kgvn
game toàn gép team mình gà team bạn chs hay game như skibidi,1,com.garena.game.kgvn
game hay mấy con gà máy yếu thì biết cc j😏😏😏😏😏😏🤐🤐🤐🤐🐓🐓🐓🐓🐓🐓🐤🐤,5,com.garena.game.kgvn
chơi hay dễ chơi,3,com.garena.game.kgvn
"game như lolll chơi cờ liên quân như may rủi, mất cân bằng tướng vcl. Tóm lại là game rác",1,com.garena.game.kgvn
gặp đồng đội ngu như con bò ấy.,3,com.garena.game.kgvn
xếp rank nhu lon bò,1,com.garena.game.kgvn
ghép trận tàn tạ,1,com.garena.game.kgvn
tôi rất thích,5,com.garena.game.kgvn
hay,5,com.garena.game.kgvn
game ghép không công bằng không nên chơi không nên tải về.,1,com.garena.game.kgvn
tui thấy chơi hay mà chắc mấy ông ko hên thôi chứ tôi chơi chung v ah em vui gần chết ah em muốn team hay thì đi team 5,5,com.garena.game.kgvn
quá đã luônnn chơi rt mượt mà & ĐẲNG's CẤP,5,com.garena.game.kgvn
cái cơ chế gì cân bằng tỉ lệ thắng gì đó ắ là 1 cái sự thất bại trong cân bằng game ắ ghép thì siêu lệch mà hình như muốn cho người chs về gank bang đầu muốn cày thì phải cái này là muốn người chs bỏ game hả mà chắc t bỏ game trước game làm khó hiểu vl ?,1,com.garena.game.kgvn
toàn ghép cho tao toàn mấy đứa bị siđa,1,com.garena.game.kgvn
game hay nhưng chơi toàn thua,3,com.garena.game.kgvn
"đã xoá game, cơ chế xếp đội quá hãm, toàn xếp sv",1,com.garena.game.kgvn
chơi vài trận thắng là thua. chịu xóa game,1,com.garena.game.kgvn
"cho 0☆ luôn mới vừa,game nứng cc chúc china new year",1,com.garena.game.kgvn
"ghép team ko đúng trình độ. team mik thì toand test tướng,phá game,afk->team bn thì đánh như tuyển thủ",1,com.garena.game.kgvn
game càng ngày càng rác tố cáo hack quay vd gửi rồi mà vẫn ko thấy khoá,1,com.garena.game.kgvn
"Chào Garena, mình dùng máy Galaxy A25 5G (Chip Exynos 1280), vừa cập nhật lên One UI 8.0 nhưng mà vẫn không bật được HD ạ.mong garena hỗ trợ",2,com.garena.game.kgvn
game oc c toàn ghép chung với máy,1,com.garena.game.kgvn
game j mà cơ chế ghép trận mà muốn bỏ game,1,com.garena.game.kgvn
"Ghép toàn thứ tạp nham gì không, di chuyển lớ ngớ,bị bắt kẻ, không biết lên đồ,tranh lane,chs thua sv mà còn lên giọng với ngta, không biết pick tướng,toàn rank cth ghép vàng,bk,đồng yêu cầu sửa lại cách ghép đội người với người, đừng bắt rank cao gánh rank thấp",1,com.garena.game.kgvn
game lag vãi cúc,1,com.garena.game.kgvn
hay,5,com.garena.game.kgvn
"Toàn ghép lệch rank với máy,đánh thì ngu,tật,đề nghị sửa lại hệ thống ghép trận đấu hạng",1,com.garena.game.kgvn
game nhu cc tỉ lệ chs rank đơn gặp toàn bọn occ ko,1,com.garena.game.kgvn
game mất công bằng,1,com.garena.game.kgvn
200ms hoài mới đóng tiền wifi xong mà 200ms sao chơi lúc mà chơi team kia ko có skin xịn thì mượt mà có 2s hay 3s là lag đt iphone 11,1,com.garena.game.kgvn
ghép toàn lũ oc,1,com.garena.game.kgvn
👍👍👍👍👍,5,com.garena.game.kgvn
game rất hay,5,com.garena.game.kgvn
"game gắn bó vs t 5 năm r nên t ko nỡ xoá thôi chứ bgio lỗi tùm lum ra, ghép team thì toàn bọn phá game afk, cướp lane, mệt lắm",4,com.garena.game.kgvn
game như c chơi ghép chúng team óc k cân bằng trận,1,com.garena.game.kgvn
Lúc cày uy tính chỉ hồi được tối đa 3 uy tín ko hồi thêm được nữa còn lúc AFK thì lại trừ vô số,1,com.garena.game.kgvn
Lại cập nhật oy chán,5,com.garena.game.kgvn
Ghép team toàn gặp sv đứa thì AFK đứa thì phá game team bạn đánh như tuyển thủ chuyên nghiệp team đánh như cức anh gà ghép trận như quần què người ta t xóa game,1,com.garena.game.kgvn
tru uy tin cc,1,com.garena.game.kgvn
chán game ghép toàn phá chịu game rác vc,1,com.garena.game.kgvn
5 sao vì raz có màu sicula,5,com.garena.game.kgvn
game hay lắm nha khuyến khích chơi,5,com.garena.game.kgvn
Hay,5,com.garena.game.kgvn
rác,1,com.garena.game.kgvn
ghép toàn sv,1,com.garena.game.kgvn
game như l thua chuỗi 8 rồi vẫn thua tiếp chả hiểu ghép kiểu j lệch trình vcl cthu mà ghép đc cả kc,1,com.garena.game.kgvn
hay,5,com.garena.game.kgvn
"mặc dù là mình phối trang bị đúng rồi nhưng vẫn bị trừ điểm uy tín mà máy báo là trang bị troll,sửa lại giùm",1,com.garena.game.kgvn
nếu tâm trạng ko tốt thì hãy tâm sự với krixi nhé thích nhất krixi,5,com.garena.game.kgvn
lag vl,1,com.garena.game.kgvn
"oke ko nói nhiều tuy chơi bằng máy cũ xong hỏng nhưng ko sao lại mua máy mới chơi tiếp,game oke nhưng tăng lại sức mạnh cho Alan đc ko?",5,com.garena.game.kgvn
mạng đang căng tại sao lại 200ms ??,3,com.garena.game.kgvn
game hay,5,com.garena.game.kgvn
game toàn người chơi phá gank cướp vị trí,3,com.garena.game.kgvn
game toàn trẻ trâu phá game tranh đường,1,com.garena.game.kgvn
"mẹ có cái t bình thường cũg bị vi phạm nữa, game tối ưu skin vậy như cưk,3s tối thượng mà xấu hơn 2s nx",1,com.garena.game.kgvn
"giờ ghép trận toàn loại kiểu j, game ko còn như xưa",3,com.garena.game.kgvn
game ghép chung đồng đội dell j ks ko,1,com.garena.game.kgvn
tôi thấy rất vui,5,com.garena.game.kgvn
ghép toàn tuất,1,com.garena.game.kgvn
biết ghép teem ko vậy,1,com.garena.game.kgvn
hay vãi,5,com.garena.game.kgvn
"Hệ thống ghép đội của Liên Quân thực sự là một thảm họa khi liên tục bắt tôi phải chung team với những thành phần ""trẻ trâu"" phá game.​Tôi không thể chịu đựng nổi việc nỗ lực leo rank nhưng lại bị kìm chân bởi những đồng đội tranh lane, AFK và chửi bới vô văn hóa.​Thuật toán matchmaking dường như đang cố tình sắp xếp người chơi nghiêm túc vào những trận đấu không thể thắng nổi. ​Tại sao những kẻ phá hoại trải nghiệm người khác vẫn nhan nhản mà không bị hệ thống xử lý thích đáng?tôi rất bức xúc",1,com.garena.game.kgvn
nốt sinh nhật 10 tuổi hưởng dương là vừa đi,1,com.garena.game.kgvn
giúp tôi giải trí.,5,com.garena.game.kgvn
"đề nghị game sửa lại phần tải,chứ mỗi lần vào là game lại lag mà còn tự tải nữa chứ",1,com.garena.game.kgvn
ghép team như l chơi gặp afk phá game hack,1,com.garena.game.kgvn
Game rác.,1,com.garena.game.kgvn
"Lúc nào ghép team cũng có ng afk,phá game, mod skin gây lag,..tố cáo thì bị trừ mỗi 3-5, có khi k trừ, còn mấy b k cố ý, văng game,.. thì bị trừ 7-9 ut. Team mình thì toàn súc vật tật nguyền đầu thai biết chơi game. Team bạn như tuyển thủ Sgp lai bâng. Ghép thì còn ghép trúng máy, mấy thằng chửi tố cáo thì không bị gì, mấy ng nói câu bình thường th tố cáo cũng bị cấm chat. Game thì giật lag, không chơi được. Hiểu sao kh nổi 4sao.",1,com.garena.game.kgvn
hay nha ní,5,com.garena.game.kgvn
hay giúp tăng tính chiến thuật,5,com.garena.game.kgvn
tui thấy nó chơi vui v@i,4,com.garena.game.kgvn
Thống kê trận đấu nguuu bò,1,com.garena.game.kgvn
Trêu champ wirro đấy à . Bao giờ em ghệ t mới có skin,1,com.garena.game.kgvn
Phiên bản mới cập nhật lỗi. Thỉnh thoảng bị đẩy ra k và đơ luôn ứng dụng k vào lại đc trong khi máy vẫn hoạt động bình thường,1,com.garena.game.kgvn
gép toàn l,1,com.garena.game.kgvn
"ad ôi, cụ thể hnay và hqua, mỗi lần chờ vào trận đc khoảng 10 giây là bị văng game, vào lại cx bị văng, ảnh hưởng đến cảm xúc chơi game và uy tín của tài khoản, mong ad sửa chữa sớm",3,com.garena.game.kgvn
game ghép toàn thú,1,com.garena.game.kgvn
hay,5,com.garena.game.kgvn
chơi tàn chuỗi thua,2,com.garena.game.kgvn
game rất hay hi vọng anh gà sẽ cho nhiều skin đẹp và free hơn,5,com.garena.game.kgvn
game như củ lờ từ vụ yue hạt gạo đến vụ cài cắm CNY. giờ lại còn ko tối ưu hóa game đi cứ lúc giao tranh đ ai làm gì cũng lag lag bực hết cả mình,1,com.garena.game.kgvn
game như c,1,com.garena.game.kgvn
ok,5,com.garena.game.kgvn
ghép toàn mấy tk sv đề nghị liên quân trừ uy tín nặng,1,com.garena.game.kgvn
tỉ lệ ghép trận không hề cân bằng đồi mình như tạ nghìn cân còn đội bạn đánh như thần,1,com.garena.game.kgvn
"Game rác, có dưới 1 sao để đánh giá không ? Yêu cầu Google chú đến trường hợp nhà phát hành Này có hành vi không phù hợp với người tiêu dùng. Xem xét trường hợp gỡ ứng dụng trên.",1,com.garena.game.kgvn
rep trận dính chúng mấy thằng chú nhục,1,com.garena.game.kgvn
quá lag do tải tài nguyên tôi bị văng và đứng màng hình rất lâu,2,com.garena.game.kgvn
chơi rất vui khi leo rank,5,com.garena.game.kgvn
game rác,1,com.garena.game.kgvn
game như lol,1,com.garena.game.kgvn
sao chế độ cờ vua không cho dùng mic hay chát chít nói chuyện chơi không thì khô khan quá hãy cho nói chuyện với nhau chứ,3,com.garena.game.kgvn
lạm dụng chất tướng lối chơi đấu sĩ là thắng game ko còn kĩ năng,2,com.garena.game.kgvn
tuyt voi,5,com.garena.game.kgvn
game toàn trẻ trâu chơi toàn toxic,1,com.garena.game.kgvn
xếp một con bk di đánh với con tanh mẹ cân bằng tướng nhulon,1,com.garena.game.kgvn
thắng bạn tại game ghép kĩ năng cái loll,1,com.garena.game.kgvn
rất hayyy,5,com.garena.game.kgvn
game hay,5,com.garena.game.kgvn
"tôi khuyên mọi người đừng chs game này nx có nhiều cái gây ức chế lắm, ức chế mà giữa trong lòng thì dễ hại cho sức khỏe lắm, nếu lỡ tải r thì xóa đi game này ko dành cho người đi đơn",1,com.garena.game.kgvn
làm ăn cẩu thả buff bẩn này no trừ dc 4 uy tín chịu gà,1,com.garena.game.kgvn
làm ăn như con củ cặc,1,com.garena.game.kgvn
bn tôi đưa tôi tới và làm tôi nghiện game này,5,com.garena.game.kgvn
cập nhật game xong cực kì lag,3,com.garena.game.kgvn
hay,5,com.garena.game.kgvn
game gì mà đồng đội Bot,5,com.garena.game.kgvn
game l nó afk từ đầu trận mà vẫn chừ sao game rác vkl,1,com.garena.game.kgvn
game ngon vl,5,com.garena.game.kgvn
Game như ln ko khắc phục Toàn hack,5,com.garena.game.kgvn
quá tệ,1,com.garena.game.kgvn
"game chơi thì vui đấy, nhưng mà chơi cùng mấy thằng ngu thì không vui , không biết có phải là cái thuật toán của game khi mình ghép được một trận hay, thì y như rằng Mấy trận còn lại, ghép cho bọn mới biết chơi, đã thua lại còn phải nhìn cái cách bọn nó chơi rất là khó chịu. thẳng ra là chơi rất ngu",1,com.garena.game.kgvn
ai tạo ra gem đb thế này gỡ mẹ ik nhìn ngứa mắt,1,com.garena.game.kgvn
tui nói thật ne mấy đứa nào mà nó đánh giá 1 s là mấy đứa đó chưa tải xog mấy cái phần mềm trong game từ đồ hoạ trở lên,5,com.garena.game.kgvn
hay rất hay,5,com.garena.game.kgvn
"cho game 1 sao vì cho ghép team ngu, mới thoát 1 phút tính afk game rác",1,com.garena.game.kgvn
game nhìu lỗi quá chơi cứ bị lỗi khó chịu quá,3,com.garena.game.kgvn
hay quá,5,com.garena.game.kgvn
ghép trận như cái cc,1,com.garena.game.kgvn
"Game càng ngày càng chán hồi trc chs thì rất mượt rất bthg bây h gặp toàn hack lại còn bị văng game liên tục, mik chs trên cả máy realme và xsmax đều bị văng 1 2 lần mỗi trận, rất ảnh hưởng tâm trạng chs. Khuyên mng phải có máy đời mới cao cao chút ms có thể chs mượt đc",1,com.garena.game.kgvn
t cay verrra,1,com.garena.game.kgvn
Đm Garena mất uy tín vl ghép cho tao toàn thg ngu,1,com.garena.game.kgvn
ghép trận như cái cc,1,com.garena.game.kgvn
"game bắt đầu ghép team lệch trình như bên mlbb, nếu kh khắc phục thì thực sự ảnh hưởng đến người chơi",1,com.garena.game.kgvn
👍,5,com.garena.game.kgvn
hệ thống ghép team chán vc lúc nào củng có thằng ngu nhất là lúc từ bản cập nhật sau tết đến giờ,2,com.garena.game.kgvn
k vào đc game ln,1,com.garena.game.kgvn
"hở tí là chuỗi thua đồng đội đánh thì dở tố cáo chẳng đc, 1 sao",1,com.garena.game.kgvn
ghép trận mà chơi thuật toán với người chơi là tao cho 1 sao,5,com.garena.game.kgvn
"chả hiểu cơ chế ghép trận chơi đơn gặp toàn thứ gì , giờ đống đứa afk uy tín vẫn trừ chung team vs nó cx bị trừ sao trước có vậy đâu .",2,com.garena.game.kgvn
hệ thống game ghép đội với súc vật à ???,1,com.garena.game.kgvn
game ghép trận ko đúng thua lần tàng chuỗi ko,1,com.garena.game.kgvn
hệ thống ghép trận toàn ra óc vật,1,com.garena.game.kgvn
game dễ văng kết nối lại thì chậm,1,com.garena.game.kgvn
đồng đội chó rách,1,com.garena.game.kgvn
"ghép rank 10, thua hết 10, gặp gì đâu không :))))))",1,com.garena.game.kgvn
nhiều lỗi lag quá,1,com.garena.game.kgvn
"Làm ơn, sửa lại cơ chế macth giùm, đừng có kiểu người ta thắng được vài trận cái lại cho ghép với mấy người có trình độ kém hơn. Biết bao lần thất vọng về anh Gà",3,com.garena.game.kgvn
như lol,1,com.garena.game.kgvn
game cơ chế ghép như con cc,1,com.garena.game.kgvn
"ghép toàn gặp xúc vật còn team bạn thì chơi hơn gì. Ko gặp afk thì cũng test tướng chơi ngu msf còn ra dẻ chat nhiều như số lần chết, bọn xúc vật con tr mà chơi như lol",2,com.garena.game.kgvn
game l ghép trận đồng đội ngu bỏ mẹ toàn ks game tối ưu thì kém chỉnh sửa ngày càng tồi ăn chặn hiệu ứng skin hút máu game thủ,1,com.garena.game.kgvn
hay,5,com.garena.game.kgvn
ꉂ(ˊᗜˋ*)♡,5,com.garena.game.kgvn
"một ngày của mik rất mệt mỏi, chỉ muốn chơi vài trận giải trí thôi mà,sao trận nào cx ghép những thành phần phá game vào vậy, thật sự chịu hết nổi rồi",4,com.garena.game.kgvn
game súc vật toàn trẻ trâu hệ thống ghép trận lệch tem mình rõ ngu,1,com.garena.game.kgvn
"Game cũng hay nhung một ván ít vàng quá. Sửa thêm: t full tướng lâu r :)), h sao cx đc",5,com.garena.game.kgvn
ghép team chán,1,com.garena.game.kgvn
game hay,5,com.garena.game.kgvn
game như bịa lúc cho ghé với người phá rừng có khi là afk game như bịa bò,1,com.garena.game.kgvn
game raccccccc,1,com.garena.game.kgvn
game lỗi thua mvp mà cx trừ thắng mvp k cộng lỗi ???,1,com.garena.game.kgvn
game như đb,1,com.garena.game.kgvn
hay,5,com.garena.game.kgvn
tại sao chơi game không làm gì cả cũng bị cấm 3 ngày là sao ạ ?,4,com.garena.game.kgvn
game càng ngày càng xuống dốc wifi đầy cây mà lag như ở trên núi,1,com.garena.game.kgvn
"chơi hay rất hay ,nhưng ko hiểu sao máy mạnh ,mạng mạnh lại chuẩn bị vào trận là văng gảm ko hiểu tại sao",1,com.garena.game.kgvn
game ghép team như bịa đã vậy còn lag nx k bt nói j,1,com.garena.game.kgvn
ghép trận như qq,1,com.garena.game.kgvn
"game ghép trận team bn toàn chs như tuyển thủ,game lag,nó bảo mạng yếu trg khi đó 4 cục mạng sáng",1,com.garena.game.kgvn
ghép cho team súc vật còn team kia toàn người chơi giỏi,1,com.garena.game.kgvn
càng ngày càng tệ ghép trận cho 4 cục tả đánh trận nào cũng thua toàn xúc vật,1,com.garena.game.kgvn
qua vui,5,com.garena.game.kgvn
"Đell hiểu cao thủ ghép ghép trúng bạch kim, t cũng nể đứa nào làm sao hệ thống ghép",1,com.garena.game.kgvn
Ccmm cơ chế xếp hạng game như tài xỉu 👎👎,1,com.garena.game.kgvn
đồng đội afk cả trận thua vẫn trừ sao,1,com.garena.game.kgvn
ghép team tật,1,com.garena.game.kgvn
cũng ổn lâu lâu chơi giải trí cũng vui,4,com.garena.game.kgvn
"game ngày càng chán vì chuyển giao nhiều,làm skin ngày càng xấu mất đi sự sáng tạo,còn cả vụ yue nàng tiên gạo với cny ko thể chấp nhận đc(tuy skin yue gỡ r thay vì chỉnh sửa ngoại hình thì gà xóa mẹ luôn lm t tối ngày cày vì thấy skin đẹp)",1,com.garena.game.kgvn
ngon đếy=)),5,com.garena.game.kgvn
bị game trù như chó cay,1,com.garena.game.kgvn
ghép toàn gặp team đánh đúng chán đời nên thua cay quá xóa game,1,com.garena.game.kgvn
thắng được 1 ván thì 3 ván thua luôn,1,com.garena.game.kgvn
chán k buồn nói,1,com.garena.game.kgvn
"trời ơi cái game sv óc chó, ghép team j toàn mấy đứa nguuu chuỗi thua gánh k nổi làm game đ tử tế dc",1,com.garena.game.kgvn
liên quân là game rác không nên chơi,1,com.garena.game.kgvn
"toàn mấy đứa kid , afk",1,com.garena.game.kgvn
"game chỉ muốn dữ người chs tiếp tục đánh mà ko quan tâm họ thắng hay thua chỉ cần để bạn đánh cố thêm 1 vài trận, thua từ 3-5 thì mới đc 1 trận thắng",1,com.garena.game.kgvn
hay,5,com.garena.game.kgvn
ko bt chơi,1,com.garena.game.kgvn
game hay,5,com.garena.game.kgvn
ghép rank cong cho mấy thk phá,1,com.garena.game.kgvn
game như củ cải đồng đội dánh như đb,1,com.garena.game.kgvn
ghép trận như củ lon,1,com.garena.game.kgvn
game chán ghép toàn mấy thk không biết chơi vô game nó phá,1,com.garena.game.kgvn
chs thì lag đồng đội thì như qq,1,com.garena.game.kgvn
Hay tốt cái j cũng đẹp trừ map,3,com.garena.game.kgvn
code game hay ghép team đánh 44 sao xuống 26sao game lm rất nguuu xứng đáng sập game,1,com.garena.game.kgvn
game h tự nhiên mất tiến chơi méo đc gì,1,com.garena.game.kgvn
game l để ảnh bthuong cx bị tố cáo?,1,com.garena.game.kgvn
game ko cân bằng ghép toàn tem sv tướng thì ko cân bằng,1,com.garena.game.kgvn
ghép toàn phá game mất cân bằng vãi ra game ngày càng quá tệ ghép hạng thì toàn lũ phá game cân bằng tướng thì chẳng ra gì con mạnh con yếu không cần kỉ năng chỉ cần spam là có mạng còn tướng cần kĩ năng múa mỏi tay mà nó chỉ cần spam cũng ngang mình ghép thì toàn phá ad thì lên đầu cúng mạng sp như máy bảo đổi phụ trợ không đổi cả trận không bật phụ trợ top thì cúng mạng cho đội nó xanh rừng thì không ăn rồng không ăn caesar bài đánh giá này chứa chắc nhà phát hành đọc,1,com.garena.game.kgvn
"gà ghép trận j k , không cân sức địch mạnh hơn phe ta yếu k ,ghép 10 trận toang gặp thứ phá game không .",1,com.garena.game.kgvn
"Khinh thường người chơi Việt, Chaini niu year, skin Yue, lỗi nạp UID khoá acc không giải quyết cho ngta, chỉ khi bị làm lớn chuyện mới đi giải quyết. CNY thì im luôn không xem người chơi Việt ra gì, bị chửi cho mới xin lỗi cho có, không bồi thường gì cả. Quá tồi tệ, game ở VN sự kiện bị cắt xén, outfit thì diếm, nhìn qua bên Thái, Đài đồ mà học hỏi giùm. Bớt xem thường người chơi.",1,com.garena.game.kgvn
game toàn sv,1,com.garena.game.kgvn
hệ thống tố cáo nhu b rõ ràng thằng đó ko chs mà ko tố cáo dc trong khi đó tao chs mà vẫn bị tố cáo là thái độ tiêu cực game đưa ra hệ thống như l.ồ.n,1,com.garena.game.kgvn
"Game càng lúc càng rác ghép toàn gì đâu không cao thủ chục mùa mà toàn ghép với mấy thằng ku chưa cao thủ hoặc mới cao thủ 1 2 mùa, MVP hạ hơn mười mấy mạng mà vẫn bị trừ sao cò mấy thằng phá game thì bị trừ 3-7 uy tín vl game làm ăn gì vậy. Lỡ nạp vô game rồi muốn bỏ thì khó mà muốn gắn bó thì không thể.",1,com.garena.game.kgvn
hay,5,com.garena.game.kgvn
ghép éo công bằng,1,com.garena.game.kgvn
game cc gì mà vào tải đến 78% xong rồi im rui không vô được là sao,1,com.garena.game.kgvn
Toàn chơi cùng mấy thằng nguuu,2,com.garena.game.kgvn
ngonnn,5,com.garena.game.kgvn
56% ko thắng nổi 3 ván,1,com.garena.game.kgvn
"Toàn afk , nhieu thua choi oc cho, chui LÁO",1,com.garena.game.kgvn
"game ngày càng rác, ghép trận toàn bị chênh lệch hạng cao thủ 30 sao nhưng lại gặp 2 ta skin thì bị cắt hiệu ứng map thì xấu nói chung ngày càng giống lửa chùa chủ yếu bào tiền chứ về chất lượng chơi thì ngày càng đi xuống khuyên anh em nên cân nhắc trước khi chơi",1,com.garena.game.kgvn
ghép team ngu team địch thì rõ hay,1,com.garena.game.kgvn
hay,5,com.garena.game.kgvn
Game hay,5,com.garena.game.kgvn
không có j để chê luôn 5 sao là đúng aaaaaaa,5,com.garena.game.kgvn
thắng nhiều là bị ghép mấy thg cao team toàn mấy thg ngu bắt gánh team thì mới đc,1,com.garena.game.kgvn
game hay +1 s20 ultra bị đập vì con sv aya👍,5,com.garena.game.kgvn
"Mong game sẽ có nhiều thay đổi trong năm nay chơi rất dễ văng , mới chơi nhưng cảm thấy chất lượng ko tốt !",1,com.garena.game.kgvn
vì nó lag nên dễ văn game mà kúc đó trong trận mà bị văn ra thì trừ uy tín với lại tôi không muốn bật chế độ 4g vì máy tôi không còn tiền,2,com.garena.game.kgvn
"nói j thì nói game vẫn rất ổn, có đôi khi ko hài lòng nhưng game cũng bt lắng nghe người chơi. Mong game sẽ phát triển mạnh mẽ hơn trong tương lai .",5,com.garena.game.kgvn
e cảm thấy game giờ đánh nhanh Quá e đề nghị nhà phát làm lại tất cả bình thường trở lại cơ chế đẩy trụ như cũ và bỏ luôn ván lướt đi ạ e cảm ơn nhà. phát triển e chúc nhà phát hành game luôn mạnh khỏe để đổi mới nhiều trang phục Việt lên một tầm cao mới ạ e xin nha phát triển giúp đỡ trong việc đăng nhập để vào game cho dễ hơn ạ e đề nghị nhà phát triển xắp xếp lại cho cân bằng trong game chiến game đi chứ ghép toàn một. bên toàn người đánh giỏi một bên ko biết đánh e xin cảm ơn,2,com.garena.game.kgvn
1/7/2 thì mvp trong khi t 3/1/2 kh mvp quá vô lí tố cáo thì kh bị trừ,3,com.garena.game.kgvn
hay,5,com.garena.game.kgvn
game rất vui mà con govera khó chịu vô cùng,1,com.garena.game.kgvn
ok,4,com.garena.game.kgvn
ok,5,com.garena.game.kgvn
tốt,5,com.garena.game.kgvn
sao vô game hok dc,1,com.garena.game.kgvn
Lag ko vô đc,1,com.garena.game.kgvn
cc Garena liên quan tao xóa luôn rồi 10 trận liên tục gặp toàn sv mướn tao đell chơi,1,com.garena.game.kgvn
game xếp trận như lol,1,com.garena.game.kgvn
ghép kiểu gì vậy 9 chuổi thua ghép toàn gì đâu không có 1 2 ngươi biết chơi còn nhiều không biết mà có đứa 0 8 3 tố cáo không trừ cái gì mà chiêu unti marja chưa đến 10 giây hồi rồi,1,com.garena.game.kgvn
lag lỗi game đầy hack tràn lan riết tụi nó bảo game 3 nước đúng thật chả sai,1,com.garena.game.kgvn
game hay phết,5,com.garena.game.kgvn
Ghép trận quá khốn nạn gặp thêm lỗi lock fps (nghĩ game.),1,com.garena.game.kgvn
vui dễ chơi và ghép đồng đội mạnh😁,5,com.garena.game.kgvn
ghép trận như bùi lỗi sv hack map thì lắm,1,com.garena.game.kgvn
game toàn hack toàn ghép trânh với mấy thg ngu,1,com.garena.game.kgvn
"game sv , Happy New Year cny cái l , tưởng tặng skin là nghĩ ổn à , game cho' rách , -1 người chơi lâu năm",1,com.garena.game.kgvn
game hay,5,com.garena.game.kgvn
hay,5,com.garena.game.kgvn
"bao giờ mới khắc chế phá game loại này là sp cố ý ko giao tranh,ks kill của team hỗ trợ vài mạng ,nhưng ko có ích cho Team ,hay bỏ ad gây ức chế cho team nhưng ko thể tố cáo vì nó MVP mong được rep",1,com.garena.game.kgvn
game ghép trận quá ngiu quá nhiều sv lỗi hack map,1,com.garena.game.kgvn
game ghép trận quá ngiu quá nhiều sv hack map lỗi game,1,com.garena.game.kgvn
game như qq kc mà ghép với mấy thằng đại cao thủ con bên mình thì toàn sv chơi game,1,com.garena.game.kgvn
hơi lag,5,com.garena.game.kgvn
mở bán skin lag chetme ra tàn bị out game mà còn skin có chất lượng cao má out game 4 5 lần,1,com.garena.game.kgvn
gem hay,5,com.garena.game.kgvn
gép team toàn gặp team gà,4,com.garena.game.kgvn
game cho chó chs a,1,com.garena.game.kgvn
gema hayyy,5,com.garena.game.kgvn
đi đơn toàn svat,1,com.garena.game.kgvn
hay,5,com.garena.game.kgvn
dù thua nhưng thắng nhiều,5,com.garena.game.kgvn
hay,5,com.garena.game.kgvn
game hayyyy,5,com.garena.game.kgvn
yêu cầu tăng sức mạnh cho con flo,3,com.garena.game.kgvn
chơi hay hơi lag nhưng hay và chỉ cần sử dụng đúng cách thì thắng liên tiếp luôn💯💯❤️,5,com.garena.game.kgvn
xếp đội hik ccc,1,com.garena.game.kgvn
rác rưởi,1,com.garena.game.kgvn
game rác,1,com.garena.game.kgvn
vá đả,5,com.garena.game.kgvn
cũng được nhưng đồng đội quá chơi ngu,5,com.garena.game.kgvn
"Nhìn lại cách ghép trận xem, toàn ghép với mấy đứa phá game, tố cáo thì chúng nó không bị gì còn mình thì tuột hạng vèo vèo",1,com.garena.game.kgvn
"Game lon, ghép trận như con cak, từ nay về sau tao del cho 5 sao nữa",1,com.garena.game.kgvn
Ko khuyến khích ae tải Game còn chẳng bật đc 120 fps đồ họa thì tệ hại còn ghép trận thì quá mất cân bằng nói chung ko bằng đc 1 góc nào cũng những game moba khác,1,com.garena.game.kgvn
"Game hay nha mn, đáng để tải về chơi. Game đồ hoạ ổn, skin đẹp, hoạt hoạ rất tốt và game có hệ thống tố cáo như loằn👍",1,com.garena.game.kgvn
liên quân chơi rất hay,5,com.garena.game.kgvn
nói chung là ko,4,com.garena.game.kgvn
vô game mạng bình thường mà đứng game?,1,com.garena.game.kgvn
game chứa đến 14gb là chiếm hết gb đt,1,com.garena.game.kgvn
game như lol chơi đc chuỗi thắng 3 thì ghép cho team choi thua mẹ trăm trận gamelolllllllllllllllll,1,com.garena.game.kgvn
game rác,1,com.garena.game.kgvn
ko hay,1,com.garena.game.kgvn
LoVe AoV ❤️,5,com.garena.game.kgvn
hay,5,com.garena.game.kgvn
quá ức chế quá áp lực đội hình ko hoàn chỉnh tranh lane rất nhiều,1,com.garena.game.kgvn
rat hay,5,com.garena.game.kgvn
đẹp,5,com.garena.game.kgvn
game hay,5,com.garena.game.kgvn
ghép rank toàn thứ gì đâu không lệch hạng buff bẩn ghép toàn thứ ngu rank thắng thì dell cộng sao đúng rác ko nên tải nha ae,1,com.garena.game.kgvn
sửa lại cách ghép trận đối thủ :>,5,com.garena.game.kgvn
Tôi thấy đây là tựa game dành cho tôi để giải trí tôi yên game này,5,com.garena.game.kgvn
hay nhiều skin đẹp,5,com.garena.game.kgvn
toàn tk phá game,1,com.garena.game.kgvn
cũng cũng,4,com.garena.game.kgvn
Lắc quá,1,com.garena.game.kgvn
chs cũng hay nhưng nếu máy ít dung lượng thì mỗi lần cập nhập thì xóa đi r tải lại chứ cập nhập hao dung lượng lắm tui để cập nhập 2 hay 3 lần gì mà lên tận 13gb,4,com.garena.game.kgvn
"cân bằng game rất tệ , ghép rank thì toàn gặp phá game với cheat",1,com.garena.game.kgvn
không đăng nhập được fb,1,com.garena.game.kgvn
game rất hay,1,com.garena.game.kgvn
"Lag vc, tối ưu thì kém mà mấy vấn đề lặt vặt thì fix rõ nhanh",3,com.garena.game.kgvn
ước gì game hỗ trợ trên máy tính,5,com.garena.game.kgvn
nói thật ai cần mua điện thoại mới nên tải game chơi vì mới 2 tuần chước tôi đang vô chận thì nó tự tắc nguồn và làm cho điện thoại tôi bị bóc khói mà điện thoại tôi chơi không hề yếu và tôi phải đưa ra tiệm để người ta sửa mất máy ngày liền đến ngày hôm qua mới lấy về được và tôi nhắc lại nhé ai cần thay điện thoại hoạt điện thoại mạnh thì nên tải còn không muốn điện thoại mình bị gì thì đừng nên tải game về chơi game lại có quấn đề về truyề tải mạng rồi,1,com.garena.game.kgvn
cũng đc tui chơi vì ah chj tui chơi chúng,4,com.garena.game.kgvn
Như căng cọt,5,com.garena.game.kgvn
"toàn pick cho team lag,afk",1,com.garena.game.kgvn
Vyi,5,com.garena.game.kgvn
vãi cả cân bằng tướng giảm dùm con moren cho bố cái,1,com.garena.game.kgvn
lao vào đội hình của địch là văng làm gì cũng văng,1,com.garena.game.kgvn
"ghép trận thì chẳng ra sao, gặp phá game tố cáo thì lại chẳng bị trừ uy tín hay gì hết, game thì giật lag, chơi hay, ăn mạng với hỗ trợ các thứ nhiều vãi ra thì chả được tính để được MVP hay s, SS",2,com.garena.game.kgvn
game lag quá,1,com.garena.game.kgvn
rất hay,5,com.garena.game.kgvn
"game ghép chận cái kiểu gì vậy , còng lưng cũng không gánh nổi 😡😡😡😡",1,com.garena.game.kgvn
game hay mà 1 trận kiếm ít vàng vãi cày cực khổ mấy tuần mới đủ mua tướng,1,com.garena.game.kgvn
"Mọi ng đừng tải về đừng chơi nữa, vì game có thuật toán A.I ghép trận để mình thắng ít thua nhiều khiến mọi ng cay cú và càng chơi nhiều hơn, nhà game ko sợ bạn lên chiến tướng/chiến thần, nhà làm game sợ bạn lên chiến tướng/chiến thần r sẽ xóa game ko chơi nữa vì khi chúng ta thua chúng ta càng chơi nhiều thì nhà làm game càng giàu, đừng làm giàu cho họ nữa mà hãy chung tay tẩy chay xóa game tập trung sự nghiệp để cho họ phá sản dẹp game thì khi đó chúng ta mới là những ng chiến thắng thật sự!",1,com.garena.game.kgvn
vốn hóa lớn makkvn của,2,com.garena.game.kgvn
hệ thống ghép nguu vc nghĩ sao rank cao thủ ghép với lv 25 vào toàn phá,1,com.garena.game.kgvn
hay lắm luôn ai có ý định chơi thì tải luôn đi chờ chi !,5,com.garena.game.kgvn
"kh hỏi sao game lâu lại bị lỗi đơ ngoài sảnh chờ , để treo cả tiếng vẫn kh thấy gì , trong khi thoát ra sài các ứng dụng khác chạy vẫn mượt",1,com.garena.game.kgvn
hay,5,com.garena.game.kgvn
game khó chơi ko đc ý muốn,1,com.garena.game.kgvn
sao mik chs nó bị đi chậm sao á xog r mik đang đi thẳng giật lại để quay ngược lại 2 3 giây sau nó hành động mong game khắc phục tình trạng này,2,com.garena.game.kgvn
chơi vui lắm,5,com.garena.game.kgvn
"acc bị hack, muốn xoá acc mà game làm khó quá ko xoá đc😇",4,com.garena.game.kgvn
game như ca.c t,1,com.garena.game.kgvn
ghép toàn sv nhg vẫn thik chs=)),4,com.garena.game.kgvn
anh em đánh giá xấu thì nó cũng ko xem đâu,1,com.garena.game.kgvn
Hay,5,com.garena.game.kgvn
tưởng do máy kém nhma hog phải tại game lag quá chơi hay bị văng game. 🐿️,5,com.garena.game.kgvn
Game lag chs toàn hạc,1,com.garena.game.kgvn
game càng ngày càng rác,1,com.garena.game.kgvn
Siêu Cuống,5,com.garena.game.kgvn
"thường xuyên bị lag không di chuyển đc, nhiều lần đang tải vô trận thì không tải nữa",1,com.garena.game.kgvn
"ghép toàn phá game, afk, test tướng, test giáo án, tranh lane. đánh 10 thua hếy vì toàn ghép trúng dì đâ không. làm ơn đi game lắng nghe người chs dùm 1 cái nhen",1,com.garena.game.kgvn
"admin xem lại game cho người chơi , cái gì củng bắt tải .nhiều khi afk tố cáo nó không được , mình làm việc phải có tâm nha acmind",5,com.garena.game.kgvn
Game như loll. toàn xếp vs óc chó,1,com.garena.game.kgvn
toàn gặp xúc vật,1,com.garena.game.kgvn
game hệ thống ghép chận quá rác ko còn gì để nói,1,com.garena.game.kgvn
dễ out game,1,com.garena.game.kgvn
buổi sáng ghéo dell gập taem nào ra hồn,1,com.garena.game.kgvn
Game lol,1,com.garena.game.kgvn
kém!,1,com.garena.game.kgvn
tốt,5,com.garena.game.kgvn
chơi rất vui leo ran lên chiến tướng bà rồi,5,com.garena.game.kgvn
"ghép thì toàn ghép địch khủng, mong garena ghép lại cho công bằng tí",1,com.garena.game.kgvn
đang vô trận thì văng xong nó trừ dần xuống giờ còn 84 uy tín vãi game lm ăn thế này thì chịu,1,com.garena.game.kgvn
Chừng nào được bù sao khi gặp AFK đi rồi cho 5 sao. Nghĩ sao 4 vs 5 mà vẫn bị trừ sao? Có thấy bất công quá không?,1,com.garena.game.kgvn
"ghép team ncc tao, thắng thua liên tục, mấy chục trận, cứ cao thủ r lên dc 6 sao, xuống lại tinh anh r lại lên, mệt vl",1,com.garena.game.kgvn
10 điểm,5,com.garena.game.kgvn
gêm rác vãi 1sao là đúng,5,com.garena.game.kgvn
game như gì chơi toàn thua,1,com.garena.game.kgvn
game ghép trận kiểu j thế đội bạn toàn cao thủ sao chơi kại xóa game,1,com.garena.game.kgvn
phải nói là cực kỳ lag khi vô game và vào trận,1,com.garena.game.kgvn
Game Quá Hay Nên Free Skin Thứ Nguyên Vệ Thần Là Ok,5,com.garena.game.kgvn
game này nên đc xoá,1,com.garena.game.kgvn
ghep đoi như cailon,1,com.garena.game.kgvn
tốt,5,com.garena.game.kgvn
rất ok,5,com.garena.game.kgvn
"Liên Quân Mobile ngày càng gây thất vọng vì ghép trận lệch trình, đội hình chênh lệch rõ ràng khiến trận đấu mất cân bằng. Đánh rank mà phụ thuộc may rủi đồng đội. Tình trạng phá game, AFK, feed vẫn nhiều, hệ thống trừ uy tín chưa đủ răn đe, làm người chơi nghiêm túc rất ức chế.",1,com.garena.game.kgvn
đang xác nhận vô game tnhien văng game lsao nua v tr?,1,com.garena.game.kgvn
game tải tài nguyên lâu - 1 sao,4,com.garena.game.kgvn
"game rác gây ức chế 3,5 sao là phải ai mà đánh giá 5sao chỉ có thể ekip",1,com.garena.game.kgvn
lag,5,com.garena.game.kgvn
"game rác ghép trận như sv toàn phá game test tướng , test skin ,afk",1,com.garena.game.kgvn
xếp trận như c,1,com.garena.game.kgvn
chơi vui lm may con ga biet gi,5,com.garena.game.kgvn
Ghép rank quá lệch,1,com.garena.game.kgvn
T chờ cả chục phút ms vào dc mà lại kodc z hả???,1,com.garena.game.kgvn
game ghép trận toàn thằng ngu,1,com.garena.game.kgvn
hay,5,com.garena.game.kgvn
game hay,5,com.garena.game.kgvn
"game lúc trước còn hay do khi có người afk thì không mất sao nhưng giờ có người afk vẫn bị trừ sao không công bằng vc 2,3 người afk chơi rất bất lực mất công cày rank cả ngày mà chỉ cần gặp người afk là mất hết số sao mà cày được,rất bất lực và tức luôn chỉ cần chơi 1-2 ván là hết động lực để chơi game và game chơi rất lag chỉ cần ở gần địch là cứ bị giật giật,trải nghiệm game không được mượt và hay như trước nữa,mong ad đọc và sửa lại,nhưng nói chung thì chơi với bạn bè vẫn rất vui không chán.",3,com.garena.game.kgvn
ok,5,com.garena.game.kgvn
"ghép team ko ra gì, xử lý phạt ko hợp lí lỗi chiêu nhiều lần",1,com.garena.game.kgvn
"ghép toàn óc chó, phá game ức chế vch",1,com.garena.game.kgvn
Càng ngày càng lag đitme game,1,com.garena.game.kgvn
game ghép toàn bọn ngu nát vc,1,com.garena.game.kgvn
"hay nha với cg có nhiều skin đẹp , nên chơi",5,com.garena.game.kgvn
ghép bị lệch ranh,1,com.garena.game.kgvn
ghép team như cặc,1,com.garena.game.kgvn
game gì mà vô chơi bị nhảy ra ko,1,com.garena.game.kgvn
"gems rất vui, có thể nhận sikim miễn phí yêu liên quân 😘",5,com.garena.game.kgvn
game ghép trận ko công bằng,1,com.garena.game.kgvn
lỗi hiệu ứng xuất hiện của skin,3,com.garena.game.kgvn
ghép trận thì toàn bọn ngu,1,com.garena.game.kgvn
"thích, hay",5,com.garena.game.kgvn
game bị lỗi ko vào dc 1 sao,1,com.garena.game.kgvn
cứ win 10 trận game lại cho thua 32 trận mà tôi vừa mới chơi lại toàn ghép cho trận toàn bots hoặc afk mong nhà làm game xửa lại,2,com.garena.game.kgvn
"gà xem lại như nào đi, sao tôi chơi game được tầm 15-20p là tôi bị văng ấy. tôi dùng samsung",1,com.garena.game.kgvn
ok Chào các bạn trong thời gian qua đi đến một tựa game Free Fire,5,com.dts.freefireth
game hay mỗi tội tốn dung lượng,5,com.dts.freefireth
rất tuyệt và sự thoải mái hơn hẳn,5,com.dts.freefireth
game ncc vào toàn bị lỗi bị lắc. giống như vườn từ do cũng vậy cập nhật lại cây mới toàn bị lỗi chơi đc cc gì mất hết cây. cây thì lung tung chẳng chơi được cc gì hết,1,com.dts.freefireth
vì nó gây ấn tượng cho tôi,4,com.dts.freefireth
k làm j cũng bị ban tổ đội,1,com.dts.freefireth
t mới nghỉ game 1 thời gian mà giờ vào lại thì cả setting lẫn độ nhạy của t đều bị xóa là sao???,1,com.dts.freefireth
game thây tốt ae chs thử ik,5,com.dts.freefireth
hay,5,com.dts.freefireth
play to win quá ước j anh gá cho thẻ đổi tên :),3,com.dts.freefireth
hay,5,com.dts.freefireth
Game Như C_ Hệ Thống KĐj Ấy Afk Bảo Đeo Afk Game Còn Bt The Ma Tố Cáo Bảo Ko Đủ Bằng Chứng,1,com.dts.freefireth
được,5,com.dts.freefireth
hay,5,com.dts.freefireth
lag ko chs đc,1,com.dts.freefireth
tuyệt,4,com.dts.freefireth
trò chơi thực tế tôi rất thích,5,com.dts.freefireth
chơi rất vui tôi rất hài lòng,5,com.dts.freefireth
ok rất dc,5,com.dts.freefireth
"cơ chế đánh giá của game quá ngu khi không phân biệt được giữa chửi và nói chuyện bình thường cùng bạn bè, người được mời từ thế giới vô chỉ cần tố cáo dù không sử dụng ngôn từ khiếm nhã thì vẫn bị cấm mic.",1,com.dts.freefireth
hay nh mà ko hiểu sao chơi toàn gặp hack(tử chiến) còn sinh tồn thì nó báo lỗi ko thể tìm trận rồi đc vài hôm thì ko chơi đc cái j luôn độc lang chiến cx ko chơi đc người khác mời vào đội đồng ý mà nó cứ ghi là trong đội đó có người dùng phần mềm thứ 3 mong nhà phát hành tăng cường hệ điều hành chứ nhiều hack quá và sữa lổi ko chơi đc j cả game càng ngày càng chán sự kiện cx chẳng có j vui mà lúc nào cx gặp hack,1,com.dts.freefireth
Hay,5,com.dts.freefireth
tốt,5,com.dts.freefireth
rất hay,5,com.dts.freefireth
rất vui,5,com.dts.freefireth
quá hay,5,com.dts.freefireth
rất tốt súc sắc quá tốt 10 điểm ko nhưng chơi gất đả quá hây quá rê chị tốt lắm,5,com.dts.freefireth
game hay,5,com.dts.freefireth
ff lol tnhien trừ tiền của bố,1,com.dts.freefireth
lỗi bắn ko ra dame là sao????,1,com.dts.freefireth
chơi free fire rất vui và có thể kết bạn với những người thân hoặc người khác,5,com.dts.freefireth
ko hack nhưng vẫn bị nghi vấn hack?,5,com.dts.freefireth
cực kỳ hay,5,com.dts.freefireth
chơi đc 4 năm r thì h nick tôi đã nắm dưới đáy xã hội,5,com.dts.freefireth
mới tải lại mà kêu tải tài nguyên hoài ko bt bao giờ mới xong,1,com.dts.freefireth
tui rất thích game này,5,com.dts.freefireth
tâm nặng lag,1,com.dts.freefireth
Tốt nhưng đừng cập nhật nhiều,4,com.dts.freefireth
chơi nhìu bạn vùi ve,3,com.dts.freefireth
vì free frie quá hay,5,com.dts.freefireth
hay,5,com.dts.freefireth
hay,5,com.dts.freefireth
hay,5,com.dts.freefireth
Game lon,1,com.dts.freefireth
"giờ game sửa lại lỗi rồi mà tôi cũng đôi lúc chơi thôi, chơi mà cục súc với đồng đội lại chửi garena ko chơi được thì thôi",5,com.dts.freefireth
game không hay đã có acc rồi đăng nhập không được luôn á,1,com.dts.freefireth
rất tốt,5,com.dts.freefireth
Gam rất hay sự kiện cài cũng rất dễ,5,com.dts.freefireth
hay,5,com.dts.freefireth
100 sao tốt,5,com.dts.freefireth
"hay nhưng vẫn rất nhiều hack,và mong game tạo ra mấy sự kiện tặng kc như hồi xưa đi",5,com.dts.freefireth
mời vô đội nó cứ người bạn của bạn Sài phầm niềm thứ 3 mong Garena khắc phục,1,com.dts.freefireth
Vì nhà ko thật ko có cửa 🙅,1,com.dts.freefireth
-game ff .vườn tự do bị gì vậy.vô game cứ lag trồng cây thì bị lỗi vườn đả đầy trong khi bán 20 cây.có bản cập nhật gì ko chứ cứ lag vậy ai chơi đc!!!,1,com.dts.freefireth
Game lỗi tải map không được không chơi được sinh tồn và tử chiến đề nghị khắc phục ngay !!!!!!,1,com.dts.freefireth
tốt,5,com.dts.freefireth
nice,5,com.dts.freefireth
rất hay và vui,5,com.dts.freefireth
"Tôi hi vọng rằng , những cái mỏ hỗn trong tựa game này không làm tôi thất vọng 😙",3,com.dts.freefireth
tôi cảm ơn Free Fire,5,com.dts.freefireth
chs khá tốt 5 sao,5,com.dts.freefireth
do hơi lag lên tui để vẫn mong ah gà ko cấm ạ 😓,4,com.dts.freefireth
rất hay chơi siu vui lun,5,com.dts.freefireth
hay hơi lag 1 tí,5,com.dts.freefireth
vui,5,com.dts.freefireth
chơu game toàn bị mắc ỉa,1,com.dts.freefireth
Choi vui,5,com.dts.freefireth
game lỏ lonnn,1,com.dts.freefireth
tuyệt khen,5,com.dts.freefireth
tôi bị lỗi,2,com.dts.freefireth
game rất hay,5,com.dts.freefireth
ổn,4,com.dts.freefireth
Lại mất đăng nhập,1,com.dts.freefireth
tốt,5,com.dts.freefireth
rất tốt đó nhen😁💯😘,4,com.dts.freefireth
vui,5,com.dts.freefireth
nạp thẻ lên cấp đớp gấp 3,1,com.dts.freefireth
👍🤓,5,com.dts.freefireth
vui nhưng ko ai chơi chung khá buồn,5,com.dts.freefireth
đc,5,com.dts.freefireth
"cập nhật thêm mic tất cả làm gì còn tự động bật, nhục vãi ra, nhái ai v😓",1,com.dts.freefireth
quá vui,5,com.dts.freefireth
vui,5,com.dts.freefireth
quá hay ❤️❤️,3,com.dts.freefireth
game hay vl,5,com.dts.freefireth
hơi lắc tí,5,com.dts.freefireth
tôi nòi thật game cũng khá là jay nhưng mong anh gà rép đồi động có não và mong anh gà trừng trị mấy thk hack tố cáo nhưng ko game làm thế thì nản vcl,1,com.dts.freefireth
khi tải về thì hoi nhiều gb,5,com.dts.freefireth
"Chỉ có một chữ""hay"" nhưng sau này hãy cung cấp nhiệm vụ nhận thưởng quần áo và hành động cho tôi nhiều hơn nha",5,com.dts.freefireth
game hay,5,com.dts.freefireth
game hay đấy 👍👍👍👍👍🥀,5,com.dts.freefireth
Ok,5,com.dts.freefireth
game cực hay,5,com.dts.freefireth
10 điểm ko có nhưng,5,com.dts.freefireth
hay,4,com.dts.freefireth
bán headshot 100%,5,com.dts.freefireth
bắn vào mà không mất máu,1,com.dts.freefireth
game hay,5,com.dts.freefireth
rất hay,5,com.dts.freefireth
"Rất hay,vui",5,com.dts.freefireth
mẹ geam như cuttt có mỗi cái lỗ nhỏ cũng bán chết đc chơi 5 năm rưỡi mà lần đầu chết như thế đay là đánh giá thật,1,com.dts.freefireth
ok,5,com.dts.freefireth
hơn ♥️,2,com.dts.freefireth
siêu hay luôn,5,com.dts.freefireth
hay,5,com.dts.freefireth
game hay!!!,5,com.dts.freefireth
không tải được Sinh tồn tử Chiến,1,com.dts.freefireth
tải quá lâu,1,com.dts.freefireth
tốt,4,com.dts.freefireth
10000000 hay quá,5,com.dts.freefireth
cuốn quá trời nối chơi hay,5,com.dts.freefireth
tôi bị ban acc phi phai yêu cầu nhà phát thành làm lại,3,com.dts.freefireth
geam này đã khiến tôi nhớ những người bạn cũ đó,5,com.dts.freefireth
vui,5,com.dts.freefireth
G nên trừ nặng hơn,1,com.dts.freefireth
choi vui,5,com.dts.freefireth
game hay vl lại còn vui,5,com.dts.freefireth
game bị gì á tải tài nguyên không được chả chơi dc tc vs st,1,com.dts.freefireth
chơi mà toàn gặp hack,1,com.dts.freefireth
tôi rất thich,5,com.dts.freefireth
rất hay,5,com.dts.freefireth
game rác,1,com.dts.freefireth
chs hay,5,com.dts.freefireth
hay vô cùng,5,com.dts.freefireth
gặp trẻ trâu nữa còn đứng kế bên không cứu gặp thêm mấy thằng hack nữa,4,com.dts.freefireth
trò chơi này rất hay và sự kiện của ff lại ko ngon mấy cho 4 sao thôi,4,com.dts.freefireth
cập nhật cái lag quá trời mạng thì bth,1,com.dts.freefireth
game giờ lạ quá toàn ra nhân vật kì không còn vui như trước yêu cầu suy nghĩ trước khi cập nhật,1,com.dts.freefireth
quá hay,5,com.dts.freefireth
nạp tiền chs toàn thua,1,com.dts.freefireth
ff 10000 điểm,5,com.dts.freefireth
ok hay,5,com.dts.freefireth
"game chán, tuk, mấy đứa ko ht chs AMW 3&3 r nó cx chs AMW trong khi nó ko bt dùng , đồng đội thì như l, game càng ngày càng dởm",1,com.dts.freefireth
tốt,5,com.dts.freefireth
hay,5,com.dts.freefireth
game rẻ rách,1,com.dts.freefireth
game quá hay,3,com.dts.freefireth
cũng cũng,5,com.dts.freefireth
game vui,5,com.dts.freefireth
hay,5,com.dts.freefireth
hơi lag,4,com.dts.freefireth
rất hay 😁,5,com.dts.freefireth
càng ngày càng nát,1,com.dts.freefireth
rất vui,5,com.dts.freefireth
iu free fire,5,com.dts.freefireth
chơi rất vui,5,com.dts.freefireth
cho m590 như cũ đi,5,com.dts.freefireth
Game khá hay nhưng chơi nâu có thể thấy chán vì rank quá dễ,5,com.dts.freefireth
tui rất vui mới game mà hay nhất luôn,5,com.dts.freefireth
game như con cạc,1,com.dts.freefireth
OK,5,com.dts.freefireth
free fire là số 1,5,com.dts.freefireth
hay,5,com.dts.freefireth
"dạo này update awm toàn lỗi dame, mong anh Gà mau chóng khắc phục lỗi này.( Có khi bắn 5 viên còn chưa gục💔)",4,com.dts.freefireth
hay vcl,5,com.dts.freefireth
rất tốt,5,com.dts.freefireth
chơi vui,5,com.dts.freefireth
toàn mấy thằng thả nhện tôi khuyên ae ko tải tố cáo nó ko bị sao toàn mấy thằng kẻ phản diện xong còn mấy thằng hack nữa,1,com.dts.freefireth
chơi vui và hay nhưng hơi nhiều GB,5,com.dts.freefireth
hay nhưng lag,3,com.dts.freefireth
rất hey,5,com.dts.freefireth
trải nghiệm như lol,1,com.dts.freefireth
tôi yêu. cầu giảm sức mạnh xineo con chó gaem,1,com.dts.freefireth
chơi được,5,com.dts.freefireth
chơi hơi bị ok,5,com.dts.freefireth
game bây giờ thay đổi nhiều quá không còn như thời mới chơi,2,com.dts.freefireth
ff như cặt sao nó bắn dô thân lại tính đầu là sao,1,com.dts.freefireth
ff bây giờ mới mẻ hay hơn rùi á cảm ơn nhà sản xuất đã thay đổi,5,com.dts.freefireth
tốt,5,com.dts.freefireth
chơi vui,5,com.dts.freefireth
tự nhiên kh lm cái j cũng bị trừ điểm uy tín toàn mấy đứa đội kia báo cáo làm cho trừ điểm???,3,com.dts.freefireth
mặt dù chơi bắn thấy nó hay nhưng ghép toàn mấy thằng đồng đội bắn ốc vãi còn không biết phối hợp nữa còn team bạn bắn như tuyển thủ vậy ghép không công bằng như tui nghĩ,2,com.dts.freefireth
rất,3,com.dts.freefireth
game hay vaiz,5,com.dts.freefireth
game rác,1,com.dts.freefireth
lag lag lag lag,2,com.dts.freefireth
Chơi vui phết 🤡,5,com.dts.freefireth
đóm yes yes,5,com.dts.freefireth
phai phai sống dai thành huyền thoại,5,com.dts.freefireth
lúc đầu chán mà h gửi hơn r hãy cho nhìu vòng quay nấm đấm đi,5,com.dts.freefireth
rất hay và nhiều đồ miễn phí nữa,4,com.dts.freefireth
lâu lâu của lại cx vui,5,com.dts.freefireth
rất hay và có tính trải nghiệm.,5,com.dts.freefireth
nhớ kỉ niệm từ năm 2018 game hay,5,com.dts.freefireth
game nạp tiền hút máu sơn súng tăng dame play to win còn đồ free tới chó nó còn chê,1,com.dts.freefireth
chơi game mà cứ mấy tháng là xét lại rank từ cao lại xuống thấp hơi chán ạ,5,com.dts.freefireth
hay quá,5,com.dts.freefireth
từ khi ob51 ra mắt cảm thấy geam k còn vui như trước kia nữa,1,com.dts.freefireth
luỵ game,5,com.dts.freefireth
lag vãi mà wifi ko đỏ ko 999+ vẫn giật lag,1,com.dts.freefireth
xoá tải lại ko mất ac,5,com.dts.freefireth
đm chơi vườn tự do mà nó lag kinh th mẹ cập nhật xong đeo thấy cây giếng chán game này rê,1,com.dts.freefireth
Free Fire bữa giờ chẳng chơi được cứ vô rồi nó cứ bị gì á,1,com.dts.freefireth
cũng ok vui game hay nhưng game hay gặp hack,2,com.dts.freefireth
hay,5,com.dts.freefireth
nó bị j á không thể bấm vào bản đồ j hết,1,com.dts.freefireth
game siu siu siu hay,5,com.dts.freefireth
vào choi nó cu bảo lỗi máy chủ,1,com.dts.freefireth
"ff mới ra map vườn tự do mà khi tôi trồng dc nhiều cây thì thoát ra vô lại bị mấy khá nhiều hoa,cây và quả",3,com.dts.freefireth
game như quần què,1,com.dts.freefireth
game hay,5,com.dts.freefireth
game như bùi,1,com.dts.freefireth
"chu cha hay nha nhưng toàn mấy ôg vip 7 , 8 7 đá mà bắn như bot :))",5,com.dts.freefireth
đang chơi bùn ẻ mong nhà sản xuất sửa lỗi🤞🏻😒,5,com.dts.freefireth
rất hay lúc nào cũng Thắng,5,com.dts.freefireth
Khongg vào Đc game,3,com.dts.freefireth
hay,5,com.dts.freefireth
vừa chơi lại nhưng tôi ko thể chơi tử chiến hay sinh tồn dù đã chọn bản đồ nhưng vẫn không thể vào,1,com.dts.freefireth
vui nhưng găp hack,5,com.dts.freefireth
"chơi toàn hack ,cứ hồi sinh xong là lại gặp",1,com.dts.freefireth
Tốt. độ họa đẹp chất lượng. nhưng bị lỗi 1 số trận👍👍,5,com.dts.freefireth
gemg hay,5,com.dts.freefireth
chơi game 8 năm rồi .. cứ xóa lại tải ...haizzzz bao giờ mới bỏ đc đây.,5,com.dts.freefireth
hay,5,com.dts.freefireth
hay quá,5,com.dts.freefireth
game bắn súng thì như kiểu dùng kĩ năng nhân vật,2,com.dts.freefireth
game dở đg chơi lỡ nói 36 khoá mic 36h,1,com.dts.freefireth
mình rất tiếc khi mấy hôm nay không thể đăng nhập vào game được cho mình mình quyết định Là nghỉ game,3,com.dts.freefireth
vui. quá,5,com.dts.freefireth
rất hay game đồ hoa đặc sắc những chi tiết rất đẹp,5,com.dts.freefireth
vãi cả cơ chế gamer cho hẳn 3 khứa tạ:))) đag sướng thì sướng trước khổ sau:)),1,com.dts.freefireth
nhiều dung lượng,1,com.dts.freefireth
không cặp nhật Cho tôi,4,com.dts.freefireth
st là game đồng đội mà chơi ko cứu tụt rank hoài,1,com.dts.freefireth
game như lon đội t như cac mà đội khác toàn pro t mong garena sửa game cho công bằng ik,1,com.dts.freefireth
hay lỗi mic k nch đc,1,com.dts.freefireth
ok,5,com.dts.freefireth
"Vui vãi, nhiều lúc street chơi cũng xã đc nhiều",5,com.dts.freefireth
Máy yếu đell tải đc bản mới nhiều dung lượng vcl,2,com.dts.freefireth
vô game ko đc ạ ah gà giúp em đi vô nó cứ để lỗi mà thoát ra thử lại cũng như vậy 🥺😞,1,com.dts.freefireth
"game cho em mời bạn đi lại cấn em mời thì em chơi kiểu dì , như game hay hật",5,com.dts.freefireth
ok,5,com.dts.freefireth
game chs gặp toàn hack chs đc 10 trận thì 11 trận là thua,1,com.dts.freefireth
game j đau ko tối ngày bị mất đồ,1,com.dts.freefireth
Quá tệ,1,com.dts.freefireth
rất vui và làm tôi thích thú,5,com.dts.freefireth
không vào tài khoản,1,com.dts.freefireth
noi chung la vui,5,com.dts.freefireth
game tuỳ hay nhưng mà trẻ trâu thôi,2,com.dts.freefireth
hay,5,com.dts.freefireth
tôi thích chs,5,com.dts.freefireth
hay,5,com.dts.freefireth
tốt,5,com.dts.freefireth
gà rán ơi cho lên rank đi,5,com.dts.freefireth
"cập nhật cái trò chơi vườn tự do xong lag thu nhỏ cây nói chung khó chịu, yêu cầu garena xem và chỉnh sửa lại lối chơi này",1,com.dts.freefireth
chơi rất vui và kịch tính🔥,5,com.dts.freefireth
hay,5,com.dts.freefireth
ủa sao vô vườn tự do mà mất cây bao nhiêu công sức đổ sông đổ bể là sao anh gà,2,com.dts.freefireth
freefire rất vui và chơi rất hay,5,com.dts.freefireth
tốt,5,com.dts.freefireth
hay,5,com.dts.freefireth
bị cấm mic 3 ngày ko lí do?,1,com.dts.freefireth
trò chơi rất hay và trải nghiệm tuyệt vời,4,com.dts.freefireth
lag,4,com.dts.freefireth
chán,3,com.dts.freefireth
game hay vl 160 sao mới được,5,com.dts.freefireth
game rác,1,com.dts.freefireth
"anh gà ơi, em mong anh gà xem được bình luận này. Em mong anh gà vào ngày sinh nhật của các nhân vật thì anh có thể cho những con nhân vật này về thời đỉnh cao, lúc mà con nhân vật đó được coi là phiên bản mạnh nhất của nhân vật đó. Làm như vậy thì sẽ làm cho ngày sinh nhật của nhân vật đó trở nên ý nghĩa hơn và cho những người chơi đời đầu và các người chơi khác có thể trải nghiệm lại còn nhân vật đó lúc nó là phiên bản mạnh nhất của chính nó , cảm ơn . nick em là tahachmapff",5,com.dts.freefireth
ngon,5,com.dts.freefireth
lỗi đam vc,1,com.dts.freefireth
quá đã,5,com.dts.freefireth
okela,5,com.dts.freefireth
game ok dải trí,4,com.dts.freefireth
QUÁ HAY,5,com.dts.freefireth
game vuiii,5,com.dts.freefireth
lửa chùa chơi rất vui độ chất lượng thì 100% sự kiện hay,5,com.dts.freefireth
game ghép trận kiểu gì á team địch mạnh team mình phế,1,com.dts.freefireth
rất hay,5,com.dts.freefireth
game rác,1,com.dts.freefireth
ghép toàn đồng đội ngoo vl,1,com.dts.freefireth
chơi rất vui vả được nhiều người yêu thích,5,com.dts.freefireth
phi phai quá hay,1,com.dts.freefireth
game hay,5,com.dts.freefireth
rat hay 🗿,5,com.dts.freefireth
còn dung lượng nói hết là sao ??????,1,com.dts.freefireth
mong gane đừng đóng,5,com.dts.freefireth
đang chơi game tự nhiên mắc ỉa yêu cầu nhà làm game khắc phục,4,com.dts.freefireth
game trẻ trâu toàn thứ xàm xàm không ra đám ôn gì cả,1,com.dts.freefireth
"game rất hay, thứ làm nó chán là thành phần ng chs đa số là trẻ trâu, mà chs giả lập mệt vl:)))",5,com.dts.freefireth
100 diem ko co nhung luon,5,com.dts.freefireth
rất hay,5,com.dts.freefireth
dạo này gem lag vãi,1,com.dts.freefireth
"Chán, lửa chùa chán quá bye game",1,com.dts.freefireth
ok,5,com.dts.freefireth
hay vãi,5,com.dts.freefireth
"Vào gane thì thấy mất acc, cứ báo lỗi mạng trong khi mạng đầy đủ. nói chung là game nát",1,com.dts.freefireth
quá hay,5,com.dts.freefireth
game rác,1,com.dts.freefireth
vui,5,com.dts.freefireth
tôi bị band id ko hiểu tại ko,1,com.dts.freefireth
rất nhiều sự kiện nhưng hãy cho sự kiện về nhân vật Luffy,5,com.dts.freefireth
mấy anh ơi em ko vô đc game bị lỗi,5,com.dts.freefireth
game rất hay nhưng ít ra hồm màu vàng,5,com.dts.freefireth
game rất hay,5,com.dts.freefireth
tôi vô tải bảng đồ không được mong nhà sản xuất xem lại,2,com.dts.freefireth
quá tuyện vời,5,com.dts.freefireth
hay,5,com.dts.freefireth
10 điểm,5,com.dts.freefireth
sự kiện thì rất hay và thú vị nhưng đang chơi bị kích ra ngoài mà free fire rất hay cho năm sao,5,com.dts.freefireth
hay,5,com.dts.freefireth
quá tốt,5,com.dts.freefireth
lag quá,1,com.dts.freefireth
vui,5,com.dts.freefireth
game hay và rất cuốn,5,com.dts.freefireth
tôi rất thích,3,com.dts.freefireth
Gem lỗi quá,1,com.dts.freefireth
dcmm được 10kill mà cứ trừ điểm,1,com.dts.freefireth
ok,5,com.dts.freefireth
chs hay,5,com.dts.freefireth
rất vui,5,com.dts.freefireth
hay nha v123,1,com.dts.freefireth
hay,5,com.dts.freefireth
Đồ họa rất hay và hấp dẫn,5,com.dts.freefireth
vuii,5,com.dts.freefireth
"game bây giờ toàn lỗi là lỗi, game thì chẳng cải thiên game bây giờ như rác",2,com.dts.freefireth
game quá hay,5,com.dts.freefireth
game hay garena cho skin rất đẹp( Huykíliêm ),5,com.dts.freefireth
hay,5,com.dts.freefireth
"chán , hết giống thời xưa",4,com.dts.freefireth
hay quá,4,com.dts.freefireth
tao chơi lúc nào là có hack trong trận,1,com.dts.freefireth
chơi rất vui,4,com.dts.freefireth
vuii,5,com.dts.freefireth
Free Fire tôi. cảm thấy rất Là vui 🧠👊,5,com.dts.freefireth
hơi hack,5,com.dts.freefireth
geam nhuu l má,1,com.dts.freefireth
chơi vui lắm đồ thì đa đẹp ko chổ để chê,5,com.dts.freefireth
game hay,5,com.dts.freefireth
tuyệt,5,com.dts.freefireth
"Mọi thứ đều ổn , nếu nhà phát hành ra một vật phẩm có thể đánh dấu người chơi khác để truy sát thì càng hay , đại loại là nhập id người chơi đó sao đó nó chơi game thì cứ truy sát trong map , giá đắt cũng được 1k kc t vẫn mua , có hạn sử dụng trong ngày vẫn đc ( vật phẩm này do mình nghĩ ra , tạm đặt tên là vạn biến lệnh ) . Có ra Bố gặp đâu đá chết ở đó , khỏi chơi game , nhìn ng chơi thân thiết với mình bỏ qua mình onl game chơi với nó là lòng đau không chịu nổi .",5,com.dts.freefireth
chơi bị mẹ gank cần xem xét lại 😡😡😡😡😡,1,com.dts.freefireth
"Tại sao ứng dụng game khi tải về thì vẫn ổn, vẫn xem được nhưng khi vào trận thì mạng là 999+ trong khi mạng ở chỗ tôi vẫn hoạt động bình thường, mong nhận được sự hỗ trợ từ phía nhà sản xuất.",1,com.dts.freefireth
Dcmmm kĩ năng nv lol chx nhìn thấy địch dã chết,1,com.dts.freefireth
"grn chs đá hay j .. vườn tự do khi kh bông còn chút ét v, còn làm ngược ngạo bông ngta nx. trái thì chà bá up date còn chút ét. Dẹp nghĩ chs cho r",1,com.dts.freefireth
tôi yêu thik 👍,5,com.dts.freefireth
hay lắm,5,com.dts.freefireth
"yêu cầu game thêm tính năng mới chính là các người chơi có thể là người xem và check những người bị nghi ngờ và ban những người dùng phần mềm thứ 3 sau quá trình những cách huấn luyện quá bài tập và câu hỏi và đóng băng người chơi nghi ngờ và ban những người chơi dùng pmt3 để góp phần game phát triển cấp độ ban bao gồm sơ cấp, trung cấp, cao cấp tùy vào mức đã phát hiện người dùng phần mềm thứ 3 và nâng cấp người danh hiệu để phát triển",5,com.dts.freefireth
ko cho nhận ma búp bê thì đánh giá 4 sao,4,com.dts.freefireth
đc,5,com.dts.freefireth
game gấc duii💗💗,5,com.dts.freefireth
mất chữ ở tên nhìn khó chịu vl,4,com.dts.freefireth
gema dở tệ,1,com.dts.freefireth
"game ngày càng dở , làm ăn kiểu gì ko đâu , nếu đánh giá 0 sao thì cho 0 sao r , rank thì ko xứng với trình độ , lỗi với bug thì nhiều ( nhiều lúc súng ko tự ghim hoặc rõ tâm gần thk kia thì ghim thk nọ)",1,com.dts.freefireth
hay,5,com.dts.freefireth
gem lon đag chơi tự nhiên mắc đái cht ln,1,com.dts.freefireth
sao mà hút máu dữ vậy quay đồ cái gì cũng phải đến cuối mới được tốn tiền vv,2,com.dts.freefireth
game hay,5,com.dts.freefireth
vui,5,com.dts.freefireth
yêu garena,5,com.dts.freefireth
"game chơi ổn nhưng gặp nhiều hack tố cáo nhiều nhưng garena ko xử lí , chơi 10 trận hết 9 trận là gặp hack , huấn luyện rất nhiều hack tố cáo mà ko xử lí khi ghép trận khác vẫn gặp tiếp , chơi rất tức vì bọn hack , càng ngày ra nhiều lối chơi khó hiểu , mong nhà phát hành sớm khắc phục ạ !!",3,com.dts.freefireth
chán,1,com.dts.freefireth
phi phai này được,5,com.dts.freefireth
game tải quá lâu,3,com.dts.freefireth
tốt,5,com.dts.freefireth
game dở,1,com.dts.freefireth
ổn,5,com.dts.freefireth
quá hay,5,com.dts.freefireth
ok,5,com.dts.freefireth
Hay,5,com.dts.freefireth
ko chơi hack cx bị band,1,com.dts.freefireth
game ghép trận như sv toàn gặp trẻ trâu phá game còn gặp hack,1,com.dts.freefireth
mỗi 1 trận phải có mp5 chứ chơi hơn chục trận đc có một trận mp5 sao Leo top đc,4,com.dts.freefireth
game gép chận kiểu Dell j ko đồng đội thì yếu địch thì mạnh 🤬,1,com.dts.freefireth
toàn sếp với đứa phá game,1,com.dts.freefireth
vui,5,com.dts.freefireth
game bị lag mong garena free fire sửa lại xin cảm ơn😇🥰,5,com.dts.freefireth
rất hay,5,com.dts.freefireth
cờ hó garena gỡ cho tao mic,1,com.dts.freefireth
game dell bằng cái móng chân của liên quân,1,com.dts.freefireth
quá ok,5,com.dts.freefireth
em bị lỗi không vào trận được anh gà ơi 😭,1,com.dts.freefireth
game siêu tôi rất thích,5,com.dts.freefireth
lửa chùa,5,com.dts.freefireth
game lỗi mhiều cần khắc phục,1,com.dts.freefireth
Game trồng cây mấy hôm kh vào hôm nay vào vườn thì thấy mất hết cây là sao? Mong garena sửa lỗi chứ nản lắm r kh trả lại cây vs quả chắc xoá game luôn,1,com.dts.freefireth
game chơi rất vui nhưng hôm nay mình gặp một lỗi đơ màn hình không quay qua quay lại được giống như mọi lần ấy. chơi không được luôn rồi còn bị 999 + nữa.,2,com.dts.freefireth
vui,5,com.dts.freefireth
gem toàn bắn ngu,1,com.dts.freefireth
hay đó nha,5,com.dts.freefireth
game rất vui và rất hayy,5,com.dts.freefireth
Sinh tồn này dễ đây!,5,com.dts.freefireth
vuýp,5,com.dts.freefireth
chơi cũng vui,5,com.dts.freefireth
game quá hay nói giúp tôi trải nghiệm sau những giờ làm việc mệt mỏi,5,com.dts.freefireth
chơi khá vui rất đáng để thử,5,com.dts.freefireth
tôi cảm thấy chơi rất vui,5,com.dts.freefireth
rác,1,com.dts.freefireth
game ơi game ban mấy cái đứa mà Sài hack ik chứ em tức lắm rồi (⁠ ⁠⚈̥̥̥̥̥́⁠⌢⁠⚈̥̥̥̥̥̀⁠),4,com.dts.freefireth
game vui hay hướng dẫn chi tiết,5,com.dts.freefireth
mún game về năm 2019😙,5,com.dts.freefireth
"game như cái qq ghép team không có đồng đều , chơi như c sơ hở là nó co giật liên hồi không chơi nổi , team người ta thì hay còn team mình như cái tả què , không lắng nghe ý kiến của người chơi gì hết vậy , cập nhật xong là nó lỗi hoài không có chơi được",2,com.dts.freefireth
game thì đc mà phần lỗi thì cũng có nha tự nhiên nó khóa tử chiến vs st ko cho t chs nên sữa lỗi này,4,com.dts.freefireth
bắn súng Sinh tồn,4,com.dts.freefireth
gem hay quá ah ơi có điều nó hơi Lg cho ah gà 10🥰,5,com.dts.freefireth
hay,5,com.dts.freefireth
hay,5,com.dts.freefireth
hay,5,com.dts.freefireth
Gemma ff rất hai 5 sao luôn,5,com.dts.freefireth
tui mún hỏi tại sao khẩu mp5 lại bắn hết sọt 100% vậy có huy hiệu ko??,4,com.dts.freefireth
game toàn hack nhưng hay:)),4,com.dts.freefireth
đang chơi vô geam lại thấy bay ac,1,com.dts.freefireth
tôi bị lừa đảo trong roblox nên tôi phải chơi anh bạn anh bạn rất hay và tôi không nghĩ anh bạn tôi có thể bắn hay đến đấy,5,com.dts.freefireth
1 sao,1,com.dts.freefireth
game lỗi quá trời,1,com.dts.freefireth
yêu cầu xóa cái lựa chọn bản đồ ngẫu nhiên ik,1,com.dts.freefireth
hay,5,com.dts.freefireth
ak gà ơi sao em lại không vào được nữa ak giúp em với ạ,5,com.dts.freefireth
chơi thì hay nhưng toàn gặp bọn bắn người chứ ko headshot nên chả vui tí nào,5,com.dts.freefireth
game hay nhưng hơi hút máu =)))),5,com.dts.freefireth
rất tốt tất tuyệt vời,5,com.dts.freefireth
game hay và chijj,5,com.dts.freefireth
vui,5,com.dts.freefireth
chs rât vui,5,com.dts.freefireth
rất là vui vàthú vị,5,com.dts.freefireth
vì nó khá hay,5,com.dts.freefireth
game lo vãi do là lắc,5,com.dts.freefireth
geam không cho tải tử chiến với sinh tồn mong gaem sem lại tui chỉ cho nhiêu đó thoi. Tui trơi gaem này lau ròi nhưng trưa tháy tr hợp nay . Mà còn bị lỗi chơi k được sinh tồn và tử chiến mong làm lại,1,com.dts.freefireth
gem toàn ghép với rát ngáo à,1,com.dts.freefireth
10 điểm,5,com.dts.freefireth
ff số 1,5,com.dts.freefireth
tôi đã chơi free fire đc 2 năm r cho nên nếu nói về AK rồng xanh thì ai cũng biết game chơi rất hay và mượt nhưng lâu lâu hơi lag mong garena chỉnh sửa lại ạ 🥰,5,com.dts.freefireth
rất vui,5,com.dts.freefireth
game ghép cặc,1,com.dts.freefireth
chê:)),1,com.dts.freefireth
game trẻ trâu,1,com.dts.freefireth
rất hay,5,com.dts.freefireth
giải trí,5,com.dts.freefireth
game vui giải Trí,5,com.dts.freefireth
game này vui lắm ước được anh gà cho kim cương,5,com.dts.freefireth
vui,5,com.dts.freefireth
hay,5,com.dts.freefireth
"rất hay ""10 điểm luôn""",5,com.dts.freefireth
rất vui,5,com.dts.freefireth
hay,5,com.dts.freefireth
vừa hay vừa có thể chơi được cùng nhau vui nha,5,com.dts.freefireth
hơi nhieu hach,5,com.dts.freefireth
Rât hây nhuwlac,5,com.dts.freefireth
cấm chat thì chịu,3,com.dts.freefireth
Ko trình vậy thôi 😥,1,com.dts.freefireth
game rác toàn ghép cho bọn tật não,1,com.dts.freefireth
"Free Fire seems to be looking down on its players! Why does it feel like, during matches, the enemies are actually controlled by the developers' machines fighting against real players? If that's the case, then it doesn’t seem right for Free Fire. Good luck.",5,com.dts.freefireth
chơi vui có nhiều phần thưởng,5,com.dts.freefireth
ok,5,com.dts.freefireth
vui,5,com.dts.freefireth
rất hay,5,com.dts.freefireth
k vô dc cứ kêu lỗi kết nối mạng k thể đăng nhập,1,com.dts.freefireth
cảm ơn gì đã lấy lại acc cho tui,5,com.dts.freefireth
không vào trận đượ làm mất uy tính tôi sẽ xóa game đồng thời cho mọi người khác biết mà đánh giá 1 sao,1,com.dts.freefireth
Hay Garena tuyệt vời nhất,5,com.dts.freefireth
hay nhưng mà ko hay bằng xưa nx rồi 😮‍💨,5,com.dts.freefireth
game rác tắt tự động tải rồi vẫn tải cho= được rác thì mãi là rác,1,com.dts.freefireth
anh gà ơi thoát game có bj trừ ủy tín ko,5,com.dts.freefireth
Đỉnh đồ hoạ đẹp xỉu,5,com.dts.freefireth
choi rat vui,5,com.dts.freefireth
lỗi bản đồ đồ đảo quân sự không tải được map,2,com.dts.freefireth
game lỗi quá súng dame to bán ảo quá 🥲(ý kiến riêng kệ me bọn m to6),1,com.dts.freefireth
ghép trận ngu,1,com.dts.freefireth
game hay,5,com.dts.freefireth
tôi thấy hơi lag,5,com.dts.freefireth
very good,5,com.dts.freefireth
game ngu nhất t từng biết,1,com.dts.freefireth
rất là phê,5,com.dts.freefireth
tốt,5,com.dts.freefireth
game như cak mẹ mua nạp đống zô vẫn đ đủ,1,com.dts.freefireth
rất hay,5,com.dts.freefireth
hay,5,com.dts.freefireth
như lol,1,com.dts.freefireth
game óc ko hack cũng ban chịu game óc,1,com.dts.freefireth
vui,5,com.dts.freefireth
gem phải có trình hehe,5,com.dts.freefireth
5 sao,5,com.dts.freefireth
tốt,5,com.dts.freefireth
rất hay và vui,5,com.dts.freefireth
vui,4,com.dts.freefireth
anh gà ơi tại sao Em hack lại không ban. nhưng không hack lại ban ???😭,3,com.dts.freefireth
rác điên,5,com.dts.freefireth
chơi vui lên thử,5,com.dts.freefireth
chơi hay vãiiiii,5,com.dts.freefireth
free fire 5sao,5,com.dts.freefireth
"hay,tuyệt",5,com.dts.freefireth
game rất hay và cũng là 1 phần tuổi thơ của tôi,5,com.dts.freefireth
tôi muốn tải được,5,com.dts.freefireth
hay,5,com.dts.freefireth
game nài rất hay,5,com.dts.freefireth
game như ** đang chơi cứ bị muỗi đốt với nóng máy,1,com.dts.freefireth
mọi khi thì vào được và hoàn toàn bình thường nhưng lại có lúc chẳng vào được và luôn là lỗi máy chủ,1,com.dts.freefireth
game chx làm j cx bị ban chịu tht,1,com.dts.freefireth
quá hay nhưng mà mạp kc nhiều là nghiện,5,com.dts.freefireth
Free fire hay quá có nhiều sự kiện xịn sò nữa,5,com.dts.freefireth
game kó wá ming gà phát hằng dảm độ kó nại 👉👈😊🙈🙈🙈🙈👍👍👍👍👍👍👍👍👍👍👍👍👍👍👍👍👾👾👾👾👾👾👾👾👾👾👾👾👾👾👾😘😘😘😘😘😘😘😘😘😘😘😘😘😘🗿🥀🥀🥀🥀🥀🥀🥀🥀🥀🥀,4,com.dts.freefireth
game quá hay xứng đáng 10 điển,5,com.dts.freefireth
không hiểu anh gà ghép kiểu gì mà huyền thoại đồng đội bắn như rank vàng trận nào hầu như cũng gặp,1,com.dts.freefireth
nó do nac may,5,com.dts.freefireth
rubish,1,com.dts.freefireth
bắn thì cho roàn rem ngu,1,com.dts.freefireth
game hay nhưng toàn trẻ trâu với lại đồng nội không ra kiếu cứ nào vào bắng địch game toàn mấy thằng thích thể hiện đã gà r cứ thể hiện,2,com.dts.freefireth
mọe hay vaz,5,com.dts.freefireth
rất vui khi chơi game này,5,com.dts.freefireth
game hay bị lỗi,4,com.dts.freefireth
phan thiet ke ban so rat hay,5,com.dts.freefireth
